cohort_id,path,case_id,class_name,true_class,model,fold,cohort_stratum,seed_count,correct_rate_across_seeds,all_seeds_correct,any_seed_incorrect,modal_prediction_agreement,pairwise_prediction_agreement,mean_predicted_class_spearman_same_prediction,mean_common_true_class_spearman
00fdaf01f42318eb,Colorectal Histology MNIST/Kather_texture_2016_image_tiles_5000/Kather_texture_2016_image_tiles_5000/03_COMPLEX/10BA2_CRC-Prim-HE-09_028.tif_Row_1_Col_151.tif,CRC-Prim-HE-09,03_COMPLEX,2,UNI,8,incorrect_any_model,10,0.2,False,True,0.8,0.6444444444444445,0.9242608158264183,0.8757550595404112
0182d47bc6239a0a,Colorectal Histology MNIST/Kather_texture_2016_image_tiles_5000/Kather_texture_2016_image_tiles_5000/04_LYMPHO/5945_CRC-Prim-HE-10c.tif_Row_1_Col_151.tif,CRC-Prim-HE-10,04_LYMPHO,3,UNI,9,correct_high_confidence,10,1.0,True,False,1.0,1.0,0.8550340224596934,0.8550340224596934
055885cb26f57d55,Colorectal Histology MNIST/Kather_texture_2016_image_tiles_5000/Kather_texture_2016_image_tiles_5000/05_DEBRIS/10713_CRC-Prim-HE-09_004.tif_Row_301_Col_1.tif,CRC-Prim-HE-09,05_DEBRIS,4,UNI,8,incorrect_any_model,10,1.0,True,False,1.0,1.0,0.8939503683811154,0.8939503683811154
0563036f6d233d97,Colorectal Histology MNIST/Kather_texture_2016_image_tiles_5000/Kather_texture_2016_image_tiles_5000/04_LYMPHO/58BD_CRC-Prim-HE-08_011.tif_Row_301_Col_1.tif,CRC-Prim-HE-08,04_LYMPHO,3,UNI,7,correct_high_confidence,10,1.0,True,False,1.0,1.0,0.8932403282802124,0.8932403282802124
05911fcf995a92b8,Colorectal Histology MNIST/Kather_texture_2016_image_tiles_5000/Kather_texture_2016_image_tiles_5000/08_EMPTY/145CC_CRC-Prim-HE-06_005.tif_Row_4351_Col_6151.tif,CRC-Prim-HE-06,08_EMPTY,7,UNI,5,incorrect_any_model,10,0.0,False,True,1.0,1.0,0.9252241852096819,0.967862504106159
05ec55e971259ba8,Colorectal Histology MNIST/Kather_texture_2016_image_tiles_5000/Kather_texture_2016_image_tiles_5000/04_LYMPHO/8D82_CRC-Prim-HE-01_005.tif_Row_301_Col_601.tif,CRC-Prim-HE-01,04_LYMPHO,3,UNI,0,correct_high_confidence,10,1.0,True,False,1.0,1.0,0.9550365547754961,0.9550365547754961
061bb79d23160ee1,Colorectal Histology MNIST/Kather_texture_2016_image_tiles_5000/Kather_texture_2016_image_tiles_5000/03_COMPLEX/659E_CRC-Prim-HE-06_028.tif_Row_151_Col_601.tif,CRC-Prim-HE-06,03_COMPLEX,2,UNI,5,incorrect_any_model,10,0.1,False,True,0.9,0.8,0.8654275142309951,0.9081272285043134
08b7807e7f30af2b,Colorectal Histology MNIST/Kather_texture_2016_image_tiles_5000/Kather_texture_2016_image_tiles_5000/02_STROMA/115D2_CRC-Prim-HE-03_013.tif_Row_1_Col_1.tif,CRC-Prim-HE-03,02_STROMA,1,UNI,2,correct_low_confidence,10,0.7,False,True,0.7,0.5333333333333333,0.9527682373222621,0.9399695590848599
09ada73a877f5a27,Colorectal Histology MNIST/Kather_texture_2016_image_tiles_5000/Kather_texture_2016_image_tiles_5000/02_STROMA/13E36_CRC-Prim-HE-09_017.tif_Row_151_Col_601.tif,CRC-Prim-HE-09,02_STROMA,1,UNI,8,incorrect_any_model,10,0.0,False,True,1.0,1.0,0.8849484992487169,0.9192614137936836
0b7d64730d5c0c8d,Colorectal Histology MNIST/Kather_texture_2016_image_tiles_5000/Kather_texture_2016_image_tiles_5000/01_TUMOR/5552_CRC-Prim-HE-02_003b.tif_Row_1_Col_151.tif,CRC-Prim-HE-02,01_TUMOR,0,UNI,1,incorrect_any_model,10,1.0,True,False,1.0,1.0,0.9120445970917329,0.9120445970917329
0bc72ae533aca28d,Colorectal Histology MNIST/Kather_texture_2016_image_tiles_5000/Kather_texture_2016_image_tiles_5000/01_TUMOR/63B5_CRC-Prim-HE-04_029.tif_Row_301_Col_151.tif,CRC-Prim-HE-04,01_TUMOR,0,UNI,3,incorrect_any_model,10,0.0,False,True,1.0,1.0,0.9458855092212599,0.9357445583986558
0c403259b484b95d,Colorectal Histology MNIST/Kather_texture_2016_image_tiles_5000/Kather_texture_2016_image_tiles_5000/06_MUCOSA/1AFF_CRC-Prim-HE-09_001.tif_Row_451_Col_151.tif,CRC-Prim-HE-09,06_MUCOSA,5,UNI,8,correct_high_confidence,10,1.0,True,False,1.0,1.0,0.857265222892489,0.857265222892489
0dd68f6af37c415e,Colorectal Histology MNIST/Kather_texture_2016_image_tiles_5000/Kather_texture_2016_image_tiles_5000/04_LYMPHO/F864_CRC-Prim-HE-10_011.tif_Row_1_Col_151.tif,CRC-Prim-HE-10,04_LYMPHO,3,UNI,9,incorrect_any_model,10,0.0,False,True,1.0,1.0,0.8629061245740003,0.8432318370534472
0e568ddc977738b6,Colorectal Histology MNIST/Kather_texture_2016_image_tiles_5000/Kather_texture_2016_image_tiles_5000/08_EMPTY/1386A_CRC-Prim-HE-06_005.tif_Row_5101_Col_6751.tif,CRC-Prim-HE-06,08_EMPTY,7,UNI,5,incorrect_any_model,10,0.1,False,True,0.9,0.8,0.9269333478543051,0.964288680459819
0fd1929553a3bc9a,Colorectal Histology MNIST/Kather_texture_2016_image_tiles_5000/Kather_texture_2016_image_tiles_5000/01_TUMOR/77AC_CRC-Prim-HE-06_025.tif_Row_301_Col_151.tif,CRC-Prim-HE-06,01_TUMOR,0,UNI,5,correct_low_confidence,10,1.0,True,False,1.0,1.0,0.9031370434416122,0.9031370434416122
10614386a7d0aba7,Colorectal Histology MNIST/Kather_texture_2016_image_tiles_5000/Kather_texture_2016_image_tiles_5000/04_LYMPHO/16837_CRC-Prim-HE-06.tif_Row_301_Col_451.tif,CRC-Prim-HE-06,04_LYMPHO,3,UNI,5,correct_high_confidence,10,1.0,True,False,1.0,1.0,0.834424442691303,0.834424442691303
114823381141834d,Colorectal Histology MNIST/Kather_texture_2016_image_tiles_5000/Kather_texture_2016_image_tiles_5000/02_STROMA/12148_CRC-Prim-HE-05_002b.tif_Row_1501_Col_451.tif,CRC-Prim-HE-05,02_STROMA,1,UNI,4,incorrect_any_model,10,1.0,True,False,1.0,1.0,0.951635884862861,0.951635884862861
11f56476dad8a712,Colorectal Histology MNIST/Kather_texture_2016_image_tiles_5000/Kather_texture_2016_image_tiles_5000/08_EMPTY/12F90_CRC-Prim-HE-10_026.tif_Row_2101_Col_451.tif,CRC-Prim-HE-10,08_EMPTY,7,UNI,9,correct_high_confidence,10,1.0,True,False,1.0,1.0,0.9749401319814663,0.9749401319814663
1289f7a4e7da9a8c,Colorectal Histology MNIST/Kather_texture_2016_image_tiles_5000/Kather_texture_2016_image_tiles_5000/02_STROMA/1194D_CRC-Prim-HE-08_018.tif_Row_301_Col_1.tif,CRC-Prim-HE-08,02_STROMA,1,UNI,7,correct_high_confidence,10,1.0,True,False,1.0,1.0,0.9732630659969312,0.9732630659969312
12c2dfb57f91416f,Colorectal Histology MNIST/Kather_texture_2016_image_tiles_5000/Kather_texture_2016_image_tiles_5000/04_LYMPHO/D948_CRC-Prim-HE-09_006.tif_Row_1_Col_151.tif,CRC-Prim-HE-09,04_LYMPHO,3,UNI,8,incorrect_any_model,10,0.0,False,True,1.0,1.0,0.9101242517051078,0.9233409214264908
13605a3e685f4114,Colorectal Histology MNIST/Kather_texture_2016_image_tiles_5000/Kather_texture_2016_image_tiles_5000/02_STROMA/12164_CRC-Prim-HE-03_003.tif_Row_901_Col_301.tif,CRC-Prim-HE-03,02_STROMA,1,UNI,2,incorrect_any_model,10,0.0,False,True,1.0,1.0,0.9453288247486942,0.9167342334564961
14f9264218a7b1c7,Colorectal Histology MNIST/Kather_texture_2016_image_tiles_5000/Kather_texture_2016_image_tiles_5000/08_EMPTY/130E5_CRC-Prim-HE-10_026.tif_Row_1801_Col_451.tif,CRC-Prim-HE-10,08_EMPTY,7,UNI,9,correct_low_confidence,10,1.0,True,False,1.0,1.0,0.9925327850781082,0.9925327850781082
1561a0129380bfdd,Colorectal Histology MNIST/Kather_texture_2016_image_tiles_5000/Kather_texture_2016_image_tiles_5000/05_DEBRIS/521A_CRC-Prim-HE-07_002.tif_Row_1051_Col_751.tif,CRC-Prim-HE-07,05_DEBRIS,4,UNI,6,incorrect_any_model,10,0.0,False,True,1.0,1.0,0.9142024134917537,0.8670367035269139
15a838224d91aacd,Colorectal Histology MNIST/Kather_texture_2016_image_tiles_5000/Kather_texture_2016_image_tiles_5000/03_COMPLEX/11996_CRC-Prim-HE-07_013.tif_Row_1_Col_301.tif,CRC-Prim-HE-07,03_COMPLEX,2,UNI,6,correct_high_confidence,10,1.0,True,False,1.0,1.0,0.8822978552347659,0.8822978552347659
1619c7f77e7ca100,Colorectal Histology MNIST/Kather_texture_2016_image_tiles_5000/Kather_texture_2016_image_tiles_5000/02_STROMA/12A26_CRC-Prim-HE-10_019.tif_Row_1_Col_1651.tif,CRC-Prim-HE-10,02_STROMA,1,UNI,9,correct_high_confidence,10,1.0,True,False,1.0,1.0,0.9244002440231592,0.9244002440231592
1646784e13982634,Colorectal Histology MNIST/Kather_texture_2016_image_tiles_5000/Kather_texture_2016_image_tiles_5000/05_DEBRIS/66D8_CRC-Prim-HE-05_031.tif_Row_1_Col_1201.tif,CRC-Prim-HE-05,05_DEBRIS,4,UNI,4,correct_low_confidence,10,1.0,True,False,1.0,1.0,0.9618729574349592,0.9618729574349592
18374116b0bc583b,Colorectal Histology MNIST/Kather_texture_2016_image_tiles_5000/Kather_texture_2016_image_tiles_5000/03_COMPLEX/13EB7_CRC-Prim-HE-03_025.tif_Row_151_Col_751.tif,CRC-Prim-HE-03,03_COMPLEX,2,UNI,2,correct_high_confidence,10,1.0,True,False,1.0,1.0,0.8696694973707303,0.8696694973707303
189f3e0c766af40b,Colorectal Histology MNIST/Kather_texture_2016_image_tiles_5000/Kather_texture_2016_image_tiles_5000/06_MUCOSA/121DB_CRC-Prim-HE-06_035.tif_Row_1051_Col_451.tif,CRC-Prim-HE-06,06_MUCOSA,5,UNI,5,incorrect_any_model,10,1.0,True,False,1.0,1.0,0.9078353569724129,0.9078353569724129
18bb356ffc655fde,Colorectal Histology MNIST/Kather_texture_2016_image_tiles_5000/Kather_texture_2016_image_tiles_5000/05_DEBRIS/2D5A_CRC-Prim-HE-01_023.tif_Row_1_Col_301.tif,CRC-Prim-HE-01,05_DEBRIS,4,UNI,0,correct_high_confidence,10,1.0,True,False,1.0,1.0,0.9618128901957765,0.9618128901957765
18bcccb79b01c4e5,Colorectal Histology MNIST/Kather_texture_2016_image_tiles_5000/Kather_texture_2016_image_tiles_5000/02_STROMA/111EB_CRC-Prim-HE-04_013.tif_Row_2551_Col_901.tif,CRC-Prim-HE-04,02_STROMA,1,UNI,3,correct_low_confidence,10,0.2,False,True,0.8,0.6444444444444445,0.9633869818511364,0.9419147317914541
195af23f96ac85e4,Colorectal Histology MNIST/Kather_texture_2016_image_tiles_5000/Kather_texture_2016_image_tiles_5000/04_LYMPHO/7CAA_CRC-Prim-HE-10c.tif_Row_151_Col_151.tif,CRC-Prim-HE-10,04_LYMPHO,3,UNI,9,correct_low_confidence,10,1.0,True,False,1.0,1.0,0.8537752667121775,0.8537752667121775
19ee7b96b3ac6128,Colorectal Histology MNIST/Kather_texture_2016_image_tiles_5000/Kather_texture_2016_image_tiles_5000/02_STROMA/1082A_CRC-Prim-HE-09.tif_Row_451_Col_1501.tif,CRC-Prim-HE-09,02_STROMA,1,UNI,8,correct_high_confidence,10,1.0,True,False,1.0,1.0,0.9701535592761118,0.9701535592761118
1a44a2f69fce97f0,Colorectal Histology MNIST/Kather_texture_2016_image_tiles_5000/Kather_texture_2016_image_tiles_5000/05_DEBRIS/5E20_CRC-Prim-HE-08_023.tif_Row_751_Col_1051.tif,CRC-Prim-HE-08,05_DEBRIS,4,UNI,7,incorrect_any_model,10,0.0,False,True,1.0,1.0,0.9564958061839862,0.9478042962596989
1b61e3f45d1b6f75,Colorectal Histology MNIST/Kather_texture_2016_image_tiles_5000/Kather_texture_2016_image_tiles_5000/02_STROMA/11923_CRC-Prim-HE-06_002.tif_Row_601_Col_1.tif,CRC-Prim-HE-06,02_STROMA,1,UNI,5,correct_high_confidence,10,1.0,True,False,1.0,1.0,0.927047133834661,0.927047133834661
1badba67a72ab5b8,Colorectal Histology MNIST/Kather_texture_2016_image_tiles_5000/Kather_texture_2016_image_tiles_5000/02_STROMA/13702_CRC-Prim-HE-07_009.tif_Row_1_Col_1.tif,CRC-Prim-HE-07,02_STROMA,1,UNI,6,incorrect_any_model,10,0.0,False,True,1.0,1.0,0.878208076670731,0.9066725813063741
1d514ba294e8641b,Colorectal Histology MNIST/Kather_texture_2016_image_tiles_5000/Kather_texture_2016_image_tiles_5000/02_STROMA/107BD_CRC-Prim-HE-02_015.tif_Row_451_Col_1.tif,CRC-Prim-HE-02,02_STROMA,1,UNI,1,incorrect_any_model,10,0.0,False,True,1.0,1.0,0.9216716825998914,0.9361223161658261
1d9ef80c2277cb86,Colorectal Histology MNIST/Kather_texture_2016_image_tiles_5000/Kather_texture_2016_image_tiles_5000/02_STROMA/12FA4_CRC-Prim-HE-04_013.tif_Row_1351_Col_1.tif,CRC-Prim-HE-04,02_STROMA,1,UNI,3,incorrect_any_model,10,0.0,False,True,1.0,1.0,0.9620152629579751,0.9623418785710304
1e5be0d9c81038ee,Colorectal Histology MNIST/Kather_texture_2016_image_tiles_5000/Kather_texture_2016_image_tiles_5000/07_ADIPOSE/10808_CRC-Prim-HE-05_032.tif_Row_151_Col_4501.tif,CRC-Prim-HE-05,07_ADIPOSE,6,UNI,4,incorrect_any_model,10,0.0,False,True,1.0,1.0,0.9679296193291843,0.9662345969235021
1f9ab30ffaf6915d,Colorectal Histology MNIST/Kather_texture_2016_image_tiles_5000/Kather_texture_2016_image_tiles_5000/06_MUCOSA/18432_CRC-Prim-HE-07_001.tif_Row_1_Col_2251.tif,CRC-Prim-HE-07,06_MUCOSA,5,UNI,6,correct_high_confidence,10,1.0,True,False,1.0,1.0,0.8960790011696468,0.8960790011696468
2096314873b53cb1,Colorectal Histology MNIST/Kather_texture_2016_image_tiles_5000/Kather_texture_2016_image_tiles_5000/08_EMPTY/11C0B_CRC-Prim-HE-10_026.tif_Row_3601_Col_151.tif,CRC-Prim-HE-10,08_EMPTY,7,UNI,9,correct_low_confidence,10,1.0,True,False,1.0,1.0,0.9446909999194266,0.9446909999194266
220af0321b7b1fc9,Colorectal Histology MNIST/Kather_texture_2016_image_tiles_5000/Kather_texture_2016_image_tiles_5000/01_TUMOR/85AC_CRC-Prim-HE-05_006.tif_Row_301_Col_151.tif,CRC-Prim-HE-05,01_TUMOR,0,UNI,4,correct_high_confidence,10,1.0,True,False,1.0,1.0,0.9314822990239959,0.9314822990239959
227c6ddda5d22af7,Colorectal Histology MNIST/Kather_texture_2016_image_tiles_5000/Kather_texture_2016_image_tiles_5000/08_EMPTY/13A5B_CRC-Prim-HE-10_026.tif_Row_1651_Col_451.tif,CRC-Prim-HE-10,08_EMPTY,7,UNI,9,correct_high_confidence,10,1.0,True,False,1.0,1.0,0.977224351669602,0.977224351669602
23322506a3beae96,Colorectal Histology MNIST/Kather_texture_2016_image_tiles_5000/Kather_texture_2016_image_tiles_5000/03_COMPLEX/15860_CRC-Prim-HE-06_030.tif_Row_151_Col_751.tif,CRC-Prim-HE-06,03_COMPLEX,2,UNI,5,correct_high_confidence,10,1.0,True,False,1.0,1.0,0.8479938657748666,0.8479938657748666
236ad1ab9a20afc1,Colorectal Histology MNIST/Kather_texture_2016_image_tiles_5000/Kather_texture_2016_image_tiles_5000/06_MUCOSA/1633C_CRC-Prim-HE-03_006.tif_Row_1801_Col_301.tif,CRC-Prim-HE-03,06_MUCOSA,5,UNI,2,incorrect_any_model,10,1.0,True,False,1.0,1.0,0.9588769622127128,0.9588769622127128
238d665311e5cf5f,Colorectal Histology MNIST/Kather_texture_2016_image_tiles_5000/Kather_texture_2016_image_tiles_5000/06_MUCOSA/16A10_CRC-Prim-HE-08_022.tif_Row_751_Col_2101.tif,CRC-Prim-HE-08,06_MUCOSA,5,UNI,7,correct_high_confidence,10,1.0,True,False,1.0,1.0,0.9237182896066145,0.9237182896066145
23c05114b1f1297a,Colorectal Histology MNIST/Kather_texture_2016_image_tiles_5000/Kather_texture_2016_image_tiles_5000/02_STROMA/10EF2_CRC-Prim-HE-06_002.tif_Row_301_Col_1801.tif,CRC-Prim-HE-06,02_STROMA,1,UNI,5,correct_high_confidence,10,1.0,True,False,1.0,1.0,0.9601316450047417,0.9601316450047417
247d9532da3fb9b6,Colorectal Histology MNIST/Kather_texture_2016_image_tiles_5000/Kather_texture_2016_image_tiles_5000/06_MUCOSA/16D2F_CRC-Prim-HE-06_033.tif_Row_901_Col_1.tif,CRC-Prim-HE-06,06_MUCOSA,5,UNI,5,correct_high_confidence,10,1.0,True,False,1.0,1.0,0.8737844220077725,0.8737844220077725
24d54f21e514ed2f,Colorectal Histology MNIST/Kather_texture_2016_image_tiles_5000/Kather_texture_2016_image_tiles_5000/02_STROMA/11F8B_CRC-Prim-HE-10_019.tif_Row_901_Col_751.tif,CRC-Prim-HE-10,02_STROMA,1,UNI,9,correct_low_confidence,10,1.0,True,False,1.0,1.0,0.9056631966856767,0.9056631966856767
24dee988a31df0a8,Colorectal Histology MNIST/Kather_texture_2016_image_tiles_5000/Kather_texture_2016_image_tiles_5000/04_LYMPHO/15668_CRC-Prim-HE-01_004.tif_Row_601_Col_1201.tif,CRC-Prim-HE-01,04_LYMPHO,3,UNI,0,incorrect_any_model,10,1.0,True,False,1.0,1.0,0.9625996435278527,0.9625996435278527
25242e5434b80cea,Colorectal Histology MNIST/Kather_texture_2016_image_tiles_5000/Kather_texture_2016_image_tiles_5000/06_MUCOSA/2E01_CRC-Prim-HE-07_001.tif_Row_901_Col_301.tif,CRC-Prim-HE-07,06_MUCOSA,5,UNI,6,correct_high_confidence,10,1.0,True,False,1.0,1.0,0.9161748927086131,0.9161748927086131
274ca0978c294e96,Colorectal Histology MNIST/Kather_texture_2016_image_tiles_5000/Kather_texture_2016_image_tiles_5000/02_STROMA/13EE5_CRC-Prim-HE-06_034.tif_Row_751_Col_151.tif,CRC-Prim-HE-06,02_STROMA,1,UNI,5,incorrect_any_model,10,0.2,False,True,0.8,0.6444444444444445,0.8946304127219832,0.8903267484268208
27f648e660bb6150,Colorectal Histology MNIST/Kather_texture_2016_image_tiles_5000/Kather_texture_2016_image_tiles_5000/07_ADIPOSE/16041_CRC-Prim-HE-07.tif_Row_1201_Col_151.tif,CRC-Prim-HE-07,07_ADIPOSE,6,UNI,6,correct_low_confidence,10,1.0,True,False,1.0,1.0,0.9793054902554541,0.9793054902554541
290bb19ac8108af9,Colorectal Histology MNIST/Kather_texture_2016_image_tiles_5000/Kather_texture_2016_image_tiles_5000/04_LYMPHO/17C5B_CRC-Prim-HE-02_012.tif_Row_451_Col_151.tif,CRC-Prim-HE-02,04_LYMPHO,3,UNI,1,correct_low_confidence,10,0.6,False,True,0.6,0.4666666666666667,0.8697998572441753,0.8713357611689738
292fc6c44026188d,Colorectal Histology MNIST/Kather_texture_2016_image_tiles_5000/Kather_texture_2016_image_tiles_5000/08_EMPTY/10D78_CRC-Prim-HE-06_005.tif_Row_5251_Col_7801.tif,CRC-Prim-HE-06,08_EMPTY,7,UNI,5,incorrect_any_model,10,0.2,False,True,0.8,0.6444444444444445,0.9143938155315716,0.9821536549020234
2972f8fbf2a19801,Colorectal Histology MNIST/Kather_texture_2016_image_tiles_5000/Kather_texture_2016_image_tiles_5000/07_ADIPOSE/160A4_CRC-Prim-HE-05_032.tif_Row_1051_Col_4951.tif,CRC-Prim-HE-05,07_ADIPOSE,6,UNI,4,correct_high_confidence,10,1.0,True,False,1.0,1.0,0.9724752501547282,0.9724752501547282
2a6c73dfb8b3978d,Colorectal Histology MNIST/Kather_texture_2016_image_tiles_5000/Kather_texture_2016_image_tiles_5000/07_ADIPOSE/16A20_CRC-Prim-HE-05_032.tif_Row_151_Col_3901.tif,CRC-Prim-HE-05,07_ADIPOSE,6,UNI,4,correct_high_confidence,10,1.0,True,False,1.0,1.0,0.9690157880150628,0.9690157880150628
2a78951b8bccd520,Colorectal Histology MNIST/Kather_texture_2016_image_tiles_5000/Kather_texture_2016_image_tiles_5000/02_STROMA/11FF3_CRC-Prim-HE-08_018.tif_Row_301_Col_451.tif,CRC-Prim-HE-08,02_STROMA,1,UNI,7,correct_high_confidence,10,1.0,True,False,1.0,1.0,0.9652123205132634,0.9652123205132634
2bcf837c4e8f8d5b,Colorectal Histology MNIST/Kather_texture_2016_image_tiles_5000/Kather_texture_2016_image_tiles_5000/05_DEBRIS/225B_CRC-Prim-HE-05_031.tif_Row_151_Col_151.tif,CRC-Prim-HE-05,05_DEBRIS,4,UNI,4,correct_high_confidence,10,1.0,True,False,1.0,1.0,0.9668540049105677,0.9668540049105677
2e3594a7d7c7df9e,Colorectal Histology MNIST/Kather_texture_2016_image_tiles_5000/Kather_texture_2016_image_tiles_5000/04_LYMPHO/1631D_CRC-Prim-HE-04_031.tif_Row_1_Col_151.tif,CRC-Prim-HE-04,04_LYMPHO,3,UNI,3,correct_low_confidence,10,1.0,True,False,1.0,1.0,0.9695964143824914,0.9695964143824914
312072231220d986,Colorectal Histology MNIST/Kather_texture_2016_image_tiles_5000/Kather_texture_2016_image_tiles_5000/03_COMPLEX/18D6_CRC-Prim-HE-09_016.tif_Row_1_Col_751.tif,CRC-Prim-HE-09,03_COMPLEX,2,UNI,8,correct_low_confidence,10,0.9,False,True,0.9,0.8,0.8367239232809616,0.8299818722506278
32bde1c820d8de33,Colorectal Histology MNIST/Kather_texture_2016_image_tiles_5000/Kather_texture_2016_image_tiles_5000/08_EMPTY/12EA4_CRC-Prim-HE-06_005.tif_Row_4201_Col_7351.tif,CRC-Prim-HE-06,08_EMPTY,7,UNI,5,correct_high_confidence,10,1.0,True,False,1.0,1.0,0.9561403611294839,0.9561403611294839
32eb03f4783f1cd8,Colorectal Histology MNIST/Kather_texture_2016_image_tiles_5000/Kather_texture_2016_image_tiles_5000/01_TUMOR/1733E_CRC-Prim-HE-07.tif_Row_451_Col_301.tif,CRC-Prim-HE-07,01_TUMOR,0,UNI,6,incorrect_any_model,10,1.0,True,False,1.0,1.0,0.9154550066805325,0.9154550066805325
3461675807569ebd,Colorectal Histology MNIST/Kather_texture_2016_image_tiles_5000/Kather_texture_2016_image_tiles_5000/02_STROMA/10625_CRC-Prim-HE-05_009b.tif_Row_151_Col_1501.tif,CRC-Prim-HE-05,02_STROMA,1,UNI,4,correct_low_confidence,10,1.0,True,False,1.0,1.0,0.8715841760366781,0.8715841760366781
36d16120094f3565,Colorectal Histology MNIST/Kather_texture_2016_image_tiles_5000/Kather_texture_2016_image_tiles_5000/08_EMPTY/15134_CRC-Prim-HE-10_026.tif_Row_4651_Col_601.tif,CRC-Prim-HE-10,08_EMPTY,7,UNI,9,correct_high_confidence,10,1.0,True,False,1.0,1.0,0.9439603825390629,0.9439603825390629
3757a745ffe453db,Colorectal Histology MNIST/Kather_texture_2016_image_tiles_5000/Kather_texture_2016_image_tiles_5000/04_LYMPHO/10B3B_CRC-Prim-HE-05_028.tif_Row_151_Col_151.tif,CRC-Prim-HE-05,04_LYMPHO,3,UNI,4,incorrect_any_model,10,0.0,False,True,1.0,1.0,0.9248577963008711,0.9253117714611552
37a5ac2201acb4df,Colorectal Histology MNIST/Kather_texture_2016_image_tiles_5000/Kather_texture_2016_image_tiles_5000/07_ADIPOSE/1555E_CRC-Prim-HE-03_012.tif_Row_2401_Col_451.tif,CRC-Prim-HE-03,07_ADIPOSE,6,UNI,2,correct_high_confidence,10,1.0,True,False,1.0,1.0,0.9861358011901886,0.9861358011901886
39f8deff00e87441,Colorectal Histology MNIST/Kather_texture_2016_image_tiles_5000/Kather_texture_2016_image_tiles_5000/01_TUMOR/2D96_CRC-Prim-HE-04_032.tif_Row_601_Col_151.tif,CRC-Prim-HE-04,01_TUMOR,0,UNI,3,correct_high_confidence,10,1.0,True,False,1.0,1.0,0.9180330812528058,0.9180330812528058
3bb11e583afc1ccb,Colorectal Histology MNIST/Kather_texture_2016_image_tiles_5000/Kather_texture_2016_image_tiles_5000/04_LYMPHO/17BFA_CRC-Prim-HE-09_013.tif_Row_1_Col_1.tif,CRC-Prim-HE-09,04_LYMPHO,3,UNI,8,correct_high_confidence,10,1.0,True,False,1.0,1.0,0.9232926480497186,0.9232926480497186
3c7fb6617412736f,Colorectal Histology MNIST/Kather_texture_2016_image_tiles_5000/Kather_texture_2016_image_tiles_5000/01_TUMOR/16B00_CRC-Prim-HE-05_008.tif_Row_1_Col_451.tif,CRC-Prim-HE-05,01_TUMOR,0,UNI,4,correct_high_confidence,10,1.0,True,False,1.0,1.0,0.8471502327339893,0.8471502327339893
3ca77c8ff28c6a38,Colorectal Histology MNIST/Kather_texture_2016_image_tiles_5000/Kather_texture_2016_image_tiles_5000/04_LYMPHO/12102_CRC-Prim-HE-09_013.tif_Row_1_Col_151.tif,CRC-Prim-HE-09,04_LYMPHO,3,UNI,8,correct_high_confidence,10,1.0,True,False,1.0,1.0,0.9265174017023183,0.9265174017023183
3dbf0a1ef913a401,Colorectal Histology MNIST/Kather_texture_2016_image_tiles_5000/Kather_texture_2016_image_tiles_5000/04_LYMPHO/12243_CRC-Prim-HE-06.tif_Row_301_Col_151.tif,CRC-Prim-HE-06,04_LYMPHO,3,UNI,5,correct_low_confidence,10,1.0,True,False,1.0,1.0,0.8208534258425484,0.8208534258425484
3e98695c46510ed0,Colorectal Histology MNIST/Kather_texture_2016_image_tiles_5000/Kather_texture_2016_image_tiles_5000/07_ADIPOSE/12DB5_CRC-Prim-HE-06_004.tif_Row_1951_Col_2401.tif,CRC-Prim-HE-06,07_ADIPOSE,6,UNI,5,correct_high_confidence,10,1.0,True,False,1.0,1.0,0.9705120501929786,0.9705120501929786
3ead2e85ebb55c2b,Colorectal Histology MNIST/Kather_texture_2016_image_tiles_5000/Kather_texture_2016_image_tiles_5000/03_COMPLEX/6214_CRC-Prim-HE-02_006.tif_Row_151_Col_1.tif,CRC-Prim-HE-02,03_COMPLEX,2,UNI,1,incorrect_any_model,10,0.0,False,True,1.0,1.0,0.9019308465283811,0.8885420147494116
3f6fb6ab1f062c93,Colorectal Histology MNIST/Kather_texture_2016_image_tiles_5000/Kather_texture_2016_image_tiles_5000/03_COMPLEX/12FCD_CRC-Prim-HE-09_015.tif_Row_151_Col_301.tif,CRC-Prim-HE-09,03_COMPLEX,2,UNI,8,correct_high_confidence,10,1.0,True,False,1.0,1.0,0.9242418591802205,0.9242418591802205
41713f770826e98b,Colorectal Histology MNIST/Kather_texture_2016_image_tiles_5000/Kather_texture_2016_image_tiles_5000/07_ADIPOSE/131EA_CRC-Prim-HE-10_020.tif_Row_451_Col_601.tif,CRC-Prim-HE-10,07_ADIPOSE,6,UNI,9,incorrect_any_model,10,1.0,True,False,1.0,1.0,0.8899894368784868,0.8899894368784868
422c2fc907ade074,Colorectal Histology MNIST/Kather_texture_2016_image_tiles_5000/Kather_texture_2016_image_tiles_5000/01_TUMOR/68F1_CRC-Prim-HE-07.tif_Row_451_Col_901.tif,CRC-Prim-HE-07,01_TUMOR,0,UNI,6,correct_low_confidence,10,1.0,True,False,1.0,1.0,0.9099973879959377,0.9099973879959377
472807da8f0b9d8f,Colorectal Histology MNIST/Kather_texture_2016_image_tiles_5000/Kather_texture_2016_image_tiles_5000/05_DEBRIS/1155A_CRC-Prim-HE-04_020.tif_Row_301_Col_151.tif,CRC-Prim-HE-04,05_DEBRIS,4,UNI,3,correct_high_confidence,10,1.0,True,False,1.0,1.0,0.9510149539446134,0.9510149539446134
49f02bf56c581508,Colorectal Histology MNIST/Kather_texture_2016_image_tiles_5000/Kather_texture_2016_image_tiles_5000/08_EMPTY/11947_CRC-Prim-HE-06_005.tif_Row_4051_Col_4951.tif,CRC-Prim-HE-06,08_EMPTY,7,UNI,5,correct_high_confidence,10,1.0,True,False,1.0,1.0,0.9561153921414981,0.9561153921414981
4aad1550b23a673f,Colorectal Histology MNIST/Kather_texture_2016_image_tiles_5000/Kather_texture_2016_image_tiles_5000/03_COMPLEX/698F_CRC-Prim-HE-03_026.tif_Row_601_Col_151.tif,CRC-Prim-HE-03,03_COMPLEX,2,UNI,2,incorrect_any_model,10,0.0,False,True,1.0,1.0,0.9186415453855629,0.9405720731609057
4bb5d08e6fc0f323,Colorectal Histology MNIST/Kather_texture_2016_image_tiles_5000/Kather_texture_2016_image_tiles_5000/04_LYMPHO/1FD7_CRC-Prim-HE-04_031.tif_Row_301_Col_1.tif,CRC-Prim-HE-04,04_LYMPHO,3,UNI,3,correct_high_confidence,10,1.0,True,False,1.0,1.0,0.9592261030404613,0.9592261030404613
4be2dd4795c87a84,Colorectal Histology MNIST/Kather_texture_2016_image_tiles_5000/Kather_texture_2016_image_tiles_5000/06_MUCOSA/15054_CRC-Prim-HE-03_006.tif_Row_751_Col_601.tif,CRC-Prim-HE-03,06_MUCOSA,5,UNI,2,correct_high_confidence,10,1.0,True,False,1.0,1.0,0.915040627730983,0.915040627730983
4d7d22e7ee67edc0,Colorectal Histology MNIST/Kather_texture_2016_image_tiles_5000/Kather_texture_2016_image_tiles_5000/08_EMPTY/13990_CRC-Prim-HE-06_005.tif_Row_5401_Col_5401.tif,CRC-Prim-HE-06,08_EMPTY,7,UNI,5,correct_high_confidence,10,1.0,True,False,1.0,1.0,0.9668536861575295,0.9668536861575295
4e1415b68afd1584,Colorectal Histology MNIST/Kather_texture_2016_image_tiles_5000/Kather_texture_2016_image_tiles_5000/04_LYMPHO/1121D_CRC-Prim-HE-02.tif_Row_151_Col_151.tif,CRC-Prim-HE-02,04_LYMPHO,3,UNI,1,correct_high_confidence,10,1.0,True,False,1.0,1.0,0.893089558093184,0.893089558093184
4edae3a6c5fef03b,Colorectal Histology MNIST/Kather_texture_2016_image_tiles_5000/Kather_texture_2016_image_tiles_5000/07_ADIPOSE/1326F_CRC-Prim-HE-04_036.tif_Row_451_Col_1051.tif,CRC-Prim-HE-04,07_ADIPOSE,6,UNI,3,correct_high_confidence,10,1.0,True,False,1.0,1.0,0.989535302341684,0.989535302341684
50abad0d894a9a24,Colorectal Histology MNIST/Kather_texture_2016_image_tiles_5000/Kather_texture_2016_image_tiles_5000/01_TUMOR/A77A_CRC-Prim-HE-03_034.tif_Row_151_Col_301.tif,CRC-Prim-HE-03,01_TUMOR,0,UNI,2,correct_high_confidence,10,1.0,True,False,1.0,1.0,0.9304379578201193,0.9304379578201193
50f0d4586f4e50cd,Colorectal Histology MNIST/Kather_texture_2016_image_tiles_5000/Kather_texture_2016_image_tiles_5000/01_TUMOR/17C99_CRC-Prim-HE-03_034.tif_Row_301_Col_151.tif,CRC-Prim-HE-03,01_TUMOR,0,UNI,2,correct_high_confidence,10,1.0,True,False,1.0,1.0,0.9442370601761467,0.9442370601761467
577078f694f3a50f,Colorectal Histology MNIST/Kather_texture_2016_image_tiles_5000/Kather_texture_2016_image_tiles_5000/08_EMPTY/10F03_CRC-Prim-HE-10_026.tif_Row_2701_Col_601.tif,CRC-Prim-HE-10,08_EMPTY,7,UNI,9,correct_high_confidence,10,1.0,True,False,1.0,1.0,0.9479719957747513,0.9479719957747513
592b680687a86a91,Colorectal Histology MNIST/Kather_texture_2016_image_tiles_5000/Kather_texture_2016_image_tiles_5000/05_DEBRIS/10EDE_CRC-Prim-HE-09_018.tif_Row_1_Col_751.tif,CRC-Prim-HE-09,05_DEBRIS,4,UNI,8,correct_low_confidence,10,0.4,False,True,0.6,0.4666666666666667,0.9656274938156219,0.9772486831515113
59fb439e8286c5e4,Colorectal Histology MNIST/Kather_texture_2016_image_tiles_5000/Kather_texture_2016_image_tiles_5000/04_LYMPHO/A868_CRC-Prim-HE-05_004.tif_Row_601_Col_901.tif,CRC-Prim-HE-05,04_LYMPHO,3,UNI,4,correct_low_confidence,10,0.7,False,True,0.7,0.5333333333333333,0.8783424576390494,0.8683784413153522
5a904b4bcd844135,Colorectal Histology MNIST/Kather_texture_2016_image_tiles_5000/Kather_texture_2016_image_tiles_5000/01_TUMOR/171D2_CRC-Prim-HE-08_007.tif_Row_301_Col_151.tif,CRC-Prim-HE-08,01_TUMOR,0,UNI,7,correct_high_confidence,10,1.0,True,False,1.0,1.0,0.8956011903655124,0.8956011903655124
5b7e03f7d327429c,Colorectal Histology MNIST/Kather_texture_2016_image_tiles_5000/Kather_texture_2016_image_tiles_5000/04_LYMPHO/AFD6_CRC-Prim-HE-02_012.tif_Row_1_Col_1.tif,CRC-Prim-HE-02,04_LYMPHO,3,UNI,1,incorrect_any_model,10,0.0,False,True,1.0,1.0,0.8875732534325719,0.8863346499604658
5bec1382c8f3cb55,Colorectal Histology MNIST/Kather_texture_2016_image_tiles_5000/Kather_texture_2016_image_tiles_5000/07_ADIPOSE/14A41_CRC-Prim-HE-03_012.tif_Row_1351_Col_1951.tif,CRC-Prim-HE-03,07_ADIPOSE,6,UNI,2,correct_high_confidence,10,1.0,True,False,1.0,1.0,0.9831129952957364,0.9831129952957364
5d411163bd5b888a,Colorectal Histology MNIST/Kather_texture_2016_image_tiles_5000/Kather_texture_2016_image_tiles_5000/03_COMPLEX/62B0_CRC-Prim-HE-07_019.tif_Row_901_Col_1.tif,CRC-Prim-HE-07,03_COMPLEX,2,UNI,6,correct_high_confidence,10,1.0,True,False,1.0,1.0,0.8489918107031957,0.8489918107031957
5ecfdf1119937db7,Colorectal Histology MNIST/Kather_texture_2016_image_tiles_5000/Kather_texture_2016_image_tiles_5000/05_DEBRIS/2DEE_CRC-Prim-HE-04_020.tif_Row_451_Col_1.tif,CRC-Prim-HE-04,05_DEBRIS,4,UNI,3,correct_high_confidence,10,1.0,True,False,1.0,1.0,0.9805624751527581,0.9805624751527581
5fbd0a0168e78ab0,Colorectal Histology MNIST/Kather_texture_2016_image_tiles_5000/Kather_texture_2016_image_tiles_5000/05_DEBRIS/16C1_CRC-Prim-HE-01_023.tif_Row_1_Col_151.tif,CRC-Prim-HE-01,05_DEBRIS,4,UNI,0,correct_high_confidence,10,1.0,True,False,1.0,1.0,0.9412844153670842,0.9412844153670842
645c14ff0bce5563,Colorectal Histology MNIST/Kather_texture_2016_image_tiles_5000/Kather_texture_2016_image_tiles_5000/03_COMPLEX/17D73_CRC-Prim-HE-01_034.tif_Row_451_Col_301.tif,CRC-Prim-HE-01,03_COMPLEX,2,UNI,0,correct_low_confidence,10,1.0,True,False,1.0,1.0,0.928029034860072,0.928029034860072
6465c9036d58a3a9,Colorectal Histology MNIST/Kather_texture_2016_image_tiles_5000/Kather_texture_2016_image_tiles_5000/04_LYMPHO/EC9C_CRC-Prim-HE-03_032.tif_Row_451_Col_1.tif,CRC-Prim-HE-03,04_LYMPHO,3,UNI,2,incorrect_any_model,10,0.2,False,True,0.8,0.6444444444444445,0.8747943562026731,0.9068921313156266
6478ba2ccbc35e68,Colorectal Histology MNIST/Kather_texture_2016_image_tiles_5000/Kather_texture_2016_image_tiles_5000/02_STROMA/10C30_CRC-Prim-HE-10_019.tif_Row_301_Col_1201.tif,CRC-Prim-HE-10,02_STROMA,1,UNI,9,incorrect_any_model,10,0.8,False,True,0.8,0.6444444444444445,0.880681999603757,0.8744327302702939
647e242b6bd13231,Colorectal Histology MNIST/Kather_texture_2016_image_tiles_5000/Kather_texture_2016_image_tiles_5000/02_STROMA/11B53_CRC-Prim-HE-01_019.tif_Row_151_Col_901.tif,CRC-Prim-HE-01,02_STROMA,1,UNI,0,correct_low_confidence,10,0.7,False,True,0.7,0.5333333333333333,0.9456739900177175,0.9432768697743318
6504385ff1a70fd3,Colorectal Histology MNIST/Kather_texture_2016_image_tiles_5000/Kather_texture_2016_image_tiles_5000/02_STROMA/10828_CRC-Prim-HE-04.tif_Row_301_Col_3451.tif,CRC-Prim-HE-04,02_STROMA,1,UNI,3,correct_high_confidence,10,1.0,True,False,1.0,1.0,0.9712807054358903,0.9712807054358903
656e475a6969c0d0,Colorectal Histology MNIST/Kather_texture_2016_image_tiles_5000/Kather_texture_2016_image_tiles_5000/07_ADIPOSE/1377F_CRC-Prim-HE-03_012.tif_Row_751_Col_1351.tif,CRC-Prim-HE-03,07_ADIPOSE,6,UNI,2,correct_low_confidence,10,1.0,True,False,1.0,1.0,0.972745021475986,0.972745021475986
66c5c50aae1f3eb7,Colorectal Histology MNIST/Kather_texture_2016_image_tiles_5000/Kather_texture_2016_image_tiles_5000/05_DEBRIS/7C6C_CRC-Prim-HE-08_017.tif_Row_1_Col_1.tif,CRC-Prim-HE-08,05_DEBRIS,4,UNI,7,correct_low_confidence,10,1.0,True,False,1.0,1.0,0.9365236616578169,0.9365236616578169
67161ff392b6a2aa,Colorectal Histology MNIST/Kather_texture_2016_image_tiles_5000/Kather_texture_2016_image_tiles_5000/04_LYMPHO/10B84_CRC-Prim-HE-04_031.tif_Row_151_Col_451.tif,CRC-Prim-HE-04,04_LYMPHO,3,UNI,3,correct_high_confidence,10,1.0,True,False,1.0,1.0,0.966777043760365,0.966777043760365
680133a362d38828,Colorectal Histology MNIST/Kather_texture_2016_image_tiles_5000/Kather_texture_2016_image_tiles_5000/07_ADIPOSE/10232_CRC-Prim-HE-04_036.tif_Row_451_Col_751.tif,CRC-Prim-HE-04,07_ADIPOSE,6,UNI,3,correct_high_confidence,10,1.0,True,False,1.0,1.0,0.9805832649342437,0.9805832649342437
68809a84892adcad,Colorectal Histology MNIST/Kather_texture_2016_image_tiles_5000/Kather_texture_2016_image_tiles_5000/02_STROMA/1495E_CRC-Prim-HE-03_011.tif_Row_601_Col_1.tif,CRC-Prim-HE-03,02_STROMA,1,UNI,2,correct_high_confidence,10,0.9,False,True,0.9,0.8,0.9734117023094543,0.9718139084346482
68d7766cea567a97,Colorectal Histology MNIST/Kather_texture_2016_image_tiles_5000/Kather_texture_2016_image_tiles_5000/05_DEBRIS/172D2_CRC-Prim-HE-04_020.tif_Row_1_Col_1.tif,CRC-Prim-HE-04,05_DEBRIS,4,UNI,3,correct_high_confidence,10,1.0,True,False,1.0,1.0,0.9651973391204719,0.9651973391204719
6bb749c48303d88f,Colorectal Histology MNIST/Kather_texture_2016_image_tiles_5000/Kather_texture_2016_image_tiles_5000/08_EMPTY/10B0F_CRC-Prim-HE-06_005.tif_Row_3151_Col_6451.tif,CRC-Prim-HE-06,08_EMPTY,7,UNI,5,incorrect_any_model,10,0.0,False,True,1.0,1.0,0.9147813752599833,0.9623923832190694
6cacd7b496b4816f,Colorectal Histology MNIST/Kather_texture_2016_image_tiles_5000/Kather_texture_2016_image_tiles_5000/06_MUCOSA/13417_CRC-Prim-HE-02_010.tif_Row_301_Col_451.tif,CRC-Prim-HE-02,06_MUCOSA,5,UNI,1,correct_low_confidence,10,1.0,True,False,1.0,1.0,0.810238560086276,0.810238560086276
6dac77a087f5872c,Colorectal Histology MNIST/Kather_texture_2016_image_tiles_5000/Kather_texture_2016_image_tiles_5000/05_DEBRIS/15228_CRC-Prim-HE-10_017.tif_Row_151_Col_1.tif,CRC-Prim-HE-10,05_DEBRIS,4,UNI,9,incorrect_any_model,10,1.0,True,False,1.0,1.0,0.850570452832962,0.850570452832962
6dc48436e2c96b2a,Colorectal Histology MNIST/Kather_texture_2016_image_tiles_5000/Kather_texture_2016_image_tiles_5000/06_MUCOSA/17194_CRC-Prim-HE-07_001_copy.tif_Row_1201_Col_151.tif,CRC-Prim-HE-07,06_MUCOSA,5,UNI,6,incorrect_any_model,10,1.0,True,False,1.0,1.0,0.8881244482694811,0.8881244482694811
6dfec46ce602f4f6,Colorectal Histology MNIST/Kather_texture_2016_image_tiles_5000/Kather_texture_2016_image_tiles_5000/01_TUMOR/4E0F_CRC-Prim-HE-01_039.tif_Row_1_Col_901.tif,CRC-Prim-HE-01,01_TUMOR,0,UNI,0,correct_high_confidence,10,1.0,True,False,1.0,1.0,0.9153885289635836,0.9153885289635836
6e927ae0504f4dae,Colorectal Histology MNIST/Kather_texture_2016_image_tiles_5000/Kather_texture_2016_image_tiles_5000/08_EMPTY/12DDD_CRC-Prim-HE-06_005.tif_Row_1051_Col_1351.tif,CRC-Prim-HE-06,08_EMPTY,7,UNI,5,correct_low_confidence,10,0.5,False,True,0.5,0.4444444444444444,0.9321602690275641,0.9483739079388102
6eedbeb9298dae43,Colorectal Histology MNIST/Kather_texture_2016_image_tiles_5000/Kather_texture_2016_image_tiles_5000/04_LYMPHO/104F5_CRC-Prim-HE-09_005.tif_Row_601_Col_151.tif,CRC-Prim-HE-09,04_LYMPHO,3,UNI,8,correct_low_confidence,10,0.9,False,True,0.9,0.8,0.9326897620951282,0.915179887391635
6f26e2e694fdda3c,Colorectal Histology MNIST/Kather_texture_2016_image_tiles_5000/Kather_texture_2016_image_tiles_5000/01_TUMOR/1085B_CRC-Prim-HE-02_034.tif_Row_1_Col_301.tif,CRC-Prim-HE-02,01_TUMOR,0,UNI,1,correct_low_confidence,10,1.0,True,False,1.0,1.0,0.8877701011421102,0.8877701011421102
6f643b1b38de98a5,Colorectal Histology MNIST/Kather_texture_2016_image_tiles_5000/Kather_texture_2016_image_tiles_5000/08_EMPTY/11FC7_CRC-Prim-HE-10_026.tif_Row_4201_Col_151.tif,CRC-Prim-HE-10,08_EMPTY,7,UNI,9,correct_low_confidence,10,1.0,True,False,1.0,1.0,0.9845745133924976,0.9845745133924976
73c86c58e897369e,Colorectal Histology MNIST/Kather_texture_2016_image_tiles_5000/Kather_texture_2016_image_tiles_5000/03_COMPLEX/1045D_CRC-Prim-HE-05_012.tif_Row_1_Col_1.tif,CRC-Prim-HE-05,03_COMPLEX,2,UNI,4,correct_low_confidence,10,1.0,True,False,1.0,1.0,0.9258427077716418,0.9258427077716418
753e54983d8212fa,Colorectal Histology MNIST/Kather_texture_2016_image_tiles_5000/Kather_texture_2016_image_tiles_5000/02_STROMA/1385_CRC-Prim-HE-04.tif_Row_151_Col_1501.tif,CRC-Prim-HE-04,02_STROMA,1,UNI,3,correct_high_confidence,10,1.0,True,False,1.0,1.0,0.9647306846726716,0.9647306846726716
7778660ba40e1dfb,Colorectal Histology MNIST/Kather_texture_2016_image_tiles_5000/Kather_texture_2016_image_tiles_5000/05_DEBRIS/4B2B_CRC-Prim-HE-03_014.tif_Row_301_Col_451.tif,CRC-Prim-HE-03,05_DEBRIS,4,UNI,2,incorrect_any_model,10,0.1,False,True,0.9,0.8,0.9258776112293153,0.9232313766323921
7985173f57daa8e2,Colorectal Histology MNIST/Kather_texture_2016_image_tiles_5000/Kather_texture_2016_image_tiles_5000/01_TUMOR/1614_CRC-Prim-HE-10_029.tif_Row_1_Col_301.tif,CRC-Prim-HE-10,01_TUMOR,0,UNI,9,incorrect_any_model,10,1.0,True,False,1.0,1.0,0.8791617503437665,0.8791617503437665
79beeb51534cb278,Colorectal Histology MNIST/Kather_texture_2016_image_tiles_5000/Kather_texture_2016_image_tiles_5000/06_MUCOSA/13090_CRC-Prim-HE-05_030.tif_Row_1_Col_1051.tif,CRC-Prim-HE-05,06_MUCOSA,5,UNI,4,correct_low_confidence,10,1.0,True,False,1.0,1.0,0.8449892642205915,0.8449892642205915
7a31e1bbcfbef273,Colorectal Histology MNIST/Kather_texture_2016_image_tiles_5000/Kather_texture_2016_image_tiles_5000/03_COMPLEX/3DD8_CRC-Prim-HE-06_006.tif_Row_151_Col_751.tif,CRC-Prim-HE-06,03_COMPLEX,2,UNI,5,correct_low_confidence,10,1.0,True,False,1.0,1.0,0.831347873784422,0.831347873784422
7ae9f8fa547b14cf,Colorectal Histology MNIST/Kather_texture_2016_image_tiles_5000/Kather_texture_2016_image_tiles_5000/07_ADIPOSE/123A0_CRC-Prim-HE-03_012.tif_Row_3151_Col_751.tif,CRC-Prim-HE-03,07_ADIPOSE,6,UNI,2,incorrect_any_model,10,1.0,True,False,1.0,1.0,0.9780514095524975,0.9780514095524975
7c266944ec5e5596,Colorectal Histology MNIST/Kather_texture_2016_image_tiles_5000/Kather_texture_2016_image_tiles_5000/07_ADIPOSE/1254B_CRC-Prim-HE-07.tif_Row_1051_Col_1801.tif,CRC-Prim-HE-07,07_ADIPOSE,6,UNI,6,correct_low_confidence,10,1.0,True,False,1.0,1.0,0.968956712451999,0.968956712451999
7ca80536dfde43c1,Colorectal Histology MNIST/Kather_texture_2016_image_tiles_5000/Kather_texture_2016_image_tiles_5000/03_COMPLEX/11B13_CRC-Prim-HE-06_007.tif_Row_1_Col_451.tif,CRC-Prim-HE-06,03_COMPLEX,2,UNI,5,correct_high_confidence,10,1.0,True,False,1.0,1.0,0.822041878836658,0.822041878836658
7cbabdfbfb2a3c84,Colorectal Histology MNIST/Kather_texture_2016_image_tiles_5000/Kather_texture_2016_image_tiles_5000/07_ADIPOSE/152A4_CRC-Prim-HE-05_032.tif_Row_1051_Col_3901.tif,CRC-Prim-HE-05,07_ADIPOSE,6,UNI,4,correct_high_confidence,10,1.0,True,False,1.0,1.0,0.9782805929869018,0.9782805929869018
7ce759961c8e9f68,Colorectal Histology MNIST/Kather_texture_2016_image_tiles_5000/Kather_texture_2016_image_tiles_5000/08_EMPTY/113D_CRC-Prim-HE-10_026.tif_Row_1201_Col_601.tif,CRC-Prim-HE-10,08_EMPTY,7,UNI,9,correct_high_confidence,10,1.0,True,False,1.0,1.0,0.949682566245293,0.949682566245293
7d7d0d051e9daf30,Colorectal Histology MNIST/Kather_texture_2016_image_tiles_5000/Kather_texture_2016_image_tiles_5000/04_LYMPHO/10719_CRC-Prim-HE-05_028.tif_Row_1_Col_151.tif,CRC-Prim-HE-05,04_LYMPHO,3,UNI,4,incorrect_any_model,10,0.0,False,True,1.0,1.0,0.930346192362146,0.9048550514830429
7e936798bcb752be,Colorectal Histology MNIST/Kather_texture_2016_image_tiles_5000/Kather_texture_2016_image_tiles_5000/06_MUCOSA/17AC3_CRC-Prim-HE-06_001.tif_Row_1051_Col_901.tif,CRC-Prim-HE-06,06_MUCOSA,5,UNI,5,correct_high_confidence,10,1.0,True,False,1.0,1.0,0.8295887111840704,0.8295887111840704
7f22a2743f7024e1,Colorectal Histology MNIST/Kather_texture_2016_image_tiles_5000/Kather_texture_2016_image_tiles_5000/02_STROMA/10317_CRC-Prim-HE-03_001.tif_Row_1201_Col_751.tif,CRC-Prim-HE-03,02_STROMA,1,UNI,2,correct_high_confidence,10,1.0,True,False,1.0,1.0,0.9516164409275364,0.9516164409275364
7f279e0a733cbbf7,Colorectal Histology MNIST/Kather_texture_2016_image_tiles_5000/Kather_texture_2016_image_tiles_5000/06_MUCOSA/13322_CRC-Prim-HE-03_006.tif_Row_1801_Col_1051.tif,CRC-Prim-HE-03,06_MUCOSA,5,UNI,2,correct_high_confidence,10,1.0,True,False,1.0,1.0,0.8883229605782182,0.8883229605782182
7fbe4f5d5ceb71bf,Colorectal Histology MNIST/Kather_texture_2016_image_tiles_5000/Kather_texture_2016_image_tiles_5000/04_LYMPHO/119A9_CRC-Prim-HE-07_002.tif_Row_1_Col_1.tif,CRC-Prim-HE-07,04_LYMPHO,3,UNI,6,correct_low_confidence,10,1.0,True,False,1.0,1.0,0.8535848648974104,0.8535848648974104
806387c8005ca838,Colorectal Histology MNIST/Kather_texture_2016_image_tiles_5000/Kather_texture_2016_image_tiles_5000/07_ADIPOSE/1025D_CRC-Prim-HE-10_020.tif_Row_1_Col_601.tif,CRC-Prim-HE-10,07_ADIPOSE,6,UNI,9,correct_low_confidence,10,1.0,True,False,1.0,1.0,0.9603124133943568,0.9603124133943568
814b94faf369aee5,Colorectal Histology MNIST/Kather_texture_2016_image_tiles_5000/Kather_texture_2016_image_tiles_5000/07_ADIPOSE/149D9_CRC-Prim-HE-06_004.tif_Row_451_Col_2401.tif,CRC-Prim-HE-06,07_ADIPOSE,6,UNI,5,correct_high_confidence,10,1.0,True,False,1.0,1.0,0.9548155172520656,0.9548155172520656
815caeca3553b92b,Colorectal Histology MNIST/Kather_texture_2016_image_tiles_5000/Kather_texture_2016_image_tiles_5000/02_STROMA/12B8A_CRC-Prim-HE-10_019.tif_Row_1_Col_1351.tif,CRC-Prim-HE-10,02_STROMA,1,UNI,9,correct_high_confidence,10,1.0,True,False,1.0,1.0,0.9139322171664449,0.9139322171664449
81900f74ad505918,Colorectal Histology MNIST/Kather_texture_2016_image_tiles_5000/Kather_texture_2016_image_tiles_5000/04_LYMPHO/15EA0_CRC-Prim-HE-01_013.tif_Row_151_Col_151.tif,CRC-Prim-HE-01,04_LYMPHO,3,UNI,0,correct_low_confidence,10,1.0,True,False,1.0,1.0,0.9152441692543217,0.9152441692543217
82816ea16f256d92,Colorectal Histology MNIST/Kather_texture_2016_image_tiles_5000/Kather_texture_2016_image_tiles_5000/04_LYMPHO/B419_CRC-Prim-HE-02_012.tif_Row_151_Col_151.tif,CRC-Prim-HE-02,04_LYMPHO,3,UNI,1,incorrect_any_model,10,0.0,False,True,1.0,1.0,0.825980320541597,0.8966447878123004
843c606a796976eb,Colorectal Histology MNIST/Kather_texture_2016_image_tiles_5000/Kather_texture_2016_image_tiles_5000/01_TUMOR/7C24_CRC-Prim-HE-01_011.tif_Row_1_Col_151.tif,CRC-Prim-HE-01,01_TUMOR,0,UNI,0,incorrect_any_model,10,1.0,True,False,1.0,1.0,0.9310201779527378,0.9310201779527378
84bd2dc0cefd68eb,Colorectal Histology MNIST/Kather_texture_2016_image_tiles_5000/Kather_texture_2016_image_tiles_5000/04_LYMPHO/1030C_CRC-Prim-HE-05_010.tif_Row_1051_Col_151.tif,CRC-Prim-HE-05,04_LYMPHO,3,UNI,4,correct_high_confidence,10,1.0,True,False,1.0,1.0,0.8857700674959557,0.8857700674959557
84fc31312ad9e8f3,Colorectal Histology MNIST/Kather_texture_2016_image_tiles_5000/Kather_texture_2016_image_tiles_5000/07_ADIPOSE/163A0_CRC-Prim-HE-06_004.tif_Row_901_Col_2251.tif,CRC-Prim-HE-06,07_ADIPOSE,6,UNI,5,correct_high_confidence,10,1.0,True,False,1.0,1.0,0.9588796539050346,0.9588796539050346
861d7c478063ac75,Colorectal Histology MNIST/Kather_texture_2016_image_tiles_5000/Kather_texture_2016_image_tiles_5000/05_DEBRIS/102A0_CRC-Prim-HE-09_003.tif_Row_151_Col_1.tif,CRC-Prim-HE-09,05_DEBRIS,4,UNI,8,correct_high_confidence,10,1.0,True,False,1.0,1.0,0.9617703189566862,0.9617703189566862
866475f290a75feb,Colorectal Histology MNIST/Kather_texture_2016_image_tiles_5000/Kather_texture_2016_image_tiles_5000/07_ADIPOSE/12D28_CRC-Prim-HE-05_032.tif_Row_1651_Col_3301.tif,CRC-Prim-HE-05,07_ADIPOSE,6,UNI,4,incorrect_any_model,10,0.0,False,True,1.0,1.0,0.9673215802004781,0.9675253696428461
869291ef3438d48f,Colorectal Histology MNIST/Kather_texture_2016_image_tiles_5000/Kather_texture_2016_image_tiles_5000/08_EMPTY/12E8C_CRC-Prim-HE-06_005.tif_Row_4951_Col_5401.tif,CRC-Prim-HE-06,08_EMPTY,7,UNI,5,correct_high_confidence,10,1.0,True,False,1.0,1.0,0.9636150844562739,0.9636150844562739
870de883a58ffe7c,Colorectal Histology MNIST/Kather_texture_2016_image_tiles_5000/Kather_texture_2016_image_tiles_5000/07_ADIPOSE/16E90_CRC-Prim-HE-10_020.tif_Row_1_Col_1801.tif,CRC-Prim-HE-10,07_ADIPOSE,6,UNI,9,correct_high_confidence,10,1.0,True,False,1.0,1.0,0.9749062733254176,0.9749062733254176
88a5c405121ef7a2,Colorectal Histology MNIST/Kather_texture_2016_image_tiles_5000/Kather_texture_2016_image_tiles_5000/08_EMPTY/12F4F_CRC-Prim-HE-06_005.tif_Row_2851_Col_4801.tif,CRC-Prim-HE-06,08_EMPTY,7,UNI,5,incorrect_any_model,10,0.0,False,True,1.0,1.0,0.9073192958037046,0.9650881484964153
8a2464a823867737,Colorectal Histology MNIST/Kather_texture_2016_image_tiles_5000/Kather_texture_2016_image_tiles_5000/08_EMPTY/14636_CRC-Prim-HE-10_026.tif_Row_2401_Col_301.tif,CRC-Prim-HE-10,08_EMPTY,7,UNI,9,correct_high_confidence,10,1.0,True,False,1.0,1.0,0.9596144150748938,0.9596144150748938
8cc0a0c9abfb48a3,Colorectal Histology MNIST/Kather_texture_2016_image_tiles_5000/Kather_texture_2016_image_tiles_5000/03_COMPLEX/11953_CRC-Prim-HE-05_009a.tif_Row_151_Col_601.tif,CRC-Prim-HE-05,03_COMPLEX,2,UNI,4,incorrect_any_model,10,0.0,False,True,1.0,1.0,0.9397354881038712,0.9176959113724886
8e4a21d1b45b86e6,Colorectal Histology MNIST/Kather_texture_2016_image_tiles_5000/Kather_texture_2016_image_tiles_5000/01_TUMOR/27_CRC-Prim-HE-01_041.tif_Row_1_Col_151.tif,CRC-Prim-HE-01,01_TUMOR,0,UNI,0,correct_high_confidence,10,1.0,True,False,1.0,1.0,0.9089255986137784,0.9089255986137784
8fc5ae04f95141e4,Colorectal Histology MNIST/Kather_texture_2016_image_tiles_5000/Kather_texture_2016_image_tiles_5000/01_TUMOR/1259_CRC-Prim-HE-08_007.tif_Row_601_Col_301.tif,CRC-Prim-HE-08,01_TUMOR,0,UNI,7,correct_high_confidence,10,1.0,True,False,1.0,1.0,0.9274735545656505,0.9274735545656505
90b23a2e7ea7c973,Colorectal Histology MNIST/Kather_texture_2016_image_tiles_5000/Kather_texture_2016_image_tiles_5000/07_ADIPOSE/14BA0_CRC-Prim-HE-07.tif_Row_1201_Col_2101.tif,CRC-Prim-HE-07,07_ADIPOSE,6,UNI,6,correct_high_confidence,10,1.0,True,False,1.0,1.0,0.9712227986339663,0.9712227986339663
927b994586001676,Colorectal Histology MNIST/Kather_texture_2016_image_tiles_5000/Kather_texture_2016_image_tiles_5000/03_COMPLEX/18548_CRC-Prim-HE-09_030.tif_Row_301_Col_151.tif,CRC-Prim-HE-09,03_COMPLEX,2,UNI,8,correct_high_confidence,10,1.0,True,False,1.0,1.0,0.9294392691347004,0.9294392691347004
935e673920be3e3e,Colorectal Histology MNIST/Kather_texture_2016_image_tiles_5000/Kather_texture_2016_image_tiles_5000/08_EMPTY/14C0_CRC-Prim-HE-10_026.tif_Row_1201_Col_151.tif,CRC-Prim-HE-10,08_EMPTY,7,UNI,9,correct_low_confidence,10,1.0,True,False,1.0,1.0,0.9805827336791805,0.9805827336791805
93898025eabb7106,Colorectal Histology MNIST/Kather_texture_2016_image_tiles_5000/Kather_texture_2016_image_tiles_5000/03_COMPLEX/1687D_CRC-Prim-HE-01_037.tif_Row_151_Col_1.tif,CRC-Prim-HE-01,03_COMPLEX,2,UNI,0,incorrect_any_model,10,1.0,True,False,1.0,1.0,0.9602714359204572,0.9602714359204572
939e45072b1b09c4,Colorectal Histology MNIST/Kather_texture_2016_image_tiles_5000/Kather_texture_2016_image_tiles_5000/03_COMPLEX/149D7_CRC-Prim-HE-10_012.tif_Row_1_Col_1.tif,CRC-Prim-HE-10,03_COMPLEX,2,UNI,9,correct_low_confidence,10,0.9,False,True,0.9,0.8,0.793181961057233,0.7849428856535454
93eff4e2a3b4b436,Colorectal Histology MNIST/Kather_texture_2016_image_tiles_5000/Kather_texture_2016_image_tiles_5000/03_COMPLEX/27A5_CRC-Prim-HE-03_002.tif_Row_301_Col_1801.tif,CRC-Prim-HE-03,03_COMPLEX,2,UNI,2,correct_low_confidence,10,1.0,True,False,1.0,1.0,0.9362100086683118,0.9362100086683118
95532c46afafeb7f,Colorectal Histology MNIST/Kather_texture_2016_image_tiles_5000/Kather_texture_2016_image_tiles_5000/08_EMPTY/13654_CRC-Prim-HE-06_005.tif_Row_3901_Col_5701.tif,CRC-Prim-HE-06,08_EMPTY,7,UNI,5,correct_low_confidence,10,0.1,False,True,0.9,0.8,0.9242038376095576,0.9752518724527428
96d8776a31418e3b,Colorectal Histology MNIST/Kather_texture_2016_image_tiles_5000/Kather_texture_2016_image_tiles_5000/01_TUMOR/177BE_CRC-Prim-HE-05_024.tif_Row_1_Col_1.tif,CRC-Prim-HE-05,01_TUMOR,0,UNI,4,incorrect_any_model,10,0.3,False,True,0.7,0.5333333333333333,0.9010943854308614,0.8981801503628916
9a2e76ec406b510c,Colorectal Histology MNIST/Kather_texture_2016_image_tiles_5000/Kather_texture_2016_image_tiles_5000/03_COMPLEX/17810_CRC-Prim-HE-07_011.tif_Row_151_Col_151.tif,CRC-Prim-HE-07,03_COMPLEX,2,UNI,6,correct_low_confidence,10,1.0,True,False,1.0,1.0,0.8881447067959032,0.8881447067959032
9c8680842b999b2a,Colorectal Histology MNIST/Kather_texture_2016_image_tiles_5000/Kather_texture_2016_image_tiles_5000/01_TUMOR/13C8D_CRC-Prim-HE-08_010.tif_Row_301_Col_301.tif,CRC-Prim-HE-08,01_TUMOR,0,UNI,7,incorrect_any_model,10,0.0,False,True,1.0,1.0,0.9339426474741921,0.9361876251216356
9dd14a1d914dc864,Colorectal Histology MNIST/Kather_texture_2016_image_tiles_5000/Kather_texture_2016_image_tiles_5000/06_MUCOSA/150CB_CRC-Prim-HE-08_022.tif_Row_151_Col_1951.tif,CRC-Prim-HE-08,06_MUCOSA,5,UNI,7,incorrect_any_model,10,0.9,False,True,0.9,0.8,0.9768956287447951,0.9770774419360352
9e2da9f9b3f082d8,Colorectal Histology MNIST/Kather_texture_2016_image_tiles_5000/Kather_texture_2016_image_tiles_5000/01_TUMOR/5CBC_CRC-Prim-HE-06_016.tif_Row_151_Col_451.tif,CRC-Prim-HE-06,01_TUMOR,0,UNI,5,correct_high_confidence,10,1.0,True,False,1.0,1.0,0.8918734798357715,0.8918734798357715
9e9a56b62253622a,Colorectal Histology MNIST/Kather_texture_2016_image_tiles_5000/Kather_texture_2016_image_tiles_5000/08_EMPTY/1330_CRC-Prim-HE-10_026.tif_Row_1051_Col_301.tif,CRC-Prim-HE-10,08_EMPTY,7,UNI,9,correct_high_confidence,10,1.0,True,False,1.0,1.0,0.98576165595745,0.98576165595745
a06e84f10dd02759,Colorectal Histology MNIST/Kather_texture_2016_image_tiles_5000/Kather_texture_2016_image_tiles_5000/03_COMPLEX/16812_CRC-Prim-HE-01_035.tif_Row_1_Col_451.tif,CRC-Prim-HE-01,03_COMPLEX,2,UNI,0,correct_high_confidence,10,1.0,True,False,1.0,1.0,0.8974942292418728,0.8974942292418728
a1d1a2794b06853a,Colorectal Histology MNIST/Kather_texture_2016_image_tiles_5000/Kather_texture_2016_image_tiles_5000/07_ADIPOSE/12F3_CRC-Prim-HE-05_032.tif_Row_151_Col_1801.tif,CRC-Prim-HE-05,07_ADIPOSE,6,UNI,4,correct_low_confidence,10,1.0,True,False,1.0,1.0,0.9528023438973403,0.9528023438973403
a23fbae33d4d8c78,Colorectal Histology MNIST/Kather_texture_2016_image_tiles_5000/Kather_texture_2016_image_tiles_5000/03_COMPLEX/5EB_CRC-Prim-HE-10_030.tif_Row_151_Col_1.tif,CRC-Prim-HE-10,03_COMPLEX,2,UNI,9,incorrect_any_model,10,0.0,False,True,1.0,1.0,0.8870417504500174,0.9059134886546055
a3a71800248d10f3,Colorectal Histology MNIST/Kather_texture_2016_image_tiles_5000/Kather_texture_2016_image_tiles_5000/04_LYMPHO/114D_CRC-Prim-HE-05_003.tif_Row_451_Col_751.tif,CRC-Prim-HE-05,04_LYMPHO,3,UNI,4,correct_high_confidence,10,1.0,True,False,1.0,1.0,0.8726027690784762,0.8726027690784762
a5b3a36e815bbd3c,Colorectal Histology MNIST/Kather_texture_2016_image_tiles_5000/Kather_texture_2016_image_tiles_5000/01_TUMOR/5B57_CRC-Prim-HE-08_010.tif_Row_151_Col_151.tif,CRC-Prim-HE-08,01_TUMOR,0,UNI,7,correct_low_confidence,10,1.0,True,False,1.0,1.0,0.9363534475354635,0.9363534475354635
a601add377069399,Colorectal Histology MNIST/Kather_texture_2016_image_tiles_5000/Kather_texture_2016_image_tiles_5000/07_ADIPOSE/119DA_CRC-Prim-HE-07.tif_Row_1051_Col_1201.tif,CRC-Prim-HE-07,07_ADIPOSE,6,UNI,6,incorrect_any_model,10,1.0,True,False,1.0,1.0,0.9431549644457549,0.9431549644457549
a620cbff5f573019,Colorectal Histology MNIST/Kather_texture_2016_image_tiles_5000/Kather_texture_2016_image_tiles_5000/08_EMPTY/117EA_CRC-Prim-HE-06_005.tif_Row_6451_Col_7201.tif,CRC-Prim-HE-06,08_EMPTY,7,UNI,5,incorrect_any_model,10,0.0,False,True,1.0,1.0,0.8854842876887837,0.9375840113476084
a64aaa7bc517773b,Colorectal Histology MNIST/Kather_texture_2016_image_tiles_5000/Kather_texture_2016_image_tiles_5000/06_MUCOSA/1021_CRC-Prim-HE-05_030.tif_Row_901_Col_1.tif,CRC-Prim-HE-05,06_MUCOSA,5,UNI,4,incorrect_any_model,10,1.0,True,False,1.0,1.0,0.9596995929700788,0.9596995929700788
a9d9432c0d68ed0a,Colorectal Histology MNIST/Kather_texture_2016_image_tiles_5000/Kather_texture_2016_image_tiles_5000/01_TUMOR/3CD6_CRC-Prim-HE-01_027.tif_Row_1_Col_301.tif,CRC-Prim-HE-01,01_TUMOR,0,UNI,0,correct_low_confidence,10,1.0,True,False,1.0,1.0,0.9749198734550443,0.9749198734550443
aa43907cd4b2becd,Colorectal Histology MNIST/Kather_texture_2016_image_tiles_5000/Kather_texture_2016_image_tiles_5000/04_LYMPHO/CCDE_CRC-Prim-HE-07_003.tif_Row_151_Col_1.tif,CRC-Prim-HE-07,04_LYMPHO,3,UNI,6,correct_high_confidence,10,1.0,True,False,1.0,1.0,0.9033503246411153,0.9033503246411153
aa66053db10c2521,Colorectal Histology MNIST/Kather_texture_2016_image_tiles_5000/Kather_texture_2016_image_tiles_5000/01_TUMOR/1067D_CRC-Prim-HE-07_007.tif_Row_1_Col_151.tif,CRC-Prim-HE-07,01_TUMOR,0,UNI,6,correct_high_confidence,10,1.0,True,False,1.0,1.0,0.8568303374974877,0.8568303374974877
aacf4d181a79611d,Colorectal Histology MNIST/Kather_texture_2016_image_tiles_5000/Kather_texture_2016_image_tiles_5000/05_DEBRIS/1791_CRC-Prim-HE-10_016.tif_Row_301_Col_151.tif,CRC-Prim-HE-10,05_DEBRIS,4,UNI,9,correct_high_confidence,10,1.0,True,False,1.0,1.0,0.9542724329091266,0.9542724329091266
abb6eb6a3d2f19a4,Colorectal Histology MNIST/Kather_texture_2016_image_tiles_5000/Kather_texture_2016_image_tiles_5000/07_ADIPOSE/12BD2_CRC-Prim-HE-10_020.tif_Row_1051_Col_1051.tif,CRC-Prim-HE-10,07_ADIPOSE,6,UNI,9,correct_high_confidence,10,1.0,True,False,1.0,1.0,0.9769892181784859,0.9769892181784859
abd0b36c016589ac,Colorectal Histology MNIST/Kather_texture_2016_image_tiles_5000/Kather_texture_2016_image_tiles_5000/03_COMPLEX/42D8_CRC-Prim-HE-05_020.tif_Row_1_Col_1.tif,CRC-Prim-HE-05,03_COMPLEX,2,UNI,4,correct_high_confidence,10,1.0,True,False,1.0,1.0,0.9119486524272602,0.9119486524272602
ac296c08e234f433,Colorectal Histology MNIST/Kather_texture_2016_image_tiles_5000/Kather_texture_2016_image_tiles_5000/01_TUMOR/1A11_CRC-Prim-HE-07_022.tif_Row_601_Col_151.tif,CRC-Prim-HE-07,01_TUMOR,0,UNI,6,correct_high_confidence,10,1.0,True,False,1.0,1.0,0.8958129486338334,0.8958129486338334
ac9d7a94992179c6,Colorectal Histology MNIST/Kather_texture_2016_image_tiles_5000/Kather_texture_2016_image_tiles_5000/05_DEBRIS/6B49_CRC-Prim-HE-08_021.tif_Row_1201_Col_1501.tif,CRC-Prim-HE-08,05_DEBRIS,4,UNI,7,incorrect_any_model,10,0.0,False,True,1.0,1.0,0.9611474755202096,0.9749698822650237
ada7eec7a05126f2,Colorectal Histology MNIST/Kather_texture_2016_image_tiles_5000/Kather_texture_2016_image_tiles_5000/05_DEBRIS/14181_CRC-Prim-HE-01_024.tif_Row_151_Col_451.tif,CRC-Prim-HE-01,05_DEBRIS,4,UNI,0,correct_high_confidence,10,1.0,True,False,1.0,1.0,0.9471626109769693,0.9471626109769693
ae0cd82e37b56657,Colorectal Histology MNIST/Kather_texture_2016_image_tiles_5000/Kather_texture_2016_image_tiles_5000/06_MUCOSA/10B5E_CRC-Prim-HE-08_022.tif_Row_601_Col_601.tif,CRC-Prim-HE-08,06_MUCOSA,5,UNI,7,correct_low_confidence,10,1.0,True,False,1.0,1.0,0.8674506574724125,0.8674506574724125
b01434a09d10e513,Colorectal Histology MNIST/Kather_texture_2016_image_tiles_5000/Kather_texture_2016_image_tiles_5000/02_STROMA/13FC2_CRC-Prim-HE-09.tif_Row_151_Col_3001.tif,CRC-Prim-HE-09,02_STROMA,1,UNI,8,correct_low_confidence,10,1.0,True,False,1.0,1.0,0.9287391103779792,0.9287391103779792
b07b2e18ddf8934d,Colorectal Histology MNIST/Kather_texture_2016_image_tiles_5000/Kather_texture_2016_image_tiles_5000/08_EMPTY/112C1_CRC-Prim-HE-10_026.tif_Row_4951_Col_601.tif,CRC-Prim-HE-10,08_EMPTY,7,UNI,9,incorrect_any_model,10,0.6,False,True,0.6,0.37777777777777777,0.9589680464141925,0.9617973775479214
b37b8b23cb98ecbb,Colorectal Histology MNIST/Kather_texture_2016_image_tiles_5000/Kather_texture_2016_image_tiles_5000/05_DEBRIS/1695A_CRC-Prim-HE-09_003.tif_Row_151_Col_451.tif,CRC-Prim-HE-09,05_DEBRIS,4,UNI,8,correct_high_confidence,10,1.0,True,False,1.0,1.0,0.9670241127819084,0.9670241127819084
b3c6abe8bd8cb7b2,Colorectal Histology MNIST/Kather_texture_2016_image_tiles_5000/Kather_texture_2016_image_tiles_5000/03_COMPLEX/17D7C_CRC-Prim-HE-01_014.tif_Row_451_Col_151.tif,CRC-Prim-HE-01,03_COMPLEX,2,UNI,0,correct_high_confidence,10,1.0,True,False,1.0,1.0,0.9267122660596192,0.9267122660596192
b3f186984df05412,Colorectal Histology MNIST/Kather_texture_2016_image_tiles_5000/Kather_texture_2016_image_tiles_5000/08_EMPTY/10997_CRC-Prim-HE-06_005.tif_Row_5251_Col_4501.tif,CRC-Prim-HE-06,08_EMPTY,7,UNI,5,correct_high_confidence,10,1.0,True,False,1.0,1.0,0.95922408427122,0.95922408427122
b413d9d06b6eb228,Colorectal Histology MNIST/Kather_texture_2016_image_tiles_5000/Kather_texture_2016_image_tiles_5000/05_DEBRIS/1599F_CRC-Prim-HE-04_012.tif_Row_151_Col_1.tif,CRC-Prim-HE-04,05_DEBRIS,4,UNI,3,correct_low_confidence,10,1.0,True,False,1.0,1.0,0.9612276596177973,0.9612276596177973
b5d9d54cd96b2071,Colorectal Histology MNIST/Kather_texture_2016_image_tiles_5000/Kather_texture_2016_image_tiles_5000/05_DEBRIS/32FA_CRC-Prim-HE-06_037.tif_Row_151_Col_151.tif,CRC-Prim-HE-06,05_DEBRIS,4,UNI,5,correct_low_confidence,10,1.0,True,False,1.0,1.0,0.9214189114406663,0.9214189114406663
b5fa391f8923fea2,Colorectal Histology MNIST/Kather_texture_2016_image_tiles_5000/Kather_texture_2016_image_tiles_5000/08_EMPTY/10AE9_CRC-Prim-HE-06_005.tif_Row_2551_Col_6001.tif,CRC-Prim-HE-06,08_EMPTY,7,UNI,5,incorrect_any_model,10,0.0,False,True,1.0,1.0,0.9060099999911457,0.9616683534014935
b6916aa2102e4088,Colorectal Histology MNIST/Kather_texture_2016_image_tiles_5000/Kather_texture_2016_image_tiles_5000/06_MUCOSA/1109C_CRC-Prim-HE-02_010.tif_Row_1_Col_151.tif,CRC-Prim-HE-02,06_MUCOSA,5,UNI,1,correct_high_confidence,10,1.0,True,False,1.0,1.0,0.7557240342447015,0.7557240342447015
b6929d2700ed7f2f,Colorectal Histology MNIST/Kather_texture_2016_image_tiles_5000/Kather_texture_2016_image_tiles_5000/06_MUCOSA/15FE5_CRC-Prim-HE-03_006.tif_Row_1_Col_1.tif,CRC-Prim-HE-03,06_MUCOSA,5,UNI,2,incorrect_any_model,10,1.0,True,False,1.0,1.0,0.9218984576780079,0.9218984576780079
b72b7a1e6a090000,Colorectal Histology MNIST/Kather_texture_2016_image_tiles_5000/Kather_texture_2016_image_tiles_5000/06_MUCOSA/14C36_CRC-Prim-HE-09_001.tif_Row_901_Col_1201.tif,CRC-Prim-HE-09,06_MUCOSA,5,UNI,8,correct_high_confidence,10,1.0,True,False,1.0,1.0,0.8678794511426855,0.8678794511426855
b80fd6a4428f6c65,Colorectal Histology MNIST/Kather_texture_2016_image_tiles_5000/Kather_texture_2016_image_tiles_5000/02_STROMA/11D6_CRC-Prim-HE-07_014.tif_Row_1_Col_301.tif,CRC-Prim-HE-07,02_STROMA,1,UNI,6,correct_high_confidence,10,1.0,True,False,1.0,1.0,0.9454896887819297,0.9454896887819297
b847124aee457744,Colorectal Histology MNIST/Kather_texture_2016_image_tiles_5000/Kather_texture_2016_image_tiles_5000/06_MUCOSA/13977_CRC-Prim-HE-03_007.tif_Row_451_Col_1501.tif,CRC-Prim-HE-03,06_MUCOSA,5,UNI,2,correct_low_confidence,10,1.0,True,False,1.0,1.0,0.9634969687471501,0.9634969687471501
bab8ffa3672fe863,Colorectal Histology MNIST/Kather_texture_2016_image_tiles_5000/Kather_texture_2016_image_tiles_5000/05_DEBRIS/182B3_CRC-Prim-HE-10_018.tif_Row_1_Col_1.tif,CRC-Prim-HE-10,05_DEBRIS,4,UNI,9,correct_high_confidence,10,1.0,True,False,1.0,1.0,0.9576839404250573,0.9576839404250573
bb29249aa49ee525,Colorectal Histology MNIST/Kather_texture_2016_image_tiles_5000/Kather_texture_2016_image_tiles_5000/03_COMPLEX/1277_CRC-Prim-HE-08_006.tif_Row_1051_Col_1.tif,CRC-Prim-HE-08,03_COMPLEX,2,UNI,7,correct_low_confidence,10,0.4,False,True,0.6,0.4666666666666667,0.9448982248112052,0.9439203613242776
bbd0df7cb2f1d6d1,Colorectal Histology MNIST/Kather_texture_2016_image_tiles_5000/Kather_texture_2016_image_tiles_5000/05_DEBRIS/4E83_CRC-Prim-HE-05_031.tif_Row_451_Col_151.tif,CRC-Prim-HE-05,05_DEBRIS,4,UNI,4,incorrect_any_model,10,0.0,False,True,1.0,1.0,0.9657446735039193,0.9861799307774652
bbe13df2388dd5ee,Colorectal Histology MNIST/Kather_texture_2016_image_tiles_5000/Kather_texture_2016_image_tiles_5000/02_STROMA/13EB7_CRC-Prim-HE-01_012.tif_Row_301_Col_451.tif,CRC-Prim-HE-01,02_STROMA,1,UNI,0,incorrect_any_model,10,0.3,False,True,0.7,0.5333333333333333,0.94598185232703,0.9648010582600869
bc29578cecf0ffb3,Colorectal Histology MNIST/Kather_texture_2016_image_tiles_5000/Kather_texture_2016_image_tiles_5000/07_ADIPOSE/11F25_CRC-Prim-HE-04_036.tif_Row_1_Col_901.tif,CRC-Prim-HE-04,07_ADIPOSE,6,UNI,3,correct_low_confidence,10,1.0,True,False,1.0,1.0,0.9671000822559923,0.9671000822559923
be3c49989d24922b,Colorectal Histology MNIST/Kather_texture_2016_image_tiles_5000/Kather_texture_2016_image_tiles_5000/08_EMPTY/1191D_CRC-Prim-HE-06_005.tif_Row_4951_Col_4951.tif,CRC-Prim-HE-06,08_EMPTY,7,UNI,5,correct_high_confidence,10,1.0,True,False,1.0,1.0,0.9500409509111465,0.9500409509111465
bf44465971ef3179,Colorectal Histology MNIST/Kather_texture_2016_image_tiles_5000/Kather_texture_2016_image_tiles_5000/06_MUCOSA/18B0_CRC-Prim-HE-05.tif_Row_901_Col_1651.tif,CRC-Prim-HE-05,06_MUCOSA,5,UNI,4,correct_high_confidence,10,1.0,True,False,1.0,1.0,0.9109839994829119,0.9109839994829119
c18fc3e2973f0de1,Colorectal Histology MNIST/Kather_texture_2016_image_tiles_5000/Kather_texture_2016_image_tiles_5000/05_DEBRIS/17C0B_CRC-Prim-HE-05_031.tif_Row_151_Col_1.tif,CRC-Prim-HE-05,05_DEBRIS,4,UNI,4,correct_high_confidence,10,1.0,True,False,1.0,1.0,0.9546763992594305,0.9546763992594305
c39937219f52008c,Colorectal Histology MNIST/Kather_texture_2016_image_tiles_5000/Kather_texture_2016_image_tiles_5000/08_EMPTY/14BDB_CRC-Prim-HE-06_005.tif_Row_451_Col_6001.tif,CRC-Prim-HE-06,08_EMPTY,7,UNI,5,incorrect_any_model,10,0.3,False,True,0.7,0.5333333333333333,0.9441589169834277,0.9699525323600742
c425783b974cd07c,Colorectal Histology MNIST/Kather_texture_2016_image_tiles_5000/Kather_texture_2016_image_tiles_5000/07_ADIPOSE/10F52_CRC-Prim-HE-06_004.tif_Row_2251_Col_1351.tif,CRC-Prim-HE-06,07_ADIPOSE,6,UNI,5,incorrect_any_model,10,0.8,False,True,0.8,0.6444444444444445,0.9554827308671925,0.9511569052975869
c4d1fe65995b26f9,Colorectal Histology MNIST/Kather_texture_2016_image_tiles_5000/Kather_texture_2016_image_tiles_5000/07_ADIPOSE/16711_CRC-Prim-HE-07.tif_Row_1051_Col_3901.tif,CRC-Prim-HE-07,07_ADIPOSE,6,UNI,6,correct_high_confidence,10,1.0,True,False,1.0,1.0,0.9737046452057331,0.9737046452057331
c64f85e88acdea4b,Colorectal Histology MNIST/Kather_texture_2016_image_tiles_5000/Kather_texture_2016_image_tiles_5000/01_TUMOR/12AA9_CRC-Prim-HE-10_029.tif_Row_1_Col_601.tif,CRC-Prim-HE-10,01_TUMOR,0,UNI,9,correct_low_confidence,10,1.0,True,False,1.0,1.0,0.8181691710915786,0.8181691710915786
c67fc5a94d0afbcd,Colorectal Histology MNIST/Kather_texture_2016_image_tiles_5000/Kather_texture_2016_image_tiles_5000/01_TUMOR/32BF_CRC-Prim-HE-04_025.tif_Row_1_Col_1.tif,CRC-Prim-HE-04,01_TUMOR,0,UNI,3,correct_low_confidence,10,1.0,True,False,1.0,1.0,0.9170645324379917,0.9170645324379917
c68a986b4dae0cf4,Colorectal Histology MNIST/Kather_texture_2016_image_tiles_5000/Kather_texture_2016_image_tiles_5000/05_DEBRIS/5501_CRC-Prim-HE-06_037.tif_Row_601_Col_301.tif,CRC-Prim-HE-06,05_DEBRIS,4,UNI,5,correct_high_confidence,10,1.0,True,False,1.0,1.0,0.8700267132754443,0.8700267132754443
c6a6ff38756c5203,Colorectal Histology MNIST/Kather_texture_2016_image_tiles_5000/Kather_texture_2016_image_tiles_5000/02_STROMA/1247B_CRC-Prim-HE-06_003.tif_Row_751_Col_151.tif,CRC-Prim-HE-06,02_STROMA,1,UNI,5,correct_low_confidence,10,0.6,False,True,0.6,0.4666666666666667,0.9398163147671074,0.9651612846101606
c86af546496edae6,Colorectal Histology MNIST/Kather_texture_2016_image_tiles_5000/Kather_texture_2016_image_tiles_5000/06_MUCOSA/17BA4_CRC-Prim-HE-09_001.tif_Row_2101_Col_1651.tif,CRC-Prim-HE-09,06_MUCOSA,5,UNI,8,incorrect_any_model,10,0.0,False,True,0.7,0.5333333333333333,0.949433350067868,0.9403752608683719
c8912e73a087a123,Colorectal Histology MNIST/Kather_texture_2016_image_tiles_5000/Kather_texture_2016_image_tiles_5000/01_TUMOR/17420_CRC-Prim-HE-06_025.tif_Row_151_Col_1.tif,CRC-Prim-HE-06,01_TUMOR,0,UNI,5,incorrect_any_model,10,0.9,False,True,0.9,0.8,0.9112256851198113,0.9076441405665481
c9f61cfb5f9527d7,Colorectal Histology MNIST/Kather_texture_2016_image_tiles_5000/Kather_texture_2016_image_tiles_5000/06_MUCOSA/1176E_CRC-Prim-HE-05_001.tif_Row_451_Col_151.tif,CRC-Prim-HE-05,06_MUCOSA,5,UNI,4,incorrect_any_model,10,1.0,True,False,1.0,1.0,0.9236162178004094,0.9236162178004094
cafa43bacc3757d3,Colorectal Histology MNIST/Kather_texture_2016_image_tiles_5000/Kather_texture_2016_image_tiles_5000/03_COMPLEX/5C8E_CRC-Prim-HE-08_005.tif_Row_901_Col_1.tif,CRC-Prim-HE-08,03_COMPLEX,2,UNI,7,correct_high_confidence,10,1.0,True,False,1.0,1.0,0.9293142825267555,0.9293142825267555
cb86458124384107,Colorectal Histology MNIST/Kather_texture_2016_image_tiles_5000/Kather_texture_2016_image_tiles_5000/05_DEBRIS/12394_CRC-Prim-HE-06_029.tif_Row_1_Col_301.tif,CRC-Prim-HE-06,05_DEBRIS,4,UNI,5,correct_low_confidence,10,0.8,False,True,0.8,0.6444444444444445,0.9558512203707372,0.9496379054029526
cc4eeddb30209290,Colorectal Histology MNIST/Kather_texture_2016_image_tiles_5000/Kather_texture_2016_image_tiles_5000/06_MUCOSA/17FA2_CRC-Prim-HE-08_022.tif_Row_751_Col_1201.tif,CRC-Prim-HE-08,06_MUCOSA,5,UNI,7,correct_high_confidence,10,1.0,True,False,1.0,1.0,0.8787333108435358,0.8787333108435358
cebeb9d4928b4548,Colorectal Histology MNIST/Kather_texture_2016_image_tiles_5000/Kather_texture_2016_image_tiles_5000/01_TUMOR/5ADB_CRC-Prim-HE-04_029.tif_Row_451_Col_1.tif,CRC-Prim-HE-04,01_TUMOR,0,UNI,3,incorrect_any_model,10,0.0,False,True,1.0,1.0,0.9535246382817086,0.9533402573576614
cf0939767237c80d,Colorectal Histology MNIST/Kather_texture_2016_image_tiles_5000/Kather_texture_2016_image_tiles_5000/05_DEBRIS/100D8_CRC-Prim-HE-09_018.tif_Row_1_Col_451.tif,CRC-Prim-HE-09,05_DEBRIS,4,UNI,8,correct_high_confidence,10,1.0,True,False,1.0,1.0,0.944421299432177,0.944421299432177
d1c51024cb1d7ffe,Colorectal Histology MNIST/Kather_texture_2016_image_tiles_5000/Kather_texture_2016_image_tiles_5000/04_LYMPHO/119C5_CRC-Prim-HE-08_011.tif_Row_301_Col_151.tif,CRC-Prim-HE-08,04_LYMPHO,3,UNI,7,correct_high_confidence,10,1.0,True,False,1.0,1.0,0.9004143966580516,0.9004143966580516
d1efa060416e2952,Colorectal Histology MNIST/Kather_texture_2016_image_tiles_5000/Kather_texture_2016_image_tiles_5000/05_DEBRIS/182AB_CRC-Prim-HE-05_031.tif_Row_1_Col_1.tif,CRC-Prim-HE-05,05_DEBRIS,4,UNI,4,correct_high_confidence,10,1.0,True,False,1.0,1.0,0.9472013217625982,0.9472013217625982
d207bd7fcb29255f,Colorectal Histology MNIST/Kather_texture_2016_image_tiles_5000/Kather_texture_2016_image_tiles_5000/03_COMPLEX/72FB_CRC-Prim-HE-03_025.tif_Row_1_Col_601.tif,CRC-Prim-HE-03,03_COMPLEX,2,UNI,2,correct_high_confidence,10,1.0,True,False,1.0,1.0,0.9165623547349436,0.9165623547349436
d214abefe7c1dfaf,Colorectal Histology MNIST/Kather_texture_2016_image_tiles_5000/Kather_texture_2016_image_tiles_5000/07_ADIPOSE/16AA4_CRC-Prim-HE-03_012.tif_Row_3901_Col_1351.tif,CRC-Prim-HE-03,07_ADIPOSE,6,UNI,2,incorrect_any_model,10,0.0,False,True,1.0,1.0,0.9767413699828493,0.9681246961885105
d2cd5399d5294aee,Colorectal Histology MNIST/Kather_texture_2016_image_tiles_5000/Kather_texture_2016_image_tiles_5000/01_TUMOR/291E_CRC-Prim-HE-09_024.tif_Row_601_Col_151.tif,CRC-Prim-HE-09,01_TUMOR,0,UNI,8,correct_high_confidence,10,1.0,True,False,1.0,1.0,0.8893662038549641,0.8893662038549641
d345f3e6315b1134,Colorectal Histology MNIST/Kather_texture_2016_image_tiles_5000/Kather_texture_2016_image_tiles_5000/08_EMPTY/100C2_CRC-Prim-HE-10_026.tif_Row_1651_Col_301.tif,CRC-Prim-HE-10,08_EMPTY,7,UNI,9,correct_high_confidence,10,1.0,True,False,1.0,1.0,0.9542011738966055,0.9542011738966055
d35041c32ee958d6,Colorectal Histology MNIST/Kather_texture_2016_image_tiles_5000/Kather_texture_2016_image_tiles_5000/08_EMPTY/13956_CRC-Prim-HE-06_005.tif_Row_2701_Col_151.tif,CRC-Prim-HE-06,08_EMPTY,7,UNI,5,correct_low_confidence,10,0.7,False,True,0.7,0.5333333333333333,0.9442351520850433,0.9333992797952189
d3bbf2f08cac9ae7,Colorectal Histology MNIST/Kather_texture_2016_image_tiles_5000/Kather_texture_2016_image_tiles_5000/01_TUMOR/6E25_CRC-Prim-HE-10_029.tif_Row_1_Col_151.tif,CRC-Prim-HE-10,01_TUMOR,0,UNI,9,correct_high_confidence,10,1.0,True,False,1.0,1.0,0.8956793202768548,0.8956793202768548
d49629b83cdc32c9,Colorectal Histology MNIST/Kather_texture_2016_image_tiles_5000/Kather_texture_2016_image_tiles_5000/02_STROMA/110DF_CRC-Prim-HE-01_019.tif_Row_301_Col_751.tif,CRC-Prim-HE-01,02_STROMA,1,UNI,0,correct_high_confidence,10,1.0,True,False,1.0,1.0,0.9629250195457593,0.9629250195457593
d63f1676f784f23d,Colorectal Histology MNIST/Kather_texture_2016_image_tiles_5000/Kather_texture_2016_image_tiles_5000/05_DEBRIS/7A70_CRC-Prim-HE-06_037.tif_Row_751_Col_151.tif,CRC-Prim-HE-06,05_DEBRIS,4,UNI,5,correct_high_confidence,10,1.0,True,False,1.0,1.0,0.8696708077998869,0.8696708077998869
d6c94cfaf1e9cd3d,Colorectal Histology MNIST/Kather_texture_2016_image_tiles_5000/Kather_texture_2016_image_tiles_5000/07_ADIPOSE/13910_CRC-Prim-HE-03_012.tif_Row_3151_Col_1351.tif,CRC-Prim-HE-03,07_ADIPOSE,6,UNI,2,correct_high_confidence,10,1.0,True,False,1.0,1.0,0.9818565062364917,0.9818565062364917
d80f16cbdb8857f7,Colorectal Histology MNIST/Kather_texture_2016_image_tiles_5000/Kather_texture_2016_image_tiles_5000/07_ADIPOSE/14930_CRC-Prim-HE-06_004.tif_Row_151_Col_601.tif,CRC-Prim-HE-06,07_ADIPOSE,6,UNI,5,correct_low_confidence,10,1.0,True,False,1.0,1.0,0.9420562227233727,0.9420562227233727
d9b66e01e9e8bd36,Colorectal Histology MNIST/Kather_texture_2016_image_tiles_5000/Kather_texture_2016_image_tiles_5000/07_ADIPOSE/12360_CRC-Prim-HE-06_004.tif_Row_1_Col_1951.tif,CRC-Prim-HE-06,07_ADIPOSE,6,UNI,5,correct_low_confidence,10,0.9,False,True,0.9,0.8,0.9483162313474133,0.9467678884647703
d9dd2006e13c0d70,Colorectal Histology MNIST/Kather_texture_2016_image_tiles_5000/Kather_texture_2016_image_tiles_5000/01_TUMOR/15424_CRC-Prim-HE-05_024.tif_Row_1_Col_151.tif,CRC-Prim-HE-05,01_TUMOR,0,UNI,4,correct_low_confidence,10,0.8,False,True,0.8,0.6444444444444445,0.9087442476755073,0.9051976047480036
dc6b94ff2715424a,Colorectal Histology MNIST/Kather_texture_2016_image_tiles_5000/Kather_texture_2016_image_tiles_5000/05_DEBRIS/15ABF_CRC-Prim-HE-04_002.tif_Row_751_Col_1051.tif,CRC-Prim-HE-04,05_DEBRIS,4,UNI,3,incorrect_any_model,10,1.0,True,False,1.0,1.0,0.9446561141702551,0.9446561141702551
dcde425cdf686b04,Colorectal Histology MNIST/Kather_texture_2016_image_tiles_5000/Kather_texture_2016_image_tiles_5000/03_COMPLEX/16709_CRC-Prim-HE-04_018.tif_Row_301_Col_151.tif,CRC-Prim-HE-04,03_COMPLEX,2,UNI,3,incorrect_any_model,10,1.0,True,False,1.0,1.0,0.9625175114950315,0.9625175114950315
de23c47aa96416d1,Colorectal Histology MNIST/Kather_texture_2016_image_tiles_5000/Kather_texture_2016_image_tiles_5000/04_LYMPHO/105DB_CRC-Prim-HE-02_copy.tif_Row_1_Col_601.tif,CRC-Prim-HE-02,04_LYMPHO,3,UNI,1,correct_high_confidence,10,1.0,True,False,1.0,1.0,0.8846989510368772,0.8846989510368772
dfaa8ec92189e348,Colorectal Histology MNIST/Kather_texture_2016_image_tiles_5000/Kather_texture_2016_image_tiles_5000/01_TUMOR/7AC8_CRC-Prim-HE-09_010.tif_Row_151_Col_751.tif,CRC-Prim-HE-09,01_TUMOR,0,UNI,8,correct_high_confidence,10,1.0,True,False,1.0,1.0,0.8962743967820109,0.8962743967820109
e278af829a6b9784,Colorectal Histology MNIST/Kather_texture_2016_image_tiles_5000/Kather_texture_2016_image_tiles_5000/06_MUCOSA/14A08_CRC-Prim-HE-05.tif_Row_1_Col_1351.tif,CRC-Prim-HE-05,06_MUCOSA,5,UNI,4,correct_high_confidence,10,1.0,True,False,1.0,1.0,0.8869854019962796,0.8869854019962796
e282c13c35afa98c,Colorectal Histology MNIST/Kather_texture_2016_image_tiles_5000/Kather_texture_2016_image_tiles_5000/03_COMPLEX/17E0D_CRC-Prim-HE-08_006.tif_Row_601_Col_1.tif,CRC-Prim-HE-08,03_COMPLEX,2,UNI,7,incorrect_any_model,10,0.0,False,True,1.0,1.0,0.95711160163662,0.9603213384794241
e3197911686a7651,Colorectal Histology MNIST/Kather_texture_2016_image_tiles_5000/Kather_texture_2016_image_tiles_5000/08_EMPTY/148EA_CRC-Prim-HE-06_005.tif_Row_6151_Col_7951.tif,CRC-Prim-HE-06,08_EMPTY,7,UNI,5,incorrect_any_model,10,0.3,False,True,0.7,0.5333333333333333,0.9469046423723727,0.9685242708302897
e32905663da3594c,Colorectal Histology MNIST/Kather_texture_2016_image_tiles_5000/Kather_texture_2016_image_tiles_5000/05_DEBRIS/126E5_CRC-Prim-HE-02_020.tif_Row_1_Col_1.tif,CRC-Prim-HE-02,05_DEBRIS,4,UNI,1,incorrect_any_model,10,0.8,False,True,0.8,0.6444444444444445,0.9203835148622728,0.9223748872189772
e3d076db3e655665,Colorectal Histology MNIST/Kather_texture_2016_image_tiles_5000/Kather_texture_2016_image_tiles_5000/07_ADIPOSE/16FD8_CRC-Prim-HE-04_036.tif_Row_601_Col_1351.tif,CRC-Prim-HE-04,07_ADIPOSE,6,UNI,3,incorrect_any_model,10,0.0,False,True,1.0,1.0,0.9451319770391561,0.9218960493217202
e3d399728802ed6d,Colorectal Histology MNIST/Kather_texture_2016_image_tiles_5000/Kather_texture_2016_image_tiles_5000/02_STROMA/10E25_CRC-Prim-HE-07_014.tif_Row_451_Col_901.tif,CRC-Prim-HE-07,02_STROMA,1,UNI,6,correct_high_confidence,10,1.0,True,False,1.0,1.0,0.9464880587143097,0.9464880587143097
e421b114e1846ee3,Colorectal Histology MNIST/Kather_texture_2016_image_tiles_5000/Kather_texture_2016_image_tiles_5000/06_MUCOSA/14CA1_CRC-Prim-HE-06_001.tif_Row_1651_Col_751.tif,CRC-Prim-HE-06,06_MUCOSA,5,UNI,5,correct_high_confidence,10,1.0,True,False,1.0,1.0,0.873184210037002,0.873184210037002
e52a13055817c38e,Colorectal Histology MNIST/Kather_texture_2016_image_tiles_5000/Kather_texture_2016_image_tiles_5000/06_MUCOSA/1302A_CRC-Prim-HE-09_001.tif_Row_2251_Col_151.tif,CRC-Prim-HE-09,06_MUCOSA,5,UNI,8,incorrect_any_model,10,0.0,False,True,1.0,1.0,0.8475828514407194,0.9292358338623751
ea872201a8997191,Colorectal Histology MNIST/Kather_texture_2016_image_tiles_5000/Kather_texture_2016_image_tiles_5000/06_MUCOSA/18290_CRC-Prim-HE-07_001.tif_Row_151_Col_2401.tif,CRC-Prim-HE-07,06_MUCOSA,5,UNI,6,correct_low_confidence,10,1.0,True,False,1.0,1.0,0.92767426272865,0.92767426272865
eaf3ad0d094266c7,Colorectal Histology MNIST/Kather_texture_2016_image_tiles_5000/Kather_texture_2016_image_tiles_5000/05_DEBRIS/6667_CRC-Prim-HE-01_025.tif_Row_1_Col_1.tif,CRC-Prim-HE-01,05_DEBRIS,4,UNI,0,correct_low_confidence,10,1.0,True,False,1.0,1.0,0.9330213095260232,0.9330213095260232
eafad45d1660d58c,Colorectal Histology MNIST/Kather_texture_2016_image_tiles_5000/Kather_texture_2016_image_tiles_5000/02_STROMA/13051_CRC-Prim-HE-07_028.tif_Row_1_Col_1.tif,CRC-Prim-HE-07,02_STROMA,1,UNI,6,correct_low_confidence,10,0.5,False,True,0.5,0.4444444444444444,0.9137388934488282,0.9457537225485014
ebec86a33e09599f,Colorectal Histology MNIST/Kather_texture_2016_image_tiles_5000/Kather_texture_2016_image_tiles_5000/06_MUCOSA/2387_CRC-Prim-HE-06_001.tif_Row_451_Col_1.tif,CRC-Prim-HE-06,06_MUCOSA,5,UNI,5,correct_low_confidence,10,1.0,True,False,1.0,1.0,0.8691208171411215,0.8691208171411215
ec3369696704a466,Colorectal Histology MNIST/Kather_texture_2016_image_tiles_5000/Kather_texture_2016_image_tiles_5000/06_MUCOSA/13A4B_CRC-Prim-HE-01_010.tif_Row_151_Col_151.tif,CRC-Prim-HE-01,06_MUCOSA,5,UNI,0,incorrect_any_model,10,1.0,True,False,1.0,1.0,0.9081353744152875,0.9081353744152875
ec9ec0e66c7d3b7d,Colorectal Histology MNIST/Kather_texture_2016_image_tiles_5000/Kather_texture_2016_image_tiles_5000/08_EMPTY/10F3C_CRC-Prim-HE-06_005.tif_Row_3301_Col_4051.tif,CRC-Prim-HE-06,08_EMPTY,7,UNI,5,correct_low_confidence,10,0.7,False,True,0.7,0.5333333333333333,0.9699486276353572,0.9718866549613467
ecd14457d7b51287,Colorectal Histology MNIST/Kather_texture_2016_image_tiles_5000/Kather_texture_2016_image_tiles_5000/06_MUCOSA/147E4_CRC-Prim-HE-08_008.tif_Row_1201_Col_301.tif,CRC-Prim-HE-08,06_MUCOSA,5,UNI,7,correct_high_confidence,10,1.0,True,False,1.0,1.0,0.8431483945914693,0.8431483945914693
ee35c00ac13a5f3e,Colorectal Histology MNIST/Kather_texture_2016_image_tiles_5000/Kather_texture_2016_image_tiles_5000/03_COMPLEX/38A0_CRC-Prim-HE-10_025.tif_Row_451_Col_151.tif,CRC-Prim-HE-10,03_COMPLEX,2,UNI,9,correct_high_confidence,10,1.0,True,False,1.0,1.0,0.857451162164723,0.857451162164723
effe32e349705865,Colorectal Histology MNIST/Kather_texture_2016_image_tiles_5000/Kather_texture_2016_image_tiles_5000/02_STROMA/132BC_CRC-Prim-HE-05_009b.tif_Row_301_Col_1351.tif,CRC-Prim-HE-05,02_STROMA,1,UNI,4,correct_high_confidence,10,1.0,True,False,1.0,1.0,0.9080295838236376,0.9080295838236376
f08968b7be243620,Colorectal Histology MNIST/Kather_texture_2016_image_tiles_5000/Kather_texture_2016_image_tiles_5000/07_ADIPOSE/120A1_CRC-Prim-HE-10_020.tif_Row_901_Col_2101.tif,CRC-Prim-HE-10,07_ADIPOSE,6,UNI,9,incorrect_any_model,10,1.0,True,False,1.0,1.0,0.9180348875200219,0.9180348875200219
f116d2a126d269ac,Colorectal Histology MNIST/Kather_texture_2016_image_tiles_5000/Kather_texture_2016_image_tiles_5000/03_COMPLEX/180C5_CRC-Prim-HE-05_021.tif_Row_1_Col_301.tif,CRC-Prim-HE-05,03_COMPLEX,2,UNI,4,correct_high_confidence,10,1.0,True,False,1.0,1.0,0.8865464436457912,0.8865464436457912
f176697eddd3b13e,Colorectal Histology MNIST/Kather_texture_2016_image_tiles_5000/Kather_texture_2016_image_tiles_5000/03_COMPLEX/13F8A_CRC-Prim-HE-04_018.tif_Row_1_Col_151.tif,CRC-Prim-HE-04,03_COMPLEX,2,UNI,3,correct_high_confidence,10,1.0,True,False,1.0,1.0,0.9708151489152215,0.9708151489152215
f1c634424fcd7ead,Colorectal Histology MNIST/Kather_texture_2016_image_tiles_5000/Kather_texture_2016_image_tiles_5000/02_STROMA/12155_CRC-Prim-HE-05_009b.tif_Row_301_Col_151.tif,CRC-Prim-HE-05,02_STROMA,1,UNI,4,correct_high_confidence,10,1.0,True,False,1.0,1.0,0.9351454797720209,0.9351454797720209
f1ee00d7ee61f85b,Colorectal Histology MNIST/Kather_texture_2016_image_tiles_5000/Kather_texture_2016_image_tiles_5000/05_DEBRIS/1516E_CRC-Prim-HE-10_018.tif_Row_301_Col_151.tif,CRC-Prim-HE-10,05_DEBRIS,4,UNI,9,correct_low_confidence,10,1.0,True,False,1.0,1.0,0.9174083252981005,0.9174083252981005
f21424bf76115acd,Colorectal Histology MNIST/Kather_texture_2016_image_tiles_5000/Kather_texture_2016_image_tiles_5000/03_COMPLEX/1BFF_CRC-Prim-HE-07_005.tif_Row_1_Col_301.tif,CRC-Prim-HE-07,03_COMPLEX,2,UNI,6,incorrect_any_model,10,0.0,False,True,1.0,1.0,0.9271008968470897,0.90418574093701
f3690d3f5927eebc,Colorectal Histology MNIST/Kather_texture_2016_image_tiles_5000/Kather_texture_2016_image_tiles_5000/04_LYMPHO/387F_CRC-Prim-HE-01b.tif_Row_151_Col_151.tif,CRC-Prim-HE-01,04_LYMPHO,3,UNI,0,correct_high_confidence,10,1.0,True,False,1.0,1.0,0.9552689965742901,0.9552689965742901
f3a7d1412918be9d,Colorectal Histology MNIST/Kather_texture_2016_image_tiles_5000/Kather_texture_2016_image_tiles_5000/07_ADIPOSE/143_CRC-Prim-HE-07.tif_Row_751_Col_1501.tif,CRC-Prim-HE-07,07_ADIPOSE,6,UNI,6,incorrect_any_model,10,1.0,True,False,1.0,1.0,0.966922643064775,0.966922643064775
f3ea0c2dad2b1d8b,Colorectal Histology MNIST/Kather_texture_2016_image_tiles_5000/Kather_texture_2016_image_tiles_5000/01_TUMOR/10B61_CRC-Prim-HE-09_022.tif_Row_301_Col_1.tif,CRC-Prim-HE-09,01_TUMOR,0,UNI,8,incorrect_any_model,10,0.0,False,True,1.0,1.0,0.9401857444787107,0.9161999679476114
f4dad042bb035194,Colorectal Histology MNIST/Kather_texture_2016_image_tiles_5000/Kather_texture_2016_image_tiles_5000/08_EMPTY/15672_CRC-Prim-HE-06_005.tif_Row_5251_Col_1.tif,CRC-Prim-HE-06,08_EMPTY,7,UNI,5,correct_high_confidence,10,1.0,True,False,1.0,1.0,0.9423400545953122,0.9423400545953122
f4dc756790902f42,Colorectal Histology MNIST/Kather_texture_2016_image_tiles_5000/Kather_texture_2016_image_tiles_5000/04_LYMPHO/5971_CRC-Prim-HE-03_032.tif_Row_151_Col_1.tif,CRC-Prim-HE-03,04_LYMPHO,3,UNI,2,incorrect_any_model,10,0.0,False,True,0.9,0.8,0.915242726011399,0.9220247192981059
f592dea2058e2fbb,Colorectal Histology MNIST/Kather_texture_2016_image_tiles_5000/Kather_texture_2016_image_tiles_5000/04_LYMPHO/E86D_CRC-Prim-HE-09_019.tif_Row_601_Col_1.tif,CRC-Prim-HE-09,04_LYMPHO,3,UNI,8,incorrect_any_model,10,0.0,False,True,1.0,1.0,0.8660930882830812,0.8436446576548101
f6ca6de7ba0a5755,Colorectal Histology MNIST/Kather_texture_2016_image_tiles_5000/Kather_texture_2016_image_tiles_5000/06_MUCOSA/12997_CRC-Prim-HE-02_010.tif_Row_151_Col_151.tif,CRC-Prim-HE-02,06_MUCOSA,5,UNI,1,correct_high_confidence,10,1.0,True,False,1.0,1.0,0.8910070382441668,0.8910070382441668
f805172f1b7a7abe,Colorectal Histology MNIST/Kather_texture_2016_image_tiles_5000/Kather_texture_2016_image_tiles_5000/04_LYMPHO/6B57_CRC-Prim-HE-06.tif_Row_151_Col_451.tif,CRC-Prim-HE-06,04_LYMPHO,3,UNI,5,correct_high_confidence,10,1.0,True,False,1.0,1.0,0.8123018839189978,0.8123018839189978
f84b95d53252404b,Colorectal Histology MNIST/Kather_texture_2016_image_tiles_5000/Kather_texture_2016_image_tiles_5000/01_TUMOR/142DB_CRC-Prim-HE-04_032.tif_Row_151_Col_151.tif,CRC-Prim-HE-04,01_TUMOR,0,UNI,3,correct_high_confidence,10,1.0,True,False,1.0,1.0,0.9291175056512259,0.9291175056512259
f9712c30e0c76d77,Colorectal Histology MNIST/Kather_texture_2016_image_tiles_5000/Kather_texture_2016_image_tiles_5000/08_EMPTY/148D6_CRC-Prim-HE-06_005.tif_Row_3901_Col_3151.tif,CRC-Prim-HE-06,08_EMPTY,7,UNI,5,correct_high_confidence,10,1.0,True,False,1.0,1.0,0.9700446165710852,0.9700446165710852
f9cb360943db7c9f,Colorectal Histology MNIST/Kather_texture_2016_image_tiles_5000/Kather_texture_2016_image_tiles_5000/03_COMPLEX/15E3B_CRC-Prim-HE-08_005.tif_Row_751_Col_1.tif,CRC-Prim-HE-08,03_COMPLEX,2,UNI,7,correct_high_confidence,10,1.0,True,False,1.0,1.0,0.9324435873529423,0.9324435873529423
fa5f8b14785c09ad,Colorectal Histology MNIST/Kather_texture_2016_image_tiles_5000/Kather_texture_2016_image_tiles_5000/06_MUCOSA/165BE_CRC-Prim-HE-09_001.tif_Row_1801_Col_1201.tif,CRC-Prim-HE-09,06_MUCOSA,5,UNI,8,correct_low_confidence,10,1.0,True,False,1.0,1.0,0.9252010579059168,0.9252010579059168
fc3ee06e34231d86,Colorectal Histology MNIST/Kather_texture_2016_image_tiles_5000/Kather_texture_2016_image_tiles_5000/02_STROMA/1393C_CRC-Prim-HE-08_002.tif_Row_1_Col_301.tif,CRC-Prim-HE-08,02_STROMA,1,UNI,7,incorrect_any_model,10,1.0,True,False,1.0,1.0,0.9490083327356714,0.9490083327356714
fcb8ce7d834df3b9,Colorectal Histology MNIST/Kather_texture_2016_image_tiles_5000/Kather_texture_2016_image_tiles_5000/06_MUCOSA/2238_CRC-Prim-HE-05_030.tif_Row_301_Col_1051.tif,CRC-Prim-HE-05,06_MUCOSA,5,UNI,4,correct_low_confidence,10,1.0,True,False,1.0,1.0,0.9075835420723021,0.9075835420723021
fe53f5c5ed88cf27,Colorectal Histology MNIST/Kather_texture_2016_image_tiles_5000/Kather_texture_2016_image_tiles_5000/07_ADIPOSE/144BB_CRC-Prim-HE-04_036.tif_Row_1051_Col_1351.tif,CRC-Prim-HE-04,07_ADIPOSE,6,UNI,3,correct_high_confidence,10,1.0,True,False,1.0,1.0,0.956884826558503,0.956884826558503
fff9dc6d3b013d9f,Colorectal Histology MNIST/Kather_texture_2016_image_tiles_5000/Kather_texture_2016_image_tiles_5000/05_DEBRIS/118D7_CRC-Prim-HE-07_002.tif_Row_451_Col_1201.tif,CRC-Prim-HE-07,05_DEBRIS,4,UNI,6,incorrect_any_model,10,0.0,False,True,1.0,1.0,0.9191943694046668,0.9142234157752649
