absolute_margin_threshold,cohort_name,perturbation,grid_label,model,image_seed_rows,images,source_groups,margin_auc_mean,margin_auc_median,top_beats_random_fraction
0.0,random_prediction_independent,normalized_zero,common_14,DINOv2,287,100,10,0.1786731716969388,0.1118051772146297,0.7317073170731707
0.0,random_prediction_independent,normalized_zero,common_14,ResNet18,287,100,10,-1.0078266062782573,-0.1279945645775466,0.23344947735191637
0.0,random_prediction_independent,normalized_zero,common_14,UNI,287,100,10,0.14578812598434368,0.1287588611253269,0.9233449477351916
0.0,selected_faithfulness,gaussian_blur,common_14,DINOv2,527,187,10,0.12732475803932825,0.0587542444892589,0.683111954459203
0.0,selected_faithfulness,gaussian_blur,common_14,ResNet18,527,187,10,0.013997505250040405,-0.0142186430224747,0.43833017077798864
0.0,selected_faithfulness,gaussian_blur,common_14,UNI,527,187,10,0.033281887311632535,0.0783708678716109,0.8444022770398482
0.0,selected_faithfulness,local_mean,common_14,DINOv2,527,187,10,0.14534328404338315,0.1161766269799413,0.7685009487666035
0.0,selected_faithfulness,local_mean,common_14,ResNet18,527,187,10,-0.05824619061434187,-0.0425326843312971,0.31688804554079697
0.0,selected_faithfulness,local_mean,common_14,UNI,527,187,10,0.010992255147698035,0.1261105435717281,0.9506641366223909
0.0,selected_faithfulness,normalized_zero,common_14,DINOv2,527,187,10,0.14213609695924864,0.0964318649696099,0.6869070208728653
0.0,selected_faithfulness,normalized_zero,common_14,ResNet18,527,187,10,-0.13621252418924,-0.1478705964306718,0.18216318785578747
0.0,selected_faithfulness,normalized_zero,common_14,UNI,527,187,10,0.054027594663273566,0.1200628552913425,0.9582542694497154
0.0,selected_faithfulness,normalized_zero,common_7,DINOv2,527,187,10,0.15291233146485272,0.0627701466004319,0.6963946869070209
0.0,selected_faithfulness,normalized_zero,common_7,ResNet18,527,187,10,-0.06154756228924804,-0.0695438028315614,0.2333965844402277
0.0,selected_faithfulness,normalized_zero,common_7,UNI,527,187,10,-0.002735116287953478,0.0728195630563164,0.8823529411764706
0.0,selected_faithfulness,normalized_zero,native_14,UNI,527,187,10,0.054027594663273566,0.1200628552913425,0.9582542694497154
0.0,selected_faithfulness,normalized_zero,native_16,DINOv2,527,187,10,0.3044568797989263,0.1595025303738482,0.793168880455408
0.0,selected_faithfulness,normalized_zero,native_5,ResNet18,527,187,10,-0.03869238358297736,-0.0306260610845952,0.3605313092979127
0.1,random_prediction_independent,normalized_zero,common_14,DINOv2,287,100,10,0.1786731716969388,0.1118051772146297,0.7317073170731707
0.1,random_prediction_independent,normalized_zero,common_14,ResNet18,285,100,10,-0.10176558395817789,-0.1252913800820385,0.23508771929824562
0.1,random_prediction_independent,normalized_zero,common_14,UNI,287,100,10,0.14578812598434368,0.1287588611253269,0.9233449477351916
0.1,selected_faithfulness,gaussian_blur,common_14,DINOv2,524,185,10,0.11718859186915943,0.0581635511130813,0.683206106870229
0.1,selected_faithfulness,gaussian_blur,common_14,ResNet18,526,187,10,-0.0017897000090745664,-0.014422757670245551,0.4372623574144487
0.1,selected_faithfulness,gaussian_blur,common_14,UNI,524,186,10,0.12500843048393376,0.07848634930926876,0.8492366412213741
0.1,selected_faithfulness,local_mean,common_14,DINOv2,524,185,10,0.23955795295953025,0.11691939580977226,0.7729007633587787
0.1,selected_faithfulness,local_mean,common_14,ResNet18,526,187,10,-0.039501026571987626,-0.0423080533582851,0.31749049429657794
0.1,selected_faithfulness,local_mean,common_14,UNI,524,186,10,0.19225670613387214,0.12618413798832445,0.9541984732824428
0.1,selected_faithfulness,normalized_zero,common_14,DINOv2,524,185,10,0.23503764505766497,0.0968581014536492,0.6889312977099237
0.1,selected_faithfulness,normalized_zero,common_14,ResNet18,526,187,10,-0.11690941309344244,-0.14746236758020959,0.18250950570342206
0.1,selected_faithfulness,normalized_zero,common_14,UNI,524,186,10,0.20144009314268246,0.1203605969843062,0.9618320610687023
0.1,selected_faithfulness,normalized_zero,common_7,DINOv2,524,185,10,0.15306914481196046,0.06289343332141059,0.6984732824427481
0.1,selected_faithfulness,normalized_zero,common_7,ResNet18,526,187,10,-0.05769017506102723,-0.06857000027119375,0.2338403041825095
0.1,selected_faithfulness,normalized_zero,common_7,UNI,524,186,10,0.1190905412193791,0.0731374732770709,0.8854961832061069
0.1,selected_faithfulness,normalized_zero,native_14,UNI,524,186,10,0.20144009314268246,0.1203605969843062,0.9618320610687023
0.1,selected_faithfulness,normalized_zero,native_16,DINOv2,524,185,10,0.30149953560863557,0.15858593144232475,0.7938931297709924
0.1,selected_faithfulness,normalized_zero,native_5,ResNet18,526,187,10,-0.01451927039923952,-0.03060639669342325,0.3612167300380228
0.25,random_prediction_independent,normalized_zero,common_14,DINOv2,283,100,10,0.14298766449044653,0.1115833722817365,0.7314487632508834
0.25,random_prediction_independent,normalized_zero,common_14,ResNet18,284,99,10,-0.09387435413916236,-0.12385121180517855,0.23591549295774647
0.25,random_prediction_independent,normalized_zero,common_14,UNI,287,100,10,0.14578812598434368,0.1287588611253269,0.9233449477351916
0.25,selected_faithfulness,gaussian_blur,common_14,DINOv2,514,184,10,0.09908313790340664,0.0574112033548606,0.6809338521400778
0.25,selected_faithfulness,gaussian_blur,common_14,ResNet18,525,186,10,-0.01531280387944551,-0.0146268723180164,0.4361904761904762
0.25,selected_faithfulness,gaussian_blur,common_14,UNI,520,184,10,0.10475587615270289,0.07841110832555045,0.85
0.25,selected_faithfulness,local_mean,common_14,DINOv2,514,184,10,0.18297279893156787,0.11268514690119774,0.7704280155642024
0.25,selected_faithfulness,local_mean,common_14,ResNet18,525,186,10,-0.0508770063583264,-0.0425326843312971,0.3161904761904762
0.25,selected_faithfulness,local_mean,common_14,UNI,520,184,10,0.17461715167711744,0.12608714048509462,0.9557692307692308
0.25,selected_faithfulness,normalized_zero,common_14,DINOv2,514,184,10,0.1634138459665072,0.09414737629600894,0.6848249027237354
0.25,selected_faithfulness,normalized_zero,common_14,ResNet18,525,186,10,-0.13671003561173295,-0.1478705964306718,0.18095238095238095
0.25,selected_faithfulness,normalized_zero,common_14,UNI,520,184,10,0.18059298184234113,0.12000619941544766,0.9634615384615385
0.25,selected_faithfulness,normalized_zero,common_7,DINOv2,514,184,10,0.10001346560945559,0.06108835518816475,0.6945525291828794
0.25,selected_faithfulness,normalized_zero,common_7,ResNet18,525,186,10,-0.07899483765189123,-0.0695438028315614,0.23238095238095238
0.25,selected_faithfulness,normalized_zero,common_7,UNI,520,184,10,0.11501718617521371,0.0731374732770709,0.8884615384615384
0.25,selected_faithfulness,normalized_zero,native_14,UNI,520,184,10,0.18059298184234113,0.12000619941544766,0.9634615384615385
0.25,selected_faithfulness,normalized_zero,native_16,DINOv2,514,184,10,0.23660701578688703,0.15496837611020503,0.791828793774319
0.25,selected_faithfulness,normalized_zero,native_5,ResNet18,525,186,10,-0.03041768624335537,-0.0306260610845952,0.36
0.5,random_prediction_independent,normalized_zero,common_14,DINOv2,274,99,10,0.14822911151407264,0.1088020540170822,0.7372262773722628
0.5,random_prediction_independent,normalized_zero,common_14,ResNet18,282,99,10,-0.09146397553225726,-0.12385121180517855,0.23404255319148937
0.5,random_prediction_independent,normalized_zero,common_14,UNI,286,100,10,0.1448046128133755,0.12859665952664118,0.9230769230769231
0.5,selected_faithfulness,gaussian_blur,common_14,DINOv2,499,179,10,0.1031357877117779,0.0573287987660799,0.685370741482966
0.5,selected_faithfulness,gaussian_blur,common_14,ResNet18,520,185,10,-0.01789314828694757,-0.014710022406236901,0.4346153846153846
0.5,selected_faithfulness,gaussian_blur,common_14,UNI,519,184,10,0.10255051810358388,0.0783708678716109,0.8497109826589595
0.5,selected_faithfulness,local_mean,common_14,DINOv2,499,179,10,0.1726030007264993,0.1126843441826772,0.7735470941883767
0.5,selected_faithfulness,local_mean,common_14,ResNet18,520,185,10,-0.051254871895057605,-0.0423080533582851,0.3153846153846154
0.5,selected_faithfulness,local_mean,common_14,UNI,519,184,10,0.17235763746558225,0.1260637373984611,0.9556840077071291
0.5,selected_faithfulness,normalized_zero,common_14,DINOv2,499,179,10,0.14988131473803443,0.0921195162773657,0.687374749498998
0.5,selected_faithfulness,normalized_zero,common_14,ResNet18,520,185,10,-0.1291028110708083,-0.14474040569627372,0.18076923076923077
0.5,selected_faithfulness,normalized_zero,common_14,UNI,519,184,10,0.17512512529318752,0.1199495435395528,0.9633911368015414
0.5,selected_faithfulness,normalized_zero,common_7,DINOv2,499,179,10,0.09896564219887682,0.0610718902965292,0.6973947895791583
0.5,selected_faithfulness,normalized_zero,common_7,ResNet18,520,185,10,-0.07311954985488363,-0.06736117648870085,0.2326923076923077
0.5,selected_faithfulness,normalized_zero,common_7,UNI,519,184,10,0.11308114746616786,0.0728195630563164,0.8882466281310212
0.5,selected_faithfulness,normalized_zero,native_14,UNI,519,184,10,0.17512512529318752,0.1199495435395528,0.9633911368015414
0.5,selected_faithfulness,normalized_zero,native_16,DINOv2,499,179,10,0.22164904538605582,0.1480343618564376,0.7955911823647295
0.5,selected_faithfulness,normalized_zero,native_5,ResNet18,520,185,10,-0.025110329358054018,-0.03060639669342325,0.3596153846153846
1.0,random_prediction_independent,normalized_zero,common_14,DINOv2,251,88,10,0.1368731145599011,0.0970868231948351,0.7370517928286853
1.0,random_prediction_independent,normalized_zero,common_14,ResNet18,277,99,10,-0.11212128627405575,-0.1252913800820385,0.22743682310469315
1.0,random_prediction_independent,normalized_zero,common_14,UNI,274,96,10,0.14394315491550175,0.12922166089450554,0.9452554744525548
1.0,selected_faithfulness,gaussian_blur,common_14,DINOv2,466,168,10,0.08798724122484147,0.05269533556959065,0.6781115879828327
1.0,selected_faithfulness,gaussian_blur,common_14,ResNet18,512,184,10,-0.01994240377824027,-0.014422757670245551,0.435546875
1.0,selected_faithfulness,gaussian_blur,common_14,UNI,511,182,10,0.09511323649675016,0.077084898198896,0.8512720156555773
1.0,selected_faithfulness,local_mean,common_14,DINOv2,466,168,10,0.14926604248707137,0.10748243263172311,0.7725321888412017
1.0,selected_faithfulness,local_mean,common_14,ResNet18,512,184,10,-0.05418011974322537,-0.042782859354176,0.310546875
1.0,selected_faithfulness,local_mean,common_14,UNI,511,182,10,0.16647154969344974,0.124785704624164,0.9569471624266145
1.0,selected_faithfulness,normalized_zero,common_14,DINOv2,466,168,10,0.12744513818249933,0.07904350109334429,0.6866952789699571
1.0,selected_faithfulness,normalized_zero,common_14,ResNet18,512,184,10,-0.13532405724174898,-0.14746236758020959,0.17578125
1.0,selected_faithfulness,normalized_zero,common_14,UNI,511,182,10,0.16590711850027617,0.1195955680152536,0.9647749510763209
1.0,selected_faithfulness,normalized_zero,common_7,DINOv2,466,168,10,0.08720086191577696,0.0597328739383407,0.6974248927038627
1.0,selected_faithfulness,normalized_zero,common_7,ResNet18,512,184,10,-0.07663459225754578,-0.06736117648870085,0.228515625
1.0,selected_faithfulness,normalized_zero,common_7,UNI,511,182,10,0.10395301840361133,0.0722581755593803,0.8884540117416829
1.0,selected_faithfulness,normalized_zero,native_14,UNI,511,182,10,0.16590711850027617,0.1195955680152536,0.9647749510763209
1.0,selected_faithfulness,normalized_zero,native_16,DINOv2,466,168,10,0.19263287909446034,0.14075855542284305,0.8004291845493562
1.0,selected_faithfulness,normalized_zero,native_5,ResNet18,512,184,10,-0.02704140598999872,-0.03060639669342325,0.357421875
