cohort_id,case_id,UNI,DINOv2,difference,cohort_name,analysis_family,target_role,method_family,perturbation,grid_label,metric,model_a,model_b,ResNet18
0182d47bc6239a0a,CRC-Prim-HE-10,0.047189355369967705,0.18153875240388576,-0.13434939703391804,selected_faithfulness,primary_jointly_correct_true_class,true_class,architecture_primary,normalized_zero,common_14,top_minus_random_relative_target_margin_reduction_auc,UNI,DINOv2,
0563036f6d233d97,CRC-Prim-HE-08,0.0692804357798598,0.05320038121602211,0.016080054563837695,selected_faithfulness,primary_jointly_correct_true_class,true_class,architecture_primary,normalized_zero,common_14,top_minus_random_relative_target_margin_reduction_auc,UNI,DINOv2,
05ec55e971259ba8,CRC-Prim-HE-01,0.0598088935035255,-0.062258111510529034,0.12206700501405454,selected_faithfulness,primary_jointly_correct_true_class,true_class,architecture_primary,normalized_zero,common_14,top_minus_random_relative_target_margin_reduction_auc,UNI,DINOv2,
0b7d64730d5c0c8d,CRC-Prim-HE-02,0.1008540194279227,0.0431399573145347,0.057714062113388,selected_faithfulness,primary_jointly_correct_true_class,true_class,architecture_primary,normalized_zero,common_14,top_minus_random_relative_target_margin_reduction_auc,UNI,DINOv2,
0c403259b484b95d,CRC-Prim-HE-09,0.1349112241525431,0.34869476877297156,-0.21378354462042845,selected_faithfulness,primary_jointly_correct_true_class,true_class,architecture_primary,normalized_zero,common_14,top_minus_random_relative_target_margin_reduction_auc,UNI,DINOv2,
0fd1929553a3bc9a,CRC-Prim-HE-06,0.4400726234542016,-1.4540497696984016,1.8941223931526032,selected_faithfulness,primary_jointly_correct_true_class,true_class,architecture_primary,normalized_zero,common_14,top_minus_random_relative_target_margin_reduction_auc,UNI,DINOv2,
10614386a7d0aba7,CRC-Prim-HE-06,0.030964113310682467,0.10140068033962961,-0.07043656702894714,selected_faithfulness,primary_jointly_correct_true_class,true_class,architecture_primary,normalized_zero,common_14,top_minus_random_relative_target_margin_reduction_auc,UNI,DINOv2,
114823381141834d,CRC-Prim-HE-05,0.11112667079643836,0.026837744413939865,0.08428892638249849,selected_faithfulness,primary_jointly_correct_true_class,true_class,architecture_primary,normalized_zero,common_14,top_minus_random_relative_target_margin_reduction_auc,UNI,DINOv2,
11f56476dad8a712,CRC-Prim-HE-10,0.1244214754608746,-0.027698830446837835,0.15212030590771244,selected_faithfulness,primary_jointly_correct_true_class,true_class,architecture_primary,normalized_zero,common_14,top_minus_random_relative_target_margin_reduction_auc,UNI,DINOv2,
1289f7a4e7da9a8c,CRC-Prim-HE-08,0.07378668892402544,-0.015842636196036732,0.08962932512006218,selected_faithfulness,primary_jointly_correct_true_class,true_class,architecture_primary,normalized_zero,common_14,top_minus_random_relative_target_margin_reduction_auc,UNI,DINOv2,
14f9264218a7b1c7,CRC-Prim-HE-10,0.16468046606270845,-0.00624884231008267,0.1709293083727911,selected_faithfulness,primary_jointly_correct_true_class,true_class,architecture_primary,normalized_zero,common_14,top_minus_random_relative_target_margin_reduction_auc,UNI,DINOv2,
15a838224d91aacd,CRC-Prim-HE-07,0.3408288400421697,0.934479769125744,-0.5936509290835743,selected_faithfulness,primary_jointly_correct_true_class,true_class,architecture_primary,normalized_zero,common_14,top_minus_random_relative_target_margin_reduction_auc,UNI,DINOv2,
1619c7f77e7ca100,CRC-Prim-HE-10,0.12419361797084794,-0.08916991110229898,0.21336352907314693,selected_faithfulness,primary_jointly_correct_true_class,true_class,architecture_primary,normalized_zero,common_14,top_minus_random_relative_target_margin_reduction_auc,UNI,DINOv2,
1646784e13982634,CRC-Prim-HE-05,0.06879339514146876,0.2887917111357576,-0.21999831599428882,selected_faithfulness,primary_jointly_correct_true_class,true_class,architecture_primary,normalized_zero,common_14,top_minus_random_relative_target_margin_reduction_auc,UNI,DINOv2,
18374116b0bc583b,CRC-Prim-HE-03,0.14278017921660735,0.27623380093853805,-0.1334536217219307,selected_faithfulness,primary_jointly_correct_true_class,true_class,architecture_primary,normalized_zero,common_14,top_minus_random_relative_target_margin_reduction_auc,UNI,DINOv2,
189f3e0c766af40b,CRC-Prim-HE-06,0.16387937499547758,0.43732937626186663,-0.2734500012663891,selected_faithfulness,primary_jointly_correct_true_class,true_class,architecture_primary,normalized_zero,common_14,top_minus_random_relative_target_margin_reduction_auc,UNI,DINOv2,
18bb356ffc655fde,CRC-Prim-HE-01,0.052920559560321496,0.038910642047622235,0.014009917512699262,selected_faithfulness,primary_jointly_correct_true_class,true_class,architecture_primary,normalized_zero,common_14,top_minus_random_relative_target_margin_reduction_auc,UNI,DINOv2,
195af23f96ac85e4,CRC-Prim-HE-10,0.021178156564138934,0.32119267515839084,-0.3000145185942519,selected_faithfulness,primary_jointly_correct_true_class,true_class,architecture_primary,normalized_zero,common_14,top_minus_random_relative_target_margin_reduction_auc,UNI,DINOv2,
19ee7b96b3ac6128,CRC-Prim-HE-09,0.1399884951648455,-0.020946939928356365,0.16093543509320185,selected_faithfulness,primary_jointly_correct_true_class,true_class,architecture_primary,normalized_zero,common_14,top_minus_random_relative_target_margin_reduction_auc,UNI,DINOv2,
1b61e3f45d1b6f75,CRC-Prim-HE-06,0.09894882534266969,0.11616441248261626,-0.017215587139946573,selected_faithfulness,primary_jointly_correct_true_class,true_class,architecture_primary,normalized_zero,common_14,top_minus_random_relative_target_margin_reduction_auc,UNI,DINOv2,
2096314873b53cb1,CRC-Prim-HE-10,0.0743541771550625,-0.3721997831147271,0.4465539602697896,selected_faithfulness,primary_jointly_correct_true_class,true_class,architecture_primary,normalized_zero,common_14,top_minus_random_relative_target_margin_reduction_auc,UNI,DINOv2,
220af0321b7b1fc9,CRC-Prim-HE-05,0.09984759904422834,0.0112906209786505,0.08855697806557784,selected_faithfulness,primary_jointly_correct_true_class,true_class,architecture_primary,normalized_zero,common_14,top_minus_random_relative_target_margin_reduction_auc,UNI,DINOv2,
227c6ddda5d22af7,CRC-Prim-HE-10,0.17016825674866445,-0.0882844408857878,0.2584526976344522,selected_faithfulness,primary_jointly_correct_true_class,true_class,architecture_primary,normalized_zero,common_14,top_minus_random_relative_target_margin_reduction_auc,UNI,DINOv2,
23322506a3beae96,CRC-Prim-HE-06,0.18585069118017514,0.7563259693982889,-0.5704752782181137,selected_faithfulness,primary_jointly_correct_true_class,true_class,architecture_primary,normalized_zero,common_14,top_minus_random_relative_target_margin_reduction_auc,UNI,DINOv2,
236ad1ab9a20afc1,CRC-Prim-HE-03,0.09426778126101126,0.16936048640987353,-0.07509270514886227,selected_faithfulness,primary_jointly_correct_true_class,true_class,architecture_primary,normalized_zero,common_14,top_minus_random_relative_target_margin_reduction_auc,UNI,DINOv2,
238d665311e5cf5f,CRC-Prim-HE-08,0.0758250256370855,0.060205857278768767,0.015619168358316733,selected_faithfulness,primary_jointly_correct_true_class,true_class,architecture_primary,normalized_zero,common_14,top_minus_random_relative_target_margin_reduction_auc,UNI,DINOv2,
23c05114b1f1297a,CRC-Prim-HE-06,0.24136118069545612,0.6998853041580272,-0.4585241234625711,selected_faithfulness,primary_jointly_correct_true_class,true_class,architecture_primary,normalized_zero,common_14,top_minus_random_relative_target_margin_reduction_auc,UNI,DINOv2,
247d9532da3fb9b6,CRC-Prim-HE-06,0.13076044898248929,0.23525165470571072,-0.10449120572322143,selected_faithfulness,primary_jointly_correct_true_class,true_class,architecture_primary,normalized_zero,common_14,top_minus_random_relative_target_margin_reduction_auc,UNI,DINOv2,
24d54f21e514ed2f,CRC-Prim-HE-10,0.30717183570480205,0.40016705233131433,-0.09299521662651228,selected_faithfulness,primary_jointly_correct_true_class,true_class,architecture_primary,normalized_zero,common_14,top_minus_random_relative_target_margin_reduction_auc,UNI,DINOv2,
24dee988a31df0a8,CRC-Prim-HE-01,0.09151875731675578,-0.0766397731129962,0.16815853042975198,selected_faithfulness,primary_jointly_correct_true_class,true_class,architecture_primary,normalized_zero,common_14,top_minus_random_relative_target_margin_reduction_auc,UNI,DINOv2,
25242e5434b80cea,CRC-Prim-HE-07,0.1516218801496469,0.3818115146429314,-0.2301896344932845,selected_faithfulness,primary_jointly_correct_true_class,true_class,architecture_primary,normalized_zero,common_14,top_minus_random_relative_target_margin_reduction_auc,UNI,DINOv2,
27f648e660bb6150,CRC-Prim-HE-07,0.2666185314739612,2.520639820117188,-2.254021288643227,selected_faithfulness,primary_jointly_correct_true_class,true_class,architecture_primary,normalized_zero,common_14,top_minus_random_relative_target_margin_reduction_auc,UNI,DINOv2,
2972f8fbf2a19801,CRC-Prim-HE-05,0.30630033837171355,0.20777991408166016,0.0985204242900534,selected_faithfulness,primary_jointly_correct_true_class,true_class,architecture_primary,normalized_zero,common_14,top_minus_random_relative_target_margin_reduction_auc,UNI,DINOv2,
2a6c73dfb8b3978d,CRC-Prim-HE-05,0.20661476184662306,0.1087849265627283,0.09782983528389476,selected_faithfulness,primary_jointly_correct_true_class,true_class,architecture_primary,normalized_zero,common_14,top_minus_random_relative_target_margin_reduction_auc,UNI,DINOv2,
2a78951b8bccd520,CRC-Prim-HE-08,0.0810653004683423,-0.11971768335413357,0.2007829838224759,selected_faithfulness,primary_jointly_correct_true_class,true_class,architecture_primary,normalized_zero,common_14,top_minus_random_relative_target_margin_reduction_auc,UNI,DINOv2,
2bcf837c4e8f8d5b,CRC-Prim-HE-05,0.18342423028405921,0.2910311141101083,-0.10760688382604908,selected_faithfulness,primary_jointly_correct_true_class,true_class,architecture_primary,normalized_zero,common_14,top_minus_random_relative_target_margin_reduction_auc,UNI,DINOv2,
2e3594a7d7c7df9e,CRC-Prim-HE-04,0.06686921716109294,0.584220062079044,-0.517350844917951,selected_faithfulness,primary_jointly_correct_true_class,true_class,architecture_primary,normalized_zero,common_14,top_minus_random_relative_target_margin_reduction_auc,UNI,DINOv2,
32bde1c820d8de33,CRC-Prim-HE-06,0.039538098805697836,-0.015599093732016333,0.055137192537714166,selected_faithfulness,primary_jointly_correct_true_class,true_class,architecture_primary,normalized_zero,common_14,top_minus_random_relative_target_margin_reduction_auc,UNI,DINOv2,
3461675807569ebd,CRC-Prim-HE-05,0.13568057555038343,0.5397417899837565,-0.4040612144333731,selected_faithfulness,primary_jointly_correct_true_class,true_class,architecture_primary,normalized_zero,common_14,top_minus_random_relative_target_margin_reduction_auc,UNI,DINOv2,
36d16120094f3565,CRC-Prim-HE-10,0.0689903393569683,-0.026235073298450498,0.0952254126554188,selected_faithfulness,primary_jointly_correct_true_class,true_class,architecture_primary,normalized_zero,common_14,top_minus_random_relative_target_margin_reduction_auc,UNI,DINOv2,
37a5ac2201acb4df,CRC-Prim-HE-03,0.365143659717514,0.29212224820721233,0.07302141151030167,selected_faithfulness,primary_jointly_correct_true_class,true_class,architecture_primary,normalized_zero,common_14,top_minus_random_relative_target_margin_reduction_auc,UNI,DINOv2,
39f8deff00e87441,CRC-Prim-HE-04,0.08185170680014174,0.006220716372440133,0.0756309904277016,selected_faithfulness,primary_jointly_correct_true_class,true_class,architecture_primary,normalized_zero,common_14,top_minus_random_relative_target_margin_reduction_auc,UNI,DINOv2,
3bb11e583afc1ccb,CRC-Prim-HE-09,0.0317429901434862,0.024054249434526,0.0076887407089602025,selected_faithfulness,primary_jointly_correct_true_class,true_class,architecture_primary,normalized_zero,common_14,top_minus_random_relative_target_margin_reduction_auc,UNI,DINOv2,
3c7fb6617412736f,CRC-Prim-HE-05,0.029361398938165365,-0.07459570566061924,0.1039571045987846,selected_faithfulness,primary_jointly_correct_true_class,true_class,architecture_primary,normalized_zero,common_14,top_minus_random_relative_target_margin_reduction_auc,UNI,DINOv2,
3ca77c8ff28c6a38,CRC-Prim-HE-09,0.0337134116266448,0.019890149234137098,0.0138232623925077,selected_faithfulness,primary_jointly_correct_true_class,true_class,architecture_primary,normalized_zero,common_14,top_minus_random_relative_target_margin_reduction_auc,UNI,DINOv2,
3dbf0a1ef913a401,CRC-Prim-HE-06,0.2130206355312311,0.4917228087533343,-0.2787021732221032,selected_faithfulness,primary_jointly_correct_true_class,true_class,architecture_primary,normalized_zero,common_14,top_minus_random_relative_target_margin_reduction_auc,UNI,DINOv2,
3e98695c46510ed0,CRC-Prim-HE-06,0.2948958651000709,0.19279080151648462,0.10210506358358626,selected_faithfulness,primary_jointly_correct_true_class,true_class,architecture_primary,normalized_zero,common_14,top_minus_random_relative_target_margin_reduction_auc,UNI,DINOv2,
41713f770826e98b,CRC-Prim-HE-10,0.025180058274013067,-0.0407495135410783,0.06592957181509138,selected_faithfulness,primary_jointly_correct_true_class,true_class,architecture_primary,normalized_zero,common_14,top_minus_random_relative_target_margin_reduction_auc,UNI,DINOv2,
422c2fc907ade074,CRC-Prim-HE-07,0.20569607635875098,0.1211284504669009,0.08456762589185007,selected_faithfulness,primary_jointly_correct_true_class,true_class,architecture_primary,normalized_zero,common_14,top_minus_random_relative_target_margin_reduction_auc,UNI,DINOv2,
472807da8f0b9d8f,CRC-Prim-HE-04,0.0512220057899955,-0.3397112108537454,0.3909332166437409,selected_faithfulness,primary_jointly_correct_true_class,true_class,architecture_primary,normalized_zero,common_14,top_minus_random_relative_target_margin_reduction_auc,UNI,DINOv2,
49f02bf56c581508,CRC-Prim-HE-06,0.06337932349105677,0.0043521950692099005,0.05902712842184687,selected_faithfulness,primary_jointly_correct_true_class,true_class,architecture_primary,normalized_zero,common_14,top_minus_random_relative_target_margin_reduction_auc,UNI,DINOv2,
4bb5d08e6fc0f323,CRC-Prim-HE-04,0.048451332830402795,-0.005599036387953601,0.054050369218356396,selected_faithfulness,primary_jointly_correct_true_class,true_class,architecture_primary,normalized_zero,common_14,top_minus_random_relative_target_margin_reduction_auc,UNI,DINOv2,
4be2dd4795c87a84,CRC-Prim-HE-03,0.0908118811518243,0.0391212296997629,0.0516906514520614,selected_faithfulness,primary_jointly_correct_true_class,true_class,architecture_primary,normalized_zero,common_14,top_minus_random_relative_target_margin_reduction_auc,UNI,DINOv2,
4d7d22e7ee67edc0,CRC-Prim-HE-06,0.08333512343844969,-0.08725963307454404,0.17059475651299372,selected_faithfulness,primary_jointly_correct_true_class,true_class,architecture_primary,normalized_zero,common_14,top_minus_random_relative_target_margin_reduction_auc,UNI,DINOv2,
4e1415b68afd1584,CRC-Prim-HE-02,0.060190326544662394,0.20028049622910385,-0.14009016968444146,selected_faithfulness,primary_jointly_correct_true_class,true_class,architecture_primary,normalized_zero,common_14,top_minus_random_relative_target_margin_reduction_auc,UNI,DINOv2,
4edae3a6c5fef03b,CRC-Prim-HE-04,0.27289927644236683,0.3548027981142717,-0.08190352167190484,selected_faithfulness,primary_jointly_correct_true_class,true_class,architecture_primary,normalized_zero,common_14,top_minus_random_relative_target_margin_reduction_auc,UNI,DINOv2,
50abad0d894a9a24,CRC-Prim-HE-03,0.0963596894510363,-0.07292543420242266,0.16928512365345896,selected_faithfulness,primary_jointly_correct_true_class,true_class,architecture_primary,normalized_zero,common_14,top_minus_random_relative_target_margin_reduction_auc,UNI,DINOv2,
50f0d4586f4e50cd,CRC-Prim-HE-03,0.0296758850693389,-0.11302967236884576,0.14270555743818467,selected_faithfulness,primary_jointly_correct_true_class,true_class,architecture_primary,normalized_zero,common_14,top_minus_random_relative_target_margin_reduction_auc,UNI,DINOv2,
577078f694f3a50f,CRC-Prim-HE-10,0.07288432264788026,-0.29370915146980237,0.3665934741176826,selected_faithfulness,primary_jointly_correct_true_class,true_class,architecture_primary,normalized_zero,common_14,top_minus_random_relative_target_margin_reduction_auc,UNI,DINOv2,
59fb439e8286c5e4,CRC-Prim-HE-05,1.5398279160530817,1.5640536172021278,-0.024225701149046097,selected_faithfulness,primary_jointly_correct_true_class,true_class,architecture_primary,normalized_zero,common_14,top_minus_random_relative_target_margin_reduction_auc,UNI,DINOv2,
5a904b4bcd844135,CRC-Prim-HE-08,0.013812659507929334,0.0529850210479464,-0.03917236154001706,selected_faithfulness,primary_jointly_correct_true_class,true_class,architecture_primary,normalized_zero,common_14,top_minus_random_relative_target_margin_reduction_auc,UNI,DINOv2,
5bec1382c8f3cb55,CRC-Prim-HE-03,0.3607726854835966,0.3632256545248433,-0.0024529690412467,selected_faithfulness,primary_jointly_correct_true_class,true_class,architecture_primary,normalized_zero,common_14,top_minus_random_relative_target_margin_reduction_auc,UNI,DINOv2,
5ecfdf1119937db7,CRC-Prim-HE-04,0.11383607532127156,-0.5770274191631048,0.6908634944843765,selected_faithfulness,primary_jointly_correct_true_class,true_class,architecture_primary,normalized_zero,common_14,top_minus_random_relative_target_margin_reduction_auc,UNI,DINOv2,
5fbd0a0168e78ab0,CRC-Prim-HE-01,-0.0231058981568867,-0.016387612124373768,-0.006718286032512934,selected_faithfulness,primary_jointly_correct_true_class,true_class,architecture_primary,normalized_zero,common_14,top_minus_random_relative_target_margin_reduction_auc,UNI,DINOv2,
647e242b6bd13231,CRC-Prim-HE-01,1.3924948927493528,0.3411987308652465,1.0512961618841064,selected_faithfulness,primary_jointly_correct_true_class,true_class,architecture_primary,normalized_zero,common_14,top_minus_random_relative_target_margin_reduction_auc,UNI,DINOv2,
6504385ff1a70fd3,CRC-Prim-HE-04,0.19090679230441934,-0.035966331525318335,0.22687312382973768,selected_faithfulness,primary_jointly_correct_true_class,true_class,architecture_primary,normalized_zero,common_14,top_minus_random_relative_target_margin_reduction_auc,UNI,DINOv2,
66c5c50aae1f3eb7,CRC-Prim-HE-08,0.09202528266869194,0.5156655867361462,-0.42364030406745423,selected_faithfulness,primary_jointly_correct_true_class,true_class,architecture_primary,normalized_zero,common_14,top_minus_random_relative_target_margin_reduction_auc,UNI,DINOv2,
67161ff392b6a2aa,CRC-Prim-HE-04,0.032428846119098,0.15526658794847042,-0.12283774182937243,selected_faithfulness,primary_jointly_correct_true_class,true_class,architecture_primary,normalized_zero,common_14,top_minus_random_relative_target_margin_reduction_auc,UNI,DINOv2,
680133a362d38828,CRC-Prim-HE-04,0.2500984381976697,0.14799263166828505,0.10210580652938464,selected_faithfulness,primary_jointly_correct_true_class,true_class,architecture_primary,normalized_zero,common_14,top_minus_random_relative_target_margin_reduction_auc,UNI,DINOv2,
68d7766cea567a97,CRC-Prim-HE-04,0.06534007955874926,0.08406930056106127,-0.018729221002312002,selected_faithfulness,primary_jointly_correct_true_class,true_class,architecture_primary,normalized_zero,common_14,top_minus_random_relative_target_margin_reduction_auc,UNI,DINOv2,
6cacd7b496b4816f,CRC-Prim-HE-02,0.22798639084999328,0.880023249388384,-0.6520368585383908,selected_faithfulness,primary_jointly_correct_true_class,true_class,architecture_primary,normalized_zero,common_14,top_minus_random_relative_target_margin_reduction_auc,UNI,DINOv2,
6dc48436e2c96b2a,CRC-Prim-HE-07,0.3020059768365075,1.2707548614574815,-0.968748884620974,selected_faithfulness,primary_jointly_correct_true_class,true_class,architecture_primary,normalized_zero,common_14,top_minus_random_relative_target_margin_reduction_auc,UNI,DINOv2,
6dfec46ce602f4f6,CRC-Prim-HE-01,0.14760980936784487,-0.16894445502283098,0.31655426439067585,selected_faithfulness,primary_jointly_correct_true_class,true_class,architecture_primary,normalized_zero,common_14,top_minus_random_relative_target_margin_reduction_auc,UNI,DINOv2,
6f26e2e694fdda3c,CRC-Prim-HE-02,0.07808965698825787,0.15793923475117064,-0.07984957776291277,selected_faithfulness,primary_jointly_correct_true_class,true_class,architecture_primary,normalized_zero,common_14,top_minus_random_relative_target_margin_reduction_auc,UNI,DINOv2,
6f643b1b38de98a5,CRC-Prim-HE-10,0.11837941220780519,-1.6453178048713901,1.7636972170791954,selected_faithfulness,primary_jointly_correct_true_class,true_class,architecture_primary,normalized_zero,common_14,top_minus_random_relative_target_margin_reduction_auc,UNI,DINOv2,
753e54983d8212fa,CRC-Prim-HE-04,0.14302716759984757,0.018617764732518798,0.12440940286732877,selected_faithfulness,primary_jointly_correct_true_class,true_class,architecture_primary,normalized_zero,common_14,top_minus_random_relative_target_margin_reduction_auc,UNI,DINOv2,
7985173f57daa8e2,CRC-Prim-HE-10,0.14596386963149643,0.0030496362535348334,0.1429142333779616,selected_faithfulness,primary_jointly_correct_true_class,true_class,architecture_primary,normalized_zero,common_14,top_minus_random_relative_target_margin_reduction_auc,UNI,DINOv2,
79beeb51534cb278,CRC-Prim-HE-05,0.4448585404122814,0.48128935603382983,-0.03643081562154843,selected_faithfulness,primary_jointly_correct_true_class,true_class,architecture_primary,normalized_zero,common_14,top_minus_random_relative_target_margin_reduction_auc,UNI,DINOv2,
7ae9f8fa547b14cf,CRC-Prim-HE-03,0.861575230599737,0.524732586418637,0.3368426441811,selected_faithfulness,primary_jointly_correct_true_class,true_class,architecture_primary,normalized_zero,common_14,top_minus_random_relative_target_margin_reduction_auc,UNI,DINOv2,
7ca80536dfde43c1,CRC-Prim-HE-06,0.2459047508229335,0.958738873878693,-0.7128341230557595,selected_faithfulness,primary_jointly_correct_true_class,true_class,architecture_primary,normalized_zero,common_14,top_minus_random_relative_target_margin_reduction_auc,UNI,DINOv2,
7cbabdfbfb2a3c84,CRC-Prim-HE-05,0.32425038036751613,0.09771040499748494,0.22653997537003118,selected_faithfulness,primary_jointly_correct_true_class,true_class,architecture_primary,normalized_zero,common_14,top_minus_random_relative_target_margin_reduction_auc,UNI,DINOv2,
7ce759961c8e9f68,CRC-Prim-HE-10,0.06296126781010174,-0.04363001508864956,0.1065912828987513,selected_faithfulness,primary_jointly_correct_true_class,true_class,architecture_primary,normalized_zero,common_14,top_minus_random_relative_target_margin_reduction_auc,UNI,DINOv2,
7e936798bcb752be,CRC-Prim-HE-06,0.07955597578128039,0.20275296080081076,-0.12319698501953037,selected_faithfulness,primary_jointly_correct_true_class,true_class,architecture_primary,normalized_zero,common_14,top_minus_random_relative_target_margin_reduction_auc,UNI,DINOv2,
7f22a2743f7024e1,CRC-Prim-HE-03,0.315577785272873,0.9367069027995658,-0.6211291175266929,selected_faithfulness,primary_jointly_correct_true_class,true_class,architecture_primary,normalized_zero,common_14,top_minus_random_relative_target_margin_reduction_auc,UNI,DINOv2,
7f279e0a733cbbf7,CRC-Prim-HE-03,0.06131651086069437,0.171559051660525,-0.11024254079983065,selected_faithfulness,primary_jointly_correct_true_class,true_class,architecture_primary,normalized_zero,common_14,top_minus_random_relative_target_margin_reduction_auc,UNI,DINOv2,
7fbe4f5d5ceb71bf,CRC-Prim-HE-07,1.2009396610939527,0.10612633125263893,1.0948133298413136,selected_faithfulness,primary_jointly_correct_true_class,true_class,architecture_primary,normalized_zero,common_14,top_minus_random_relative_target_margin_reduction_auc,UNI,DINOv2,
806387c8005ca838,CRC-Prim-HE-10,0.07201479364022087,0.016904966691613933,0.05510982694860694,selected_faithfulness,primary_jointly_correct_true_class,true_class,architecture_primary,normalized_zero,common_14,top_minus_random_relative_target_margin_reduction_auc,UNI,DINOv2,
814b94faf369aee5,CRC-Prim-HE-06,0.23086619750843676,0.15937230360492083,0.07149389390351593,selected_faithfulness,primary_jointly_correct_true_class,true_class,architecture_primary,normalized_zero,common_14,top_minus_random_relative_target_margin_reduction_auc,UNI,DINOv2,
815caeca3553b92b,CRC-Prim-HE-10,0.1662393520771228,-0.05695913641081283,0.2231984884879356,selected_faithfulness,primary_jointly_correct_true_class,true_class,architecture_primary,normalized_zero,common_14,top_minus_random_relative_target_margin_reduction_auc,UNI,DINOv2,
81900f74ad505918,CRC-Prim-HE-01,0.1092804367594077,0.5443605466251128,-0.4350801098657051,selected_faithfulness,primary_jointly_correct_true_class,true_class,architecture_primary,normalized_zero,common_14,top_minus_random_relative_target_margin_reduction_auc,UNI,DINOv2,
84bd2dc0cefd68eb,CRC-Prim-HE-05,0.03514934503792447,0.44924208403297855,-0.41409273899505405,selected_faithfulness,primary_jointly_correct_true_class,true_class,architecture_primary,normalized_zero,common_14,top_minus_random_relative_target_margin_reduction_auc,UNI,DINOv2,
84fc31312ad9e8f3,CRC-Prim-HE-06,0.11868883587236984,0.13138061621064126,-0.012691780338271424,selected_faithfulness,primary_jointly_correct_true_class,true_class,architecture_primary,normalized_zero,common_14,top_minus_random_relative_target_margin_reduction_auc,UNI,DINOv2,
861d7c478063ac75,CRC-Prim-HE-09,0.19319147477905343,-0.2820797935311317,0.4752712683101852,selected_faithfulness,primary_jointly_correct_true_class,true_class,architecture_primary,normalized_zero,common_14,top_minus_random_relative_target_margin_reduction_auc,UNI,DINOv2,
869291ef3438d48f,CRC-Prim-HE-06,0.03307879623066593,-0.0087129725110741,0.04179176874174003,selected_faithfulness,primary_jointly_correct_true_class,true_class,architecture_primary,normalized_zero,common_14,top_minus_random_relative_target_margin_reduction_auc,UNI,DINOv2,
870de883a58ffe7c,CRC-Prim-HE-10,0.0795442249945701,0.1714737641063124,-0.0919295391117423,selected_faithfulness,primary_jointly_correct_true_class,true_class,architecture_primary,normalized_zero,common_14,top_minus_random_relative_target_margin_reduction_auc,UNI,DINOv2,
8a2464a823867737,CRC-Prim-HE-10,0.15263387906836848,-0.1263002334192638,0.2789341124876323,selected_faithfulness,primary_jointly_correct_true_class,true_class,architecture_primary,normalized_zero,common_14,top_minus_random_relative_target_margin_reduction_auc,UNI,DINOv2,
8e4a21d1b45b86e6,CRC-Prim-HE-01,0.12650407254407203,-0.2311076038407138,0.35761167638478586,selected_faithfulness,primary_jointly_correct_true_class,true_class,architecture_primary,normalized_zero,common_14,top_minus_random_relative_target_margin_reduction_auc,UNI,DINOv2,
8fc5ae04f95141e4,CRC-Prim-HE-08,0.09535949747262673,0.013638988755411299,0.08172050871721544,selected_faithfulness,primary_jointly_correct_true_class,true_class,architecture_primary,normalized_zero,common_14,top_minus_random_relative_target_margin_reduction_auc,UNI,DINOv2,
90b23a2e7ea7c973,CRC-Prim-HE-07,0.29857138998709964,0.40819209667356665,-0.109620706686467,selected_faithfulness,primary_jointly_correct_true_class,true_class,architecture_primary,normalized_zero,common_14,top_minus_random_relative_target_margin_reduction_auc,UNI,DINOv2,
935e673920be3e3e,CRC-Prim-HE-10,-0.1860804854110039,-0.013057392866945764,-0.17302309254405812,selected_faithfulness,primary_jointly_correct_true_class,true_class,architecture_primary,normalized_zero,common_14,top_minus_random_relative_target_margin_reduction_auc,UNI,DINOv2,
93eff4e2a3b4b436,CRC-Prim-HE-03,1.3243163180585131,0.2473442242919933,1.07697209376652,selected_faithfulness,primary_jointly_correct_true_class,true_class,architecture_primary,normalized_zero,common_14,top_minus_random_relative_target_margin_reduction_auc,UNI,DINOv2,
9e2da9f9b3f082d8,CRC-Prim-HE-06,0.067826001607856,-0.05225295332954686,0.12007895493740287,selected_faithfulness,primary_jointly_correct_true_class,true_class,architecture_primary,normalized_zero,common_14,top_minus_random_relative_target_margin_reduction_auc,UNI,DINOv2,
9e9a56b62253622a,CRC-Prim-HE-10,0.0583823532437348,-0.039357586234330603,0.0977399394780654,selected_faithfulness,primary_jointly_correct_true_class,true_class,architecture_primary,normalized_zero,common_14,top_minus_random_relative_target_margin_reduction_auc,UNI,DINOv2,
a06e84f10dd02759,CRC-Prim-HE-01,0.12764642906527127,0.45710911167592716,-0.3294626826106559,selected_faithfulness,primary_jointly_correct_true_class,true_class,architecture_primary,normalized_zero,common_14,top_minus_random_relative_target_margin_reduction_auc,UNI,DINOv2,
a1d1a2794b06853a,CRC-Prim-HE-05,2.0743985577702526,0.6161735665322571,1.4582249912379956,selected_faithfulness,primary_jointly_correct_true_class,true_class,architecture_primary,normalized_zero,common_14,top_minus_random_relative_target_margin_reduction_auc,UNI,DINOv2,
a3a71800248d10f3,CRC-Prim-HE-05,0.2766696898118388,1.0470888679238695,-0.7704191781120306,selected_faithfulness,primary_jointly_correct_true_class,true_class,architecture_primary,normalized_zero,common_14,top_minus_random_relative_target_margin_reduction_auc,UNI,DINOv2,
a601add377069399,CRC-Prim-HE-07,0.12433765942146542,0.1425347025285657,-0.018197043107100283,selected_faithfulness,primary_jointly_correct_true_class,true_class,architecture_primary,normalized_zero,common_14,top_minus_random_relative_target_margin_reduction_auc,UNI,DINOv2,
a64aaa7bc517773b,CRC-Prim-HE-05,0.29260220778529183,0.23572435799124505,0.05687784979404678,selected_faithfulness,primary_jointly_correct_true_class,true_class,architecture_primary,normalized_zero,common_14,top_minus_random_relative_target_margin_reduction_auc,UNI,DINOv2,
a9d9432c0d68ed0a,CRC-Prim-HE-01,0.3993622829276568,4.806069681727866,-4.40670739880021,selected_faithfulness,primary_jointly_correct_true_class,true_class,architecture_primary,normalized_zero,common_14,top_minus_random_relative_target_margin_reduction_auc,UNI,DINOv2,
aa43907cd4b2becd,CRC-Prim-HE-07,0.12120838671710576,0.12607797484733782,-0.004869588130232055,selected_faithfulness,primary_jointly_correct_true_class,true_class,architecture_primary,normalized_zero,common_14,top_minus_random_relative_target_margin_reduction_auc,UNI,DINOv2,
aa66053db10c2521,CRC-Prim-HE-07,0.0726442690186447,0.0162545056991267,0.05638976331951799,selected_faithfulness,primary_jointly_correct_true_class,true_class,architecture_primary,normalized_zero,common_14,top_minus_random_relative_target_margin_reduction_auc,UNI,DINOv2,
aacf4d181a79611d,CRC-Prim-HE-10,0.08921397736901326,0.5084897293007726,-0.41927575193175937,selected_faithfulness,primary_jointly_correct_true_class,true_class,architecture_primary,normalized_zero,common_14,top_minus_random_relative_target_margin_reduction_auc,UNI,DINOv2,
abb6eb6a3d2f19a4,CRC-Prim-HE-10,0.13902256038400765,0.15746129348512836,-0.018438733101120708,selected_faithfulness,primary_jointly_correct_true_class,true_class,architecture_primary,normalized_zero,common_14,top_minus_random_relative_target_margin_reduction_auc,UNI,DINOv2,
abd0b36c016589ac,CRC-Prim-HE-05,0.2767415541810725,-0.1294893576603966,0.4062309118414691,selected_faithfulness,primary_jointly_correct_true_class,true_class,architecture_primary,normalized_zero,common_14,top_minus_random_relative_target_margin_reduction_auc,UNI,DINOv2,
ac296c08e234f433,CRC-Prim-HE-07,0.0981982576758514,0.07375239538083887,0.024445862295012527,selected_faithfulness,primary_jointly_correct_true_class,true_class,architecture_primary,normalized_zero,common_14,top_minus_random_relative_target_margin_reduction_auc,UNI,DINOv2,
ada7eec7a05126f2,CRC-Prim-HE-01,-0.033169199869032696,-0.1515532524846403,0.11838405261560761,selected_faithfulness,primary_jointly_correct_true_class,true_class,architecture_primary,normalized_zero,common_14,top_minus_random_relative_target_margin_reduction_auc,UNI,DINOv2,
ae0cd82e37b56657,CRC-Prim-HE-08,0.18237916326480877,0.6608539546257971,-0.47847479136098836,selected_faithfulness,primary_jointly_correct_true_class,true_class,architecture_primary,normalized_zero,common_14,top_minus_random_relative_target_margin_reduction_auc,UNI,DINOv2,
b01434a09d10e513,CRC-Prim-HE-09,0.15019767291723876,-0.0629578061815615,0.21315547909880025,selected_faithfulness,primary_jointly_correct_true_class,true_class,architecture_primary,normalized_zero,common_14,top_minus_random_relative_target_margin_reduction_auc,UNI,DINOv2,
b07b2e18ddf8934d,CRC-Prim-HE-10,0.0869355293179111,-0.1080828721955177,0.1950184015134288,selected_faithfulness,primary_jointly_correct_true_class,true_class,architecture_primary,normalized_zero,common_14,top_minus_random_relative_target_margin_reduction_auc,UNI,DINOv2,
b37b8b23cb98ecbb,CRC-Prim-HE-09,0.169925030462354,-0.4925301030078384,0.6624551334701924,selected_faithfulness,primary_jointly_correct_true_class,true_class,architecture_primary,normalized_zero,common_14,top_minus_random_relative_target_margin_reduction_auc,UNI,DINOv2,
b3c6abe8bd8cb7b2,CRC-Prim-HE-01,0.17727832919413064,0.2654630101973544,-0.08818468100322377,selected_faithfulness,primary_jointly_correct_true_class,true_class,architecture_primary,normalized_zero,common_14,top_minus_random_relative_target_margin_reduction_auc,UNI,DINOv2,
b3f186984df05412,CRC-Prim-HE-06,-0.1800962557810498,-0.03436450444541187,-0.14573175133563793,selected_faithfulness,primary_jointly_correct_true_class,true_class,architecture_primary,normalized_zero,common_14,top_minus_random_relative_target_margin_reduction_auc,UNI,DINOv2,
b413d9d06b6eb228,CRC-Prim-HE-04,0.19424617617960172,0.38070934136536033,-0.18646316518575862,selected_faithfulness,primary_jointly_correct_true_class,true_class,architecture_primary,normalized_zero,common_14,top_minus_random_relative_target_margin_reduction_auc,UNI,DINOv2,
b5d9d54cd96b2071,CRC-Prim-HE-06,0.08293786804089813,-0.18517782801857552,0.26811569605947366,selected_faithfulness,primary_jointly_correct_true_class,true_class,architecture_primary,normalized_zero,common_14,top_minus_random_relative_target_margin_reduction_auc,UNI,DINOv2,
b6916aa2102e4088,CRC-Prim-HE-02,0.14605108254071136,0.46595462330379595,-0.3199035407630846,selected_faithfulness,primary_jointly_correct_true_class,true_class,architecture_primary,normalized_zero,common_14,top_minus_random_relative_target_margin_reduction_auc,UNI,DINOv2,
b6929d2700ed7f2f,CRC-Prim-HE-03,0.2766521811595703,0.19559723727508072,0.08105494388448958,selected_faithfulness,primary_jointly_correct_true_class,true_class,architecture_primary,normalized_zero,common_14,top_minus_random_relative_target_margin_reduction_auc,UNI,DINOv2,
b72b7a1e6a090000,CRC-Prim-HE-09,0.09912605477318114,0.22513949709175038,-0.12601344231856926,selected_faithfulness,primary_jointly_correct_true_class,true_class,architecture_primary,normalized_zero,common_14,top_minus_random_relative_target_margin_reduction_auc,UNI,DINOv2,
b80fd6a4428f6c65,CRC-Prim-HE-07,0.23229932307679127,0.9197758900035222,-0.687476566926731,selected_faithfulness,primary_jointly_correct_true_class,true_class,architecture_primary,normalized_zero,common_14,top_minus_random_relative_target_margin_reduction_auc,UNI,DINOv2,
b847124aee457744,CRC-Prim-HE-03,0.10482572359777609,0.03095925946579167,0.07386646413198442,selected_faithfulness,primary_jointly_correct_true_class,true_class,architecture_primary,normalized_zero,common_14,top_minus_random_relative_target_margin_reduction_auc,UNI,DINOv2,
bab8ffa3672fe863,CRC-Prim-HE-10,0.10306486765738626,-0.3364646313220731,0.43952949897945937,selected_faithfulness,primary_jointly_correct_true_class,true_class,architecture_primary,normalized_zero,common_14,top_minus_random_relative_target_margin_reduction_auc,UNI,DINOv2,
bbe13df2388dd5ee,CRC-Prim-HE-01,0.2853855342710233,0.028771443180015753,0.2566140910910076,selected_faithfulness,primary_jointly_correct_true_class,true_class,architecture_primary,normalized_zero,common_14,top_minus_random_relative_target_margin_reduction_auc,UNI,DINOv2,
be3c49989d24922b,CRC-Prim-HE-06,0.0771807738603872,-0.05811833815581947,0.13529911201620667,selected_faithfulness,primary_jointly_correct_true_class,true_class,architecture_primary,normalized_zero,common_14,top_minus_random_relative_target_margin_reduction_auc,UNI,DINOv2,
bf44465971ef3179,CRC-Prim-HE-05,0.12870761313399479,0.0635792923455481,0.06512832078844669,selected_faithfulness,primary_jointly_correct_true_class,true_class,architecture_primary,normalized_zero,common_14,top_minus_random_relative_target_margin_reduction_auc,UNI,DINOv2,
c18fc3e2973f0de1,CRC-Prim-HE-05,0.13632212187625253,0.2277338456100868,-0.09141172373383427,selected_faithfulness,primary_jointly_correct_true_class,true_class,architecture_primary,normalized_zero,common_14,top_minus_random_relative_target_margin_reduction_auc,UNI,DINOv2,
c4d1fe65995b26f9,CRC-Prim-HE-07,0.43816244717082103,0.47449294208170323,-0.036330494910882194,selected_faithfulness,primary_jointly_correct_true_class,true_class,architecture_primary,normalized_zero,common_14,top_minus_random_relative_target_margin_reduction_auc,UNI,DINOv2,
c64f85e88acdea4b,CRC-Prim-HE-10,0.06478212704635837,-0.06296217073741638,0.12774429778377475,selected_faithfulness,primary_jointly_correct_true_class,true_class,architecture_primary,normalized_zero,common_14,top_minus_random_relative_target_margin_reduction_auc,UNI,DINOv2,
c68a986b4dae0cf4,CRC-Prim-HE-06,0.08875940352204355,-0.5425584262147601,0.6313178297368037,selected_faithfulness,primary_jointly_correct_true_class,true_class,architecture_primary,normalized_zero,common_14,top_minus_random_relative_target_margin_reduction_auc,UNI,DINOv2,
c8912e73a087a123,CRC-Prim-HE-06,0.3137569839613183,0.1021058800402224,0.21165110392109587,selected_faithfulness,primary_jointly_correct_true_class,true_class,architecture_primary,normalized_zero,common_14,top_minus_random_relative_target_margin_reduction_auc,UNI,DINOv2,
c9f61cfb5f9527d7,CRC-Prim-HE-05,0.19960373973396453,0.044333580554718095,0.15527015917924644,selected_faithfulness,primary_jointly_correct_true_class,true_class,architecture_primary,normalized_zero,common_14,top_minus_random_relative_target_margin_reduction_auc,UNI,DINOv2,
cafa43bacc3757d3,CRC-Prim-HE-08,0.6059257185001293,0.5270946449569002,0.07883107354322916,selected_faithfulness,primary_jointly_correct_true_class,true_class,architecture_primary,normalized_zero,common_14,top_minus_random_relative_target_margin_reduction_auc,UNI,DINOv2,
cb86458124384107,CRC-Prim-HE-06,0.5191104864100423,0.35401796376811867,0.16509252264192364,selected_faithfulness,primary_jointly_correct_true_class,true_class,architecture_primary,normalized_zero,common_14,top_minus_random_relative_target_margin_reduction_auc,UNI,DINOv2,
cc4eeddb30209290,CRC-Prim-HE-08,0.08113405200994213,0.5658126755445733,-0.48467862353463115,selected_faithfulness,primary_jointly_correct_true_class,true_class,architecture_primary,normalized_zero,common_14,top_minus_random_relative_target_margin_reduction_auc,UNI,DINOv2,
cf0939767237c80d,CRC-Prim-HE-09,0.10289866087664427,-0.003766989740783001,0.10666565061742728,selected_faithfulness,primary_jointly_correct_true_class,true_class,architecture_primary,normalized_zero,common_14,top_minus_random_relative_target_margin_reduction_auc,UNI,DINOv2,
d1c51024cb1d7ffe,CRC-Prim-HE-08,0.042140886496442674,0.18387919158564092,-0.14173830508919824,selected_faithfulness,primary_jointly_correct_true_class,true_class,architecture_primary,normalized_zero,common_14,top_minus_random_relative_target_margin_reduction_auc,UNI,DINOv2,
d1efa060416e2952,CRC-Prim-HE-05,0.2188265408610215,0.09307215128954553,0.12575438957147594,selected_faithfulness,primary_jointly_correct_true_class,true_class,architecture_primary,normalized_zero,common_14,top_minus_random_relative_target_margin_reduction_auc,UNI,DINOv2,
d207bd7fcb29255f,CRC-Prim-HE-03,0.25800211056864053,0.2987647623742476,-0.040762651805607064,selected_faithfulness,primary_jointly_correct_true_class,true_class,architecture_primary,normalized_zero,common_14,top_minus_random_relative_target_margin_reduction_auc,UNI,DINOv2,
d2cd5399d5294aee,CRC-Prim-HE-09,0.07643155777796069,-0.0435287157662032,0.11996027354416389,selected_faithfulness,primary_jointly_correct_true_class,true_class,architecture_primary,normalized_zero,common_14,top_minus_random_relative_target_margin_reduction_auc,UNI,DINOv2,
d345f3e6315b1134,CRC-Prim-HE-10,0.15295301986279644,-0.04693901547865626,0.1998920353414527,selected_faithfulness,primary_jointly_correct_true_class,true_class,architecture_primary,normalized_zero,common_14,top_minus_random_relative_target_margin_reduction_auc,UNI,DINOv2,
d3bbf2f08cac9ae7,CRC-Prim-HE-10,0.076918605317317,0.09183201448222371,-0.014913409164906716,selected_faithfulness,primary_jointly_correct_true_class,true_class,architecture_primary,normalized_zero,common_14,top_minus_random_relative_target_margin_reduction_auc,UNI,DINOv2,
d49629b83cdc32c9,CRC-Prim-HE-01,0.2567387348702727,0.0784350361168405,0.17830369875343222,selected_faithfulness,primary_jointly_correct_true_class,true_class,architecture_primary,normalized_zero,common_14,top_minus_random_relative_target_margin_reduction_auc,UNI,DINOv2,
d63f1676f784f23d,CRC-Prim-HE-06,0.10275834529074918,-0.5663583822949686,0.6691167275857177,selected_faithfulness,primary_jointly_correct_true_class,true_class,architecture_primary,normalized_zero,common_14,top_minus_random_relative_target_margin_reduction_auc,UNI,DINOv2,
d6c94cfaf1e9cd3d,CRC-Prim-HE-03,0.28958065432159275,0.3133210655714793,-0.023740411249886573,selected_faithfulness,primary_jointly_correct_true_class,true_class,architecture_primary,normalized_zero,common_14,top_minus_random_relative_target_margin_reduction_auc,UNI,DINOv2,
d80f16cbdb8857f7,CRC-Prim-HE-06,0.8202194168838988,0.4808570487260695,0.3393623681578293,selected_faithfulness,primary_jointly_correct_true_class,true_class,architecture_primary,normalized_zero,common_14,top_minus_random_relative_target_margin_reduction_auc,UNI,DINOv2,
d9b66e01e9e8bd36,CRC-Prim-HE-06,1.2330050320346702,0.3718853709311925,0.8611196611034777,selected_faithfulness,primary_jointly_correct_true_class,true_class,architecture_primary,normalized_zero,common_14,top_minus_random_relative_target_margin_reduction_auc,UNI,DINOv2,
dc6b94ff2715424a,CRC-Prim-HE-04,0.15590388323214496,-0.03460871592275033,0.1905125991548953,selected_faithfulness,primary_jointly_correct_true_class,true_class,architecture_primary,normalized_zero,common_14,top_minus_random_relative_target_margin_reduction_auc,UNI,DINOv2,
de23c47aa96416d1,CRC-Prim-HE-02,0.08038570052804907,0.09406334685980892,-0.013677646331759857,selected_faithfulness,primary_jointly_correct_true_class,true_class,architecture_primary,normalized_zero,common_14,top_minus_random_relative_target_margin_reduction_auc,UNI,DINOv2,
dfaa8ec92189e348,CRC-Prim-HE-09,0.0758779091553177,0.12983756966075033,-0.05395966050543263,selected_faithfulness,primary_jointly_correct_true_class,true_class,architecture_primary,normalized_zero,common_14,top_minus_random_relative_target_margin_reduction_auc,UNI,DINOv2,
e278af829a6b9784,CRC-Prim-HE-05,0.12105655758223997,0.14011197080059165,-0.019055413218351677,selected_faithfulness,primary_jointly_correct_true_class,true_class,architecture_primary,normalized_zero,common_14,top_minus_random_relative_target_margin_reduction_auc,UNI,DINOv2,
e3d399728802ed6d,CRC-Prim-HE-07,0.2627680707943944,0.8401413677782595,-0.5773732969838652,selected_faithfulness,primary_jointly_correct_true_class,true_class,architecture_primary,normalized_zero,common_14,top_minus_random_relative_target_margin_reduction_auc,UNI,DINOv2,
e421b114e1846ee3,CRC-Prim-HE-06,0.09016347300571749,0.1591507999790828,-0.0689873269733653,selected_faithfulness,primary_jointly_correct_true_class,true_class,architecture_primary,normalized_zero,common_14,top_minus_random_relative_target_margin_reduction_auc,UNI,DINOv2,
ea872201a8997191,CRC-Prim-HE-07,0.16955338008876797,0.34649505598021163,-0.17694167589144366,selected_faithfulness,primary_jointly_correct_true_class,true_class,architecture_primary,normalized_zero,common_14,top_minus_random_relative_target_margin_reduction_auc,UNI,DINOv2,
eaf3ad0d094266c7,CRC-Prim-HE-01,0.241832025533936,-0.3630195270710794,0.6048515526050153,selected_faithfulness,primary_jointly_correct_true_class,true_class,architecture_primary,normalized_zero,common_14,top_minus_random_relative_target_margin_reduction_auc,UNI,DINOv2,
ec9ec0e66c7d3b7d,CRC-Prim-HE-06,-0.6283375115251073,-0.0889981943172033,-0.539339317207904,selected_faithfulness,primary_jointly_correct_true_class,true_class,architecture_primary,normalized_zero,common_14,top_minus_random_relative_target_margin_reduction_auc,UNI,DINOv2,
ecd14457d7b51287,CRC-Prim-HE-08,0.08619222775741166,0.30216300981041516,-0.21597078205300352,selected_faithfulness,primary_jointly_correct_true_class,true_class,architecture_primary,normalized_zero,common_14,top_minus_random_relative_target_margin_reduction_auc,UNI,DINOv2,
ee35c00ac13a5f3e,CRC-Prim-HE-10,0.21979364696939277,0.7632267648988312,-0.5434331179294385,selected_faithfulness,primary_jointly_correct_true_class,true_class,architecture_primary,normalized_zero,common_14,top_minus_random_relative_target_margin_reduction_auc,UNI,DINOv2,
effe32e349705865,CRC-Prim-HE-05,0.07275125400052461,-0.06662114609654977,0.13937240009707438,selected_faithfulness,primary_jointly_correct_true_class,true_class,architecture_primary,normalized_zero,common_14,top_minus_random_relative_target_margin_reduction_auc,UNI,DINOv2,
f08968b7be243620,CRC-Prim-HE-10,0.062111328151737,0.06815799858255316,-0.006046670430816158,selected_faithfulness,primary_jointly_correct_true_class,true_class,architecture_primary,normalized_zero,common_14,top_minus_random_relative_target_margin_reduction_auc,UNI,DINOv2,
f116d2a126d269ac,CRC-Prim-HE-05,0.3255665945053254,0.3786281884985183,-0.053061593993192935,selected_faithfulness,primary_jointly_correct_true_class,true_class,architecture_primary,normalized_zero,common_14,top_minus_random_relative_target_margin_reduction_auc,UNI,DINOv2,
f1c634424fcd7ead,CRC-Prim-HE-05,0.15654623118352937,0.09147385661975023,0.06507237456377914,selected_faithfulness,primary_jointly_correct_true_class,true_class,architecture_primary,normalized_zero,common_14,top_minus_random_relative_target_margin_reduction_auc,UNI,DINOv2,
f1ee00d7ee61f85b,CRC-Prim-HE-10,0.0740750007264827,-0.09786882236225387,0.17194382308873657,selected_faithfulness,primary_jointly_correct_true_class,true_class,architecture_primary,normalized_zero,common_14,top_minus_random_relative_target_margin_reduction_auc,UNI,DINOv2,
f3690d3f5927eebc,CRC-Prim-HE-01,0.052053660323404104,0.0505276363607243,0.0015260239626798053,selected_faithfulness,primary_jointly_correct_true_class,true_class,architecture_primary,normalized_zero,common_14,top_minus_random_relative_target_margin_reduction_auc,UNI,DINOv2,
f3a7d1412918be9d,CRC-Prim-HE-07,1.3993651445393338,1.3264610218759896,0.07290412266334423,selected_faithfulness,primary_jointly_correct_true_class,true_class,architecture_primary,normalized_zero,common_14,top_minus_random_relative_target_margin_reduction_auc,UNI,DINOv2,
f4dad042bb035194,CRC-Prim-HE-06,-0.0641375127799669,-0.02544171420946267,-0.03869579857050423,selected_faithfulness,primary_jointly_correct_true_class,true_class,architecture_primary,normalized_zero,common_14,top_minus_random_relative_target_margin_reduction_auc,UNI,DINOv2,
f6ca6de7ba0a5755,CRC-Prim-HE-02,0.08002757254062144,1.971092350685234,-1.8910647781446126,selected_faithfulness,primary_jointly_correct_true_class,true_class,architecture_primary,normalized_zero,common_14,top_minus_random_relative_target_margin_reduction_auc,UNI,DINOv2,
f805172f1b7a7abe,CRC-Prim-HE-06,0.05255658047412693,0.06314741350713833,-0.0105908330330114,selected_faithfulness,primary_jointly_correct_true_class,true_class,architecture_primary,normalized_zero,common_14,top_minus_random_relative_target_margin_reduction_auc,UNI,DINOv2,
f84b95d53252404b,CRC-Prim-HE-04,0.08661294362987337,-2.9177028513096253,3.0043157949394987,selected_faithfulness,primary_jointly_correct_true_class,true_class,architecture_primary,normalized_zero,common_14,top_minus_random_relative_target_margin_reduction_auc,UNI,DINOv2,
f9712c30e0c76d77,CRC-Prim-HE-06,0.3630379729677447,-0.0344641706275424,0.3975021435952871,selected_faithfulness,primary_jointly_correct_true_class,true_class,architecture_primary,normalized_zero,common_14,top_minus_random_relative_target_margin_reduction_auc,UNI,DINOv2,
f9cb360943db7c9f,CRC-Prim-HE-08,0.43585900813139195,0.15707459401648308,0.27878441411490884,selected_faithfulness,primary_jointly_correct_true_class,true_class,architecture_primary,normalized_zero,common_14,top_minus_random_relative_target_margin_reduction_auc,UNI,DINOv2,
fa5f8b14785c09ad,CRC-Prim-HE-09,0.333613140718054,2.3368510466989716,-2.0032379059809178,selected_faithfulness,primary_jointly_correct_true_class,true_class,architecture_primary,normalized_zero,common_14,top_minus_random_relative_target_margin_reduction_auc,UNI,DINOv2,
fcb8ce7d834df3b9,CRC-Prim-HE-05,0.3277532953446596,0.3685778578080019,-0.04082456246334232,selected_faithfulness,primary_jointly_correct_true_class,true_class,architecture_primary,normalized_zero,common_14,top_minus_random_relative_target_margin_reduction_auc,UNI,DINOv2,
fe53f5c5ed88cf27,CRC-Prim-HE-04,0.13742480388721182,0.23583474236681057,-0.09840993847959875,selected_faithfulness,primary_jointly_correct_true_class,true_class,architecture_primary,normalized_zero,common_14,top_minus_random_relative_target_margin_reduction_auc,UNI,DINOv2,
0182d47bc6239a0a,CRC-Prim-HE-10,0.047189355369967705,,0.0790647717359543,selected_faithfulness,primary_jointly_correct_true_class,true_class,architecture_primary,normalized_zero,common_14,top_minus_random_relative_target_margin_reduction_auc,UNI,ResNet18,-0.0318754163659866
055885cb26f57d55,CRC-Prim-HE-09,0.1396201198813532,,0.7017802740552528,selected_faithfulness,primary_jointly_correct_true_class,true_class,architecture_primary,normalized_zero,common_14,top_minus_random_relative_target_margin_reduction_auc,UNI,ResNet18,-0.5621601541738996
0563036f6d233d97,CRC-Prim-HE-08,0.0692804357798598,,0.1251773343474739,selected_faithfulness,primary_jointly_correct_true_class,true_class,architecture_primary,normalized_zero,common_14,top_minus_random_relative_target_margin_reduction_auc,UNI,ResNet18,-0.0558968985676141
05ec55e971259ba8,CRC-Prim-HE-01,0.0598088935035255,,0.09971181854790534,selected_faithfulness,primary_jointly_correct_true_class,true_class,architecture_primary,normalized_zero,common_14,top_minus_random_relative_target_margin_reduction_auc,UNI,ResNet18,-0.03990292504437983
0b7d64730d5c0c8d,CRC-Prim-HE-02,0.1008540194279227,,0.2949607777602835,selected_faithfulness,primary_jointly_correct_true_class,true_class,architecture_primary,normalized_zero,common_14,top_minus_random_relative_target_margin_reduction_auc,UNI,ResNet18,-0.1941067583323608
0c403259b484b95d,CRC-Prim-HE-09,0.1349112241525431,,0.23776942548727245,selected_faithfulness,primary_jointly_correct_true_class,true_class,architecture_primary,normalized_zero,common_14,top_minus_random_relative_target_margin_reduction_auc,UNI,ResNet18,-0.10285820133472934
0fd1929553a3bc9a,CRC-Prim-HE-06,0.4400726234542016,,0.2437528488850119,selected_faithfulness,primary_jointly_correct_true_class,true_class,architecture_primary,normalized_zero,common_14,top_minus_random_relative_target_margin_reduction_auc,UNI,ResNet18,0.19631977456918973
10614386a7d0aba7,CRC-Prim-HE-06,0.030964113310682467,,0.023617207635877532,selected_faithfulness,primary_jointly_correct_true_class,true_class,architecture_primary,normalized_zero,common_14,top_minus_random_relative_target_margin_reduction_auc,UNI,ResNet18,0.007346905674804934
114823381141834d,CRC-Prim-HE-05,0.11112667079643836,,0.26244891622241673,selected_faithfulness,primary_jointly_correct_true_class,true_class,architecture_primary,normalized_zero,common_14,top_minus_random_relative_target_margin_reduction_auc,UNI,ResNet18,-0.15132224542597836
11f56476dad8a712,CRC-Prim-HE-10,0.1244214754608746,,0.23746579002169296,selected_faithfulness,primary_jointly_correct_true_class,true_class,architecture_primary,normalized_zero,common_14,top_minus_random_relative_target_margin_reduction_auc,UNI,ResNet18,-0.11304431456081836
1289f7a4e7da9a8c,CRC-Prim-HE-08,0.07378668892402544,,0.11886892091290334,selected_faithfulness,primary_jointly_correct_true_class,true_class,architecture_primary,normalized_zero,common_14,top_minus_random_relative_target_margin_reduction_auc,UNI,ResNet18,-0.0450822319888779
14f9264218a7b1c7,CRC-Prim-HE-10,0.16468046606270845,,0.2809846003154227,selected_faithfulness,primary_jointly_correct_true_class,true_class,architecture_primary,normalized_zero,common_14,top_minus_random_relative_target_margin_reduction_auc,UNI,ResNet18,-0.1163041342527143
15a838224d91aacd,CRC-Prim-HE-07,0.3408288400421697,,-0.17932237423578817,selected_faithfulness,primary_jointly_correct_true_class,true_class,architecture_primary,normalized_zero,common_14,top_minus_random_relative_target_margin_reduction_auc,UNI,ResNet18,0.5201512142779579
1619c7f77e7ca100,CRC-Prim-HE-10,0.12419361797084794,,0.1615591656887236,selected_faithfulness,primary_jointly_correct_true_class,true_class,architecture_primary,normalized_zero,common_14,top_minus_random_relative_target_margin_reduction_auc,UNI,ResNet18,-0.03736554771787567
1646784e13982634,CRC-Prim-HE-05,0.06879339514146876,,0.1489161745088458,selected_faithfulness,primary_jointly_correct_true_class,true_class,architecture_primary,normalized_zero,common_14,top_minus_random_relative_target_margin_reduction_auc,UNI,ResNet18,-0.08012277936737706
18374116b0bc583b,CRC-Prim-HE-03,0.14278017921660735,,0.1884315683543417,selected_faithfulness,primary_jointly_correct_true_class,true_class,architecture_primary,normalized_zero,common_14,top_minus_random_relative_target_margin_reduction_auc,UNI,ResNet18,-0.04565138913773433
189f3e0c766af40b,CRC-Prim-HE-06,0.16387937499547758,,0.2654975653079098,selected_faithfulness,primary_jointly_correct_true_class,true_class,architecture_primary,normalized_zero,common_14,top_minus_random_relative_target_margin_reduction_auc,UNI,ResNet18,-0.10161819031243223
18bb356ffc655fde,CRC-Prim-HE-01,0.052920559560321496,,0.29620045592296207,selected_faithfulness,primary_jointly_correct_true_class,true_class,architecture_primary,normalized_zero,common_14,top_minus_random_relative_target_margin_reduction_auc,UNI,ResNet18,-0.24327989636264058
195af23f96ac85e4,CRC-Prim-HE-10,0.021178156564138934,,0.036292698567761794,selected_faithfulness,primary_jointly_correct_true_class,true_class,architecture_primary,normalized_zero,common_14,top_minus_random_relative_target_margin_reduction_auc,UNI,ResNet18,-0.01511454200362286
19ee7b96b3ac6128,CRC-Prim-HE-09,0.1399884951648455,,0.1850952161776341,selected_faithfulness,primary_jointly_correct_true_class,true_class,architecture_primary,normalized_zero,common_14,top_minus_random_relative_target_margin_reduction_auc,UNI,ResNet18,-0.04510672101278863
1b61e3f45d1b6f75,CRC-Prim-HE-06,0.09894882534266969,,0.17963776769804435,selected_faithfulness,primary_jointly_correct_true_class,true_class,architecture_primary,normalized_zero,common_14,top_minus_random_relative_target_margin_reduction_auc,UNI,ResNet18,-0.08068894235537467
2096314873b53cb1,CRC-Prim-HE-10,0.0743541771550625,,0.18015702227194086,selected_faithfulness,primary_jointly_correct_true_class,true_class,architecture_primary,normalized_zero,common_14,top_minus_random_relative_target_margin_reduction_auc,UNI,ResNet18,-0.10580284511687835
220af0321b7b1fc9,CRC-Prim-HE-05,0.09984759904422834,,0.29947973967204017,selected_faithfulness,primary_jointly_correct_true_class,true_class,architecture_primary,normalized_zero,common_14,top_minus_random_relative_target_margin_reduction_auc,UNI,ResNet18,-0.19963214062781184
227c6ddda5d22af7,CRC-Prim-HE-10,0.17016825674866445,,0.2926017128785617,selected_faithfulness,primary_jointly_correct_true_class,true_class,architecture_primary,normalized_zero,common_14,top_minus_random_relative_target_margin_reduction_auc,UNI,ResNet18,-0.12243345612989724
23322506a3beae96,CRC-Prim-HE-06,0.18585069118017514,,0.4601254158947573,selected_faithfulness,primary_jointly_correct_true_class,true_class,architecture_primary,normalized_zero,common_14,top_minus_random_relative_target_margin_reduction_auc,UNI,ResNet18,-0.2742747247145822
236ad1ab9a20afc1,CRC-Prim-HE-03,0.09426778126101126,,0.19893077981236196,selected_faithfulness,primary_jointly_correct_true_class,true_class,architecture_primary,normalized_zero,common_14,top_minus_random_relative_target_margin_reduction_auc,UNI,ResNet18,-0.1046629985513507
238d665311e5cf5f,CRC-Prim-HE-08,0.0758250256370855,,0.32803394875038255,selected_faithfulness,primary_jointly_correct_true_class,true_class,architecture_primary,normalized_zero,common_14,top_minus_random_relative_target_margin_reduction_auc,UNI,ResNet18,-0.25220892311329707
23c05114b1f1297a,CRC-Prim-HE-06,0.24136118069545612,,0.3701471556701976,selected_faithfulness,primary_jointly_correct_true_class,true_class,architecture_primary,normalized_zero,common_14,top_minus_random_relative_target_margin_reduction_auc,UNI,ResNet18,-0.1287859749747415
247d9532da3fb9b6,CRC-Prim-HE-06,0.13076044898248929,,0.3026014541390887,selected_faithfulness,primary_jointly_correct_true_class,true_class,architecture_primary,normalized_zero,common_14,top_minus_random_relative_target_margin_reduction_auc,UNI,ResNet18,-0.17184100515659942
24d54f21e514ed2f,CRC-Prim-HE-10,0.30717183570480205,,0.31427949544731176,selected_faithfulness,primary_jointly_correct_true_class,true_class,architecture_primary,normalized_zero,common_14,top_minus_random_relative_target_margin_reduction_auc,UNI,ResNet18,-0.0071076597425096906
24dee988a31df0a8,CRC-Prim-HE-01,0.09151875731675578,,0.04531958274540878,selected_faithfulness,primary_jointly_correct_true_class,true_class,architecture_primary,normalized_zero,common_14,top_minus_random_relative_target_margin_reduction_auc,UNI,ResNet18,0.046199174571347
25242e5434b80cea,CRC-Prim-HE-07,0.1516218801496469,,0.4113999787436576,selected_faithfulness,primary_jointly_correct_true_class,true_class,architecture_primary,normalized_zero,common_14,top_minus_random_relative_target_margin_reduction_auc,UNI,ResNet18,-0.2597780985940107
27f648e660bb6150,CRC-Prim-HE-07,0.2666185314739612,,0.6993707368193247,selected_faithfulness,primary_jointly_correct_true_class,true_class,architecture_primary,normalized_zero,common_14,top_minus_random_relative_target_margin_reduction_auc,UNI,ResNet18,-0.43275220534536357
2972f8fbf2a19801,CRC-Prim-HE-05,0.30630033837171355,,0.40804878806678857,selected_faithfulness,primary_jointly_correct_true_class,true_class,architecture_primary,normalized_zero,common_14,top_minus_random_relative_target_margin_reduction_auc,UNI,ResNet18,-0.10174844969507503
2a6c73dfb8b3978d,CRC-Prim-HE-05,0.20661476184662306,,0.29582865476033976,selected_faithfulness,primary_jointly_correct_true_class,true_class,architecture_primary,normalized_zero,common_14,top_minus_random_relative_target_margin_reduction_auc,UNI,ResNet18,-0.08921389291371669
2a78951b8bccd520,CRC-Prim-HE-08,0.0810653004683423,,0.1681596294878196,selected_faithfulness,primary_jointly_correct_true_class,true_class,architecture_primary,normalized_zero,common_14,top_minus_random_relative_target_margin_reduction_auc,UNI,ResNet18,-0.08709432901947729
2bcf837c4e8f8d5b,CRC-Prim-HE-05,0.18342423028405921,,0.2201559608992762,selected_faithfulness,primary_jointly_correct_true_class,true_class,architecture_primary,normalized_zero,common_14,top_minus_random_relative_target_margin_reduction_auc,UNI,ResNet18,-0.03673173061521697
2e3594a7d7c7df9e,CRC-Prim-HE-04,0.06686921716109294,,-0.3059836421794698,selected_faithfulness,primary_jointly_correct_true_class,true_class,architecture_primary,normalized_zero,common_14,top_minus_random_relative_target_margin_reduction_auc,UNI,ResNet18,0.3728528593405627
32bde1c820d8de33,CRC-Prim-HE-06,0.039538098805697836,,0.2626776311501964,selected_faithfulness,primary_jointly_correct_true_class,true_class,architecture_primary,normalized_zero,common_14,top_minus_random_relative_target_margin_reduction_auc,UNI,ResNet18,-0.22313953234449857
32eb03f4783f1cd8,CRC-Prim-HE-07,0.3973843090620294,,0.5539432343683143,selected_faithfulness,primary_jointly_correct_true_class,true_class,architecture_primary,normalized_zero,common_14,top_minus_random_relative_target_margin_reduction_auc,UNI,ResNet18,-0.15655892530628493
3461675807569ebd,CRC-Prim-HE-05,0.13568057555038343,,0.5969334581262841,selected_faithfulness,primary_jointly_correct_true_class,true_class,architecture_primary,normalized_zero,common_14,top_minus_random_relative_target_margin_reduction_auc,UNI,ResNet18,-0.46125288257590064
36d16120094f3565,CRC-Prim-HE-10,0.0689903393569683,,0.18764454806759923,selected_faithfulness,primary_jointly_correct_true_class,true_class,architecture_primary,normalized_zero,common_14,top_minus_random_relative_target_margin_reduction_auc,UNI,ResNet18,-0.11865420871063093
37a5ac2201acb4df,CRC-Prim-HE-03,0.365143659717514,,0.5103933993775209,selected_faithfulness,primary_jointly_correct_true_class,true_class,architecture_primary,normalized_zero,common_14,top_minus_random_relative_target_margin_reduction_auc,UNI,ResNet18,-0.14524973966000698
39f8deff00e87441,CRC-Prim-HE-04,0.08185170680014174,,0.25816973164247015,selected_faithfulness,primary_jointly_correct_true_class,true_class,architecture_primary,normalized_zero,common_14,top_minus_random_relative_target_margin_reduction_auc,UNI,ResNet18,-0.1763180248423284
3bb11e583afc1ccb,CRC-Prim-HE-09,0.0317429901434862,,-0.20107442895396707,selected_faithfulness,primary_jointly_correct_true_class,true_class,architecture_primary,normalized_zero,common_14,top_minus_random_relative_target_margin_reduction_auc,UNI,ResNet18,0.23281741909745327
3c7fb6617412736f,CRC-Prim-HE-05,0.029361398938165365,,0.17866779050758488,selected_faithfulness,primary_jointly_correct_true_class,true_class,architecture_primary,normalized_zero,common_14,top_minus_random_relative_target_margin_reduction_auc,UNI,ResNet18,-0.14930639156941952
3ca77c8ff28c6a38,CRC-Prim-HE-09,0.0337134116266448,,-0.1474673187338121,selected_faithfulness,primary_jointly_correct_true_class,true_class,architecture_primary,normalized_zero,common_14,top_minus_random_relative_target_margin_reduction_auc,UNI,ResNet18,0.1811807303604569
3dbf0a1ef913a401,CRC-Prim-HE-06,0.2130206355312311,,0.18095792131177135,selected_faithfulness,primary_jointly_correct_true_class,true_class,architecture_primary,normalized_zero,common_14,top_minus_random_relative_target_margin_reduction_auc,UNI,ResNet18,0.032062714219459755
3e98695c46510ed0,CRC-Prim-HE-06,0.2948958651000709,,0.3993798604100653,selected_faithfulness,primary_jointly_correct_true_class,true_class,architecture_primary,normalized_zero,common_14,top_minus_random_relative_target_margin_reduction_auc,UNI,ResNet18,-0.10448399530999443
41713f770826e98b,CRC-Prim-HE-10,0.025180058274013067,,0.004681042428302962,selected_faithfulness,primary_jointly_correct_true_class,true_class,architecture_primary,normalized_zero,common_14,top_minus_random_relative_target_margin_reduction_auc,UNI,ResNet18,0.020499015845710105
422c2fc907ade074,CRC-Prim-HE-07,0.20569607635875098,,0.8173269529766966,selected_faithfulness,primary_jointly_correct_true_class,true_class,architecture_primary,normalized_zero,common_14,top_minus_random_relative_target_margin_reduction_auc,UNI,ResNet18,-0.6116308766179456
472807da8f0b9d8f,CRC-Prim-HE-04,0.0512220057899955,,0.3492525774752284,selected_faithfulness,primary_jointly_correct_true_class,true_class,architecture_primary,normalized_zero,common_14,top_minus_random_relative_target_margin_reduction_auc,UNI,ResNet18,-0.2980305716852329
49f02bf56c581508,CRC-Prim-HE-06,0.06337932349105677,,0.2928822436155176,selected_faithfulness,primary_jointly_correct_true_class,true_class,architecture_primary,normalized_zero,common_14,top_minus_random_relative_target_margin_reduction_auc,UNI,ResNet18,-0.22950292012446083
4bb5d08e6fc0f323,CRC-Prim-HE-04,0.048451332830402795,,0.07017390209501093,selected_faithfulness,primary_jointly_correct_true_class,true_class,architecture_primary,normalized_zero,common_14,top_minus_random_relative_target_margin_reduction_auc,UNI,ResNet18,-0.021722569264608128
4be2dd4795c87a84,CRC-Prim-HE-03,0.0908118811518243,,0.3018835343242146,selected_faithfulness,primary_jointly_correct_true_class,true_class,architecture_primary,normalized_zero,common_14,top_minus_random_relative_target_margin_reduction_auc,UNI,ResNet18,-0.21107165317239032
4d7d22e7ee67edc0,CRC-Prim-HE-06,0.08333512343844969,,0.29962416329835373,selected_faithfulness,primary_jointly_correct_true_class,true_class,architecture_primary,normalized_zero,common_14,top_minus_random_relative_target_margin_reduction_auc,UNI,ResNet18,-0.21628903985990403
4e1415b68afd1584,CRC-Prim-HE-02,0.060190326544662394,,-0.01164582662319675,selected_faithfulness,primary_jointly_correct_true_class,true_class,architecture_primary,normalized_zero,common_14,top_minus_random_relative_target_margin_reduction_auc,UNI,ResNet18,0.07183615316785914
4edae3a6c5fef03b,CRC-Prim-HE-04,0.27289927644236683,,0.45478120778775,selected_faithfulness,primary_jointly_correct_true_class,true_class,architecture_primary,normalized_zero,common_14,top_minus_random_relative_target_margin_reduction_auc,UNI,ResNet18,-0.18188193134538314
50abad0d894a9a24,CRC-Prim-HE-03,0.0963596894510363,,0.2950607808708903,selected_faithfulness,primary_jointly_correct_true_class,true_class,architecture_primary,normalized_zero,common_14,top_minus_random_relative_target_margin_reduction_auc,UNI,ResNet18,-0.198701091419854
50f0d4586f4e50cd,CRC-Prim-HE-03,0.0296758850693389,,0.20911682168764717,selected_faithfulness,primary_jointly_correct_true_class,true_class,architecture_primary,normalized_zero,common_14,top_minus_random_relative_target_margin_reduction_auc,UNI,ResNet18,-0.17944093661830826
577078f694f3a50f,CRC-Prim-HE-10,0.07288432264788026,,0.1808404079602619,selected_faithfulness,primary_jointly_correct_true_class,true_class,architecture_primary,normalized_zero,common_14,top_minus_random_relative_target_margin_reduction_auc,UNI,ResNet18,-0.10795608531238166
59fb439e8286c5e4,CRC-Prim-HE-05,1.5398279160530817,,0.44619043380768986,selected_faithfulness,primary_jointly_correct_true_class,true_class,architecture_primary,normalized_zero,common_14,top_minus_random_relative_target_margin_reduction_auc,UNI,ResNet18,1.0936374822453918
5a904b4bcd844135,CRC-Prim-HE-08,0.013812659507929334,,0.19650910837876168,selected_faithfulness,primary_jointly_correct_true_class,true_class,architecture_primary,normalized_zero,common_14,top_minus_random_relative_target_margin_reduction_auc,UNI,ResNet18,-0.18269644887083233
5bec1382c8f3cb55,CRC-Prim-HE-03,0.3607726854835966,,0.49674493782213935,selected_faithfulness,primary_jointly_correct_true_class,true_class,architecture_primary,normalized_zero,common_14,top_minus_random_relative_target_margin_reduction_auc,UNI,ResNet18,-0.13597225233854277
5ecfdf1119937db7,CRC-Prim-HE-04,0.11383607532127156,,0.4472463805102889,selected_faithfulness,primary_jointly_correct_true_class,true_class,architecture_primary,normalized_zero,common_14,top_minus_random_relative_target_margin_reduction_auc,UNI,ResNet18,-0.3334103051890174
5fbd0a0168e78ab0,CRC-Prim-HE-01,-0.0231058981568867,,0.1704113692814617,selected_faithfulness,primary_jointly_correct_true_class,true_class,architecture_primary,normalized_zero,common_14,top_minus_random_relative_target_margin_reduction_auc,UNI,ResNet18,-0.1935172674383484
647e242b6bd13231,CRC-Prim-HE-01,1.3924948927493528,,0.4196435982594928,selected_faithfulness,primary_jointly_correct_true_class,true_class,architecture_primary,normalized_zero,common_14,top_minus_random_relative_target_margin_reduction_auc,UNI,ResNet18,0.97285129448986
6504385ff1a70fd3,CRC-Prim-HE-04,0.19090679230441934,,0.18692650525738747,selected_faithfulness,primary_jointly_correct_true_class,true_class,architecture_primary,normalized_zero,common_14,top_minus_random_relative_target_margin_reduction_auc,UNI,ResNet18,0.0039802870470318635
656e475a6969c0d0,CRC-Prim-HE-03,0.7494003945725389,,0.7944940809502258,selected_faithfulness,primary_jointly_correct_true_class,true_class,architecture_primary,normalized_zero,common_14,top_minus_random_relative_target_margin_reduction_auc,UNI,ResNet18,-0.04509368637768685
66c5c50aae1f3eb7,CRC-Prim-HE-08,0.09202528266869194,,0.1141159775651618,selected_faithfulness,primary_jointly_correct_true_class,true_class,architecture_primary,normalized_zero,common_14,top_minus_random_relative_target_margin_reduction_auc,UNI,ResNet18,-0.022090694896469865
67161ff392b6a2aa,CRC-Prim-HE-04,0.032428846119098,,0.0060716831855747964,selected_faithfulness,primary_jointly_correct_true_class,true_class,architecture_primary,normalized_zero,common_14,top_minus_random_relative_target_margin_reduction_auc,UNI,ResNet18,0.026357162933523203
680133a362d38828,CRC-Prim-HE-04,0.2500984381976697,,0.4389644115820711,selected_faithfulness,primary_jointly_correct_true_class,true_class,architecture_primary,normalized_zero,common_14,top_minus_random_relative_target_margin_reduction_auc,UNI,ResNet18,-0.18886597338440145
68d7766cea567a97,CRC-Prim-HE-04,0.06534007955874926,,0.3365341522601211,selected_faithfulness,primary_jointly_correct_true_class,true_class,architecture_primary,normalized_zero,common_14,top_minus_random_relative_target_margin_reduction_auc,UNI,ResNet18,-0.27119407270137186
6cacd7b496b4816f,CRC-Prim-HE-02,0.22798639084999328,,0.5568454587230527,selected_faithfulness,primary_jointly_correct_true_class,true_class,architecture_primary,normalized_zero,common_14,top_minus_random_relative_target_margin_reduction_auc,UNI,ResNet18,-0.32885906787305946
6dc48436e2c96b2a,CRC-Prim-HE-07,0.3020059768365075,,1.181585114763915,selected_faithfulness,primary_jointly_correct_true_class,true_class,architecture_primary,normalized_zero,common_14,top_minus_random_relative_target_margin_reduction_auc,UNI,ResNet18,-0.8795791379274075
6dfec46ce602f4f6,CRC-Prim-HE-01,0.14760980936784487,,0.385737717853016,selected_faithfulness,primary_jointly_correct_true_class,true_class,architecture_primary,normalized_zero,common_14,top_minus_random_relative_target_margin_reduction_auc,UNI,ResNet18,-0.23812790848517118
6f26e2e694fdda3c,CRC-Prim-HE-02,0.07808965698825787,,0.18657112527339892,selected_faithfulness,primary_jointly_correct_true_class,true_class,architecture_primary,normalized_zero,common_14,top_minus_random_relative_target_margin_reduction_auc,UNI,ResNet18,-0.10848146828514105
6f643b1b38de98a5,CRC-Prim-HE-10,0.11837941220780519,,0.254151954350039,selected_faithfulness,primary_jointly_correct_true_class,true_class,architecture_primary,normalized_zero,common_14,top_minus_random_relative_target_margin_reduction_auc,UNI,ResNet18,-0.1357725421422338
753e54983d8212fa,CRC-Prim-HE-04,0.14302716759984757,,0.17397333719195743,selected_faithfulness,primary_jointly_correct_true_class,true_class,architecture_primary,normalized_zero,common_14,top_minus_random_relative_target_margin_reduction_auc,UNI,ResNet18,-0.030946169592109867
7985173f57daa8e2,CRC-Prim-HE-10,0.14596386963149643,,0.24536133649383057,selected_faithfulness,primary_jointly_correct_true_class,true_class,architecture_primary,normalized_zero,common_14,top_minus_random_relative_target_margin_reduction_auc,UNI,ResNet18,-0.09939746686233415
79beeb51534cb278,CRC-Prim-HE-05,0.4448585404122814,,0.5266940456012909,selected_faithfulness,primary_jointly_correct_true_class,true_class,architecture_primary,normalized_zero,common_14,top_minus_random_relative_target_margin_reduction_auc,UNI,ResNet18,-0.08183550518900949
7ae9f8fa547b14cf,CRC-Prim-HE-03,0.861575230599737,,0.828749576826905,selected_faithfulness,primary_jointly_correct_true_class,true_class,architecture_primary,normalized_zero,common_14,top_minus_random_relative_target_margin_reduction_auc,UNI,ResNet18,0.032825653772832
7ca80536dfde43c1,CRC-Prim-HE-06,0.2459047508229335,,0.7576069812360031,selected_faithfulness,primary_jointly_correct_true_class,true_class,architecture_primary,normalized_zero,common_14,top_minus_random_relative_target_margin_reduction_auc,UNI,ResNet18,-0.5117022304130696
7cbabdfbfb2a3c84,CRC-Prim-HE-05,0.32425038036751613,,0.4645526058446289,selected_faithfulness,primary_jointly_correct_true_class,true_class,architecture_primary,normalized_zero,common_14,top_minus_random_relative_target_margin_reduction_auc,UNI,ResNet18,-0.14030222547711274
7ce759961c8e9f68,CRC-Prim-HE-10,0.06296126781010174,,0.17918928769061637,selected_faithfulness,primary_jointly_correct_true_class,true_class,architecture_primary,normalized_zero,common_14,top_minus_random_relative_target_margin_reduction_auc,UNI,ResNet18,-0.11622801988051464
7e936798bcb752be,CRC-Prim-HE-06,0.07955597578128039,,0.23606830278912472,selected_faithfulness,primary_jointly_correct_true_class,true_class,architecture_primary,normalized_zero,common_14,top_minus_random_relative_target_margin_reduction_auc,UNI,ResNet18,-0.15651232700784432
7f22a2743f7024e1,CRC-Prim-HE-03,0.315577785272873,,-0.17017059397023887,selected_faithfulness,primary_jointly_correct_true_class,true_class,architecture_primary,normalized_zero,common_14,top_minus_random_relative_target_margin_reduction_auc,UNI,ResNet18,0.48574837924311187
7f279e0a733cbbf7,CRC-Prim-HE-03,0.06131651086069437,,0.23520178866411195,selected_faithfulness,primary_jointly_correct_true_class,true_class,architecture_primary,normalized_zero,common_14,top_minus_random_relative_target_margin_reduction_auc,UNI,ResNet18,-0.1738852778034176
7fbe4f5d5ceb71bf,CRC-Prim-HE-07,1.2009396610939527,,0.9634549887666107,selected_faithfulness,primary_jointly_correct_true_class,true_class,architecture_primary,normalized_zero,common_14,top_minus_random_relative_target_margin_reduction_auc,UNI,ResNet18,0.2374846723273419
806387c8005ca838,CRC-Prim-HE-10,0.07201479364022087,,0.057519963153673304,selected_faithfulness,primary_jointly_correct_true_class,true_class,architecture_primary,normalized_zero,common_14,top_minus_random_relative_target_margin_reduction_auc,UNI,ResNet18,0.014494830486547568
814b94faf369aee5,CRC-Prim-HE-06,0.23086619750843676,,0.4453145705360793,selected_faithfulness,primary_jointly_correct_true_class,true_class,architecture_primary,normalized_zero,common_14,top_minus_random_relative_target_margin_reduction_auc,UNI,ResNet18,-0.21444837302764255
815caeca3553b92b,CRC-Prim-HE-10,0.1662393520771228,,0.24478320199240894,selected_faithfulness,primary_jointly_correct_true_class,true_class,architecture_primary,normalized_zero,common_14,top_minus_random_relative_target_margin_reduction_auc,UNI,ResNet18,-0.07854384991528617
81900f74ad505918,CRC-Prim-HE-01,0.1092804367594077,,0.1243321383749378,selected_faithfulness,primary_jointly_correct_true_class,true_class,architecture_primary,normalized_zero,common_14,top_minus_random_relative_target_margin_reduction_auc,UNI,ResNet18,-0.0150517016155301
84bd2dc0cefd68eb,CRC-Prim-HE-05,0.03514934503792447,,-0.051518744211754466,selected_faithfulness,primary_jointly_correct_true_class,true_class,architecture_primary,normalized_zero,common_14,top_minus_random_relative_target_margin_reduction_auc,UNI,ResNet18,0.08666808924967893
84fc31312ad9e8f3,CRC-Prim-HE-06,0.11868883587236984,,0.33813292456785726,selected_faithfulness,primary_jointly_correct_true_class,true_class,architecture_primary,normalized_zero,common_14,top_minus_random_relative_target_margin_reduction_auc,UNI,ResNet18,-0.2194440886954874
861d7c478063ac75,CRC-Prim-HE-09,0.19319147477905343,,0.4733090343523326,selected_faithfulness,primary_jointly_correct_true_class,true_class,architecture_primary,normalized_zero,common_14,top_minus_random_relative_target_margin_reduction_auc,UNI,ResNet18,-0.28011755957327916
869291ef3438d48f,CRC-Prim-HE-06,0.03307879623066593,,0.28909159467915807,selected_faithfulness,primary_jointly_correct_true_class,true_class,architecture_primary,normalized_zero,common_14,top_minus_random_relative_target_margin_reduction_auc,UNI,ResNet18,-0.2560127984484921
870de883a58ffe7c,CRC-Prim-HE-10,0.0795442249945701,,0.1906232472211952,selected_faithfulness,primary_jointly_correct_true_class,true_class,architecture_primary,normalized_zero,common_14,top_minus_random_relative_target_margin_reduction_auc,UNI,ResNet18,-0.1110790222266251
8a2464a823867737,CRC-Prim-HE-10,0.15263387906836848,,0.253741494792293,selected_faithfulness,primary_jointly_correct_true_class,true_class,architecture_primary,normalized_zero,common_14,top_minus_random_relative_target_margin_reduction_auc,UNI,ResNet18,-0.10110761572392457
8e4a21d1b45b86e6,CRC-Prim-HE-01,0.12650407254407203,,0.45979060100902575,selected_faithfulness,primary_jointly_correct_true_class,true_class,architecture_primary,normalized_zero,common_14,top_minus_random_relative_target_margin_reduction_auc,UNI,ResNet18,-0.3332865284649537
8fc5ae04f95141e4,CRC-Prim-HE-08,0.09535949747262673,,0.3397206338026213,selected_faithfulness,primary_jointly_correct_true_class,true_class,architecture_primary,normalized_zero,common_14,top_minus_random_relative_target_margin_reduction_auc,UNI,ResNet18,-0.24436113632999457
90b23a2e7ea7c973,CRC-Prim-HE-07,0.29857138998709964,,0.3472831756755219,selected_faithfulness,primary_jointly_correct_true_class,true_class,architecture_primary,normalized_zero,common_14,top_minus_random_relative_target_margin_reduction_auc,UNI,ResNet18,-0.048711785688422264
935e673920be3e3e,CRC-Prim-HE-10,-0.1860804854110039,,-0.1091169991380533,selected_faithfulness,primary_jointly_correct_true_class,true_class,architecture_primary,normalized_zero,common_14,top_minus_random_relative_target_margin_reduction_auc,UNI,ResNet18,-0.07696348627295059
93eff4e2a3b4b436,CRC-Prim-HE-03,1.3243163180585131,,1.901561917479854,selected_faithfulness,primary_jointly_correct_true_class,true_class,architecture_primary,normalized_zero,common_14,top_minus_random_relative_target_margin_reduction_auc,UNI,ResNet18,-0.5772455994213408
9e2da9f9b3f082d8,CRC-Prim-HE-06,0.067826001607856,,0.2051319037688113,selected_faithfulness,primary_jointly_correct_true_class,true_class,architecture_primary,normalized_zero,common_14,top_minus_random_relative_target_margin_reduction_auc,UNI,ResNet18,-0.1373059021609553
9e9a56b62253622a,CRC-Prim-HE-10,0.0583823532437348,,0.14532479037795457,selected_faithfulness,primary_jointly_correct_true_class,true_class,architecture_primary,normalized_zero,common_14,top_minus_random_relative_target_margin_reduction_auc,UNI,ResNet18,-0.08694243713421977
a06e84f10dd02759,CRC-Prim-HE-01,0.12764642906527127,,0.3137911155866046,selected_faithfulness,primary_jointly_correct_true_class,true_class,architecture_primary,normalized_zero,common_14,top_minus_random_relative_target_margin_reduction_auc,UNI,ResNet18,-0.18614468652133334
a1d1a2794b06853a,CRC-Prim-HE-05,2.0743985577702526,,1.6728755903883439,selected_faithfulness,primary_jointly_correct_true_class,true_class,architecture_primary,normalized_zero,common_14,top_minus_random_relative_target_margin_reduction_auc,UNI,ResNet18,0.4015229673819087
a3a71800248d10f3,CRC-Prim-HE-05,0.2766696898118388,,-0.04896202504279212,selected_faithfulness,primary_jointly_correct_true_class,true_class,architecture_primary,normalized_zero,common_14,top_minus_random_relative_target_margin_reduction_auc,UNI,ResNet18,0.32563171485463094
a601add377069399,CRC-Prim-HE-07,0.12433765942146542,,0.260496667141151,selected_faithfulness,primary_jointly_correct_true_class,true_class,architecture_primary,normalized_zero,common_14,top_minus_random_relative_target_margin_reduction_auc,UNI,ResNet18,-0.13615900771968556
a64aaa7bc517773b,CRC-Prim-HE-05,0.29260220778529183,,0.5807964967151015,selected_faithfulness,primary_jointly_correct_true_class,true_class,architecture_primary,normalized_zero,common_14,top_minus_random_relative_target_margin_reduction_auc,UNI,ResNet18,-0.28819428892980964
a9d9432c0d68ed0a,CRC-Prim-HE-01,0.3993622829276568,,0.31678359704566134,selected_faithfulness,primary_jointly_correct_true_class,true_class,architecture_primary,normalized_zero,common_14,top_minus_random_relative_target_margin_reduction_auc,UNI,ResNet18,0.08257868588199546
aa43907cd4b2becd,CRC-Prim-HE-07,0.12120838671710576,,0.1655842186661602,selected_faithfulness,primary_jointly_correct_true_class,true_class,architecture_primary,normalized_zero,common_14,top_minus_random_relative_target_margin_reduction_auc,UNI,ResNet18,-0.04437583194905443
aa66053db10c2521,CRC-Prim-HE-07,0.0726442690186447,,0.31009197340407907,selected_faithfulness,primary_jointly_correct_true_class,true_class,architecture_primary,normalized_zero,common_14,top_minus_random_relative_target_margin_reduction_auc,UNI,ResNet18,-0.2374477043854344
aacf4d181a79611d,CRC-Prim-HE-10,0.08921397736901326,,0.39445463009246395,selected_faithfulness,primary_jointly_correct_true_class,true_class,architecture_primary,normalized_zero,common_14,top_minus_random_relative_target_margin_reduction_auc,UNI,ResNet18,-0.3052406527234507
abb6eb6a3d2f19a4,CRC-Prim-HE-10,0.13902256038400765,,0.2508822028026544,selected_faithfulness,primary_jointly_correct_true_class,true_class,architecture_primary,normalized_zero,common_14,top_minus_random_relative_target_margin_reduction_auc,UNI,ResNet18,-0.11185964241864677
abd0b36c016589ac,CRC-Prim-HE-05,0.2767415541810725,,1.3163240734111714,selected_faithfulness,primary_jointly_correct_true_class,true_class,architecture_primary,normalized_zero,common_14,top_minus_random_relative_target_margin_reduction_auc,UNI,ResNet18,-1.039582519230099
ac296c08e234f433,CRC-Prim-HE-07,0.0981982576758514,,0.4265205457487709,selected_faithfulness,primary_jointly_correct_true_class,true_class,architecture_primary,normalized_zero,common_14,top_minus_random_relative_target_margin_reduction_auc,UNI,ResNet18,-0.3283222880729195
ada7eec7a05126f2,CRC-Prim-HE-01,-0.033169199869032696,,0.06357961937112108,selected_faithfulness,primary_jointly_correct_true_class,true_class,architecture_primary,normalized_zero,common_14,top_minus_random_relative_target_margin_reduction_auc,UNI,ResNet18,-0.09674881924015377
ae0cd82e37b56657,CRC-Prim-HE-08,0.18237916326480877,,0.19904857909921284,selected_faithfulness,primary_jointly_correct_true_class,true_class,architecture_primary,normalized_zero,common_14,top_minus_random_relative_target_margin_reduction_auc,UNI,ResNet18,-0.016669415834404067
b01434a09d10e513,CRC-Prim-HE-09,0.15019767291723876,,0.16715395649739628,selected_faithfulness,primary_jointly_correct_true_class,true_class,architecture_primary,normalized_zero,common_14,top_minus_random_relative_target_margin_reduction_auc,UNI,ResNet18,-0.016956283580157532
b07b2e18ddf8934d,CRC-Prim-HE-10,0.0869355293179111,,0.400352165739913,selected_faithfulness,primary_jointly_correct_true_class,true_class,architecture_primary,normalized_zero,common_14,top_minus_random_relative_target_margin_reduction_auc,UNI,ResNet18,-0.3134166364220019
b37b8b23cb98ecbb,CRC-Prim-HE-09,0.169925030462354,,1.0059354735653392,selected_faithfulness,primary_jointly_correct_true_class,true_class,architecture_primary,normalized_zero,common_14,top_minus_random_relative_target_margin_reduction_auc,UNI,ResNet18,-0.8360104431029852
b3c6abe8bd8cb7b2,CRC-Prim-HE-01,0.17727832919413064,,0.287608768906392,selected_faithfulness,primary_jointly_correct_true_class,true_class,architecture_primary,normalized_zero,common_14,top_minus_random_relative_target_margin_reduction_auc,UNI,ResNet18,-0.11033043971226131
b3f186984df05412,CRC-Prim-HE-06,-0.1800962557810498,,-0.022482510583212933,selected_faithfulness,primary_jointly_correct_true_class,true_class,architecture_primary,normalized_zero,common_14,top_minus_random_relative_target_margin_reduction_auc,UNI,ResNet18,-0.15761374519783686
b413d9d06b6eb228,CRC-Prim-HE-04,0.19424617617960172,,0.33779861052001936,selected_faithfulness,primary_jointly_correct_true_class,true_class,architecture_primary,normalized_zero,common_14,top_minus_random_relative_target_margin_reduction_auc,UNI,ResNet18,-0.14355243434041762
b5d9d54cd96b2071,CRC-Prim-HE-06,0.08293786804089813,,0.24205465232238743,selected_faithfulness,primary_jointly_correct_true_class,true_class,architecture_primary,normalized_zero,common_14,top_minus_random_relative_target_margin_reduction_auc,UNI,ResNet18,-0.15911678428148932
b6916aa2102e4088,CRC-Prim-HE-02,0.14605108254071136,,0.3879576045545477,selected_faithfulness,primary_jointly_correct_true_class,true_class,architecture_primary,normalized_zero,common_14,top_minus_random_relative_target_margin_reduction_auc,UNI,ResNet18,-0.24190652201383633
b6929d2700ed7f2f,CRC-Prim-HE-03,0.2766521811595703,,0.5557540635554556,selected_faithfulness,primary_jointly_correct_true_class,true_class,architecture_primary,normalized_zero,common_14,top_minus_random_relative_target_margin_reduction_auc,UNI,ResNet18,-0.27910188239588535
b72b7a1e6a090000,CRC-Prim-HE-09,0.09912605477318114,,0.3120146247130159,selected_faithfulness,primary_jointly_correct_true_class,true_class,architecture_primary,normalized_zero,common_14,top_minus_random_relative_target_margin_reduction_auc,UNI,ResNet18,-0.21288856993983477
b80fd6a4428f6c65,CRC-Prim-HE-07,0.23229932307679127,,0.24191730718726812,selected_faithfulness,primary_jointly_correct_true_class,true_class,architecture_primary,normalized_zero,common_14,top_minus_random_relative_target_margin_reduction_auc,UNI,ResNet18,-0.009617984110476846
b847124aee457744,CRC-Prim-HE-03,0.10482572359777609,,0.40427589998073976,selected_faithfulness,primary_jointly_correct_true_class,true_class,architecture_primary,normalized_zero,common_14,top_minus_random_relative_target_margin_reduction_auc,UNI,ResNet18,-0.2994501763829637
bab8ffa3672fe863,CRC-Prim-HE-10,0.10306486765738626,,0.329248102763583,selected_faithfulness,primary_jointly_correct_true_class,true_class,architecture_primary,normalized_zero,common_14,top_minus_random_relative_target_margin_reduction_auc,UNI,ResNet18,-0.22618323510619676
bbe13df2388dd5ee,CRC-Prim-HE-01,0.2853855342710233,,-0.14035735316143821,selected_faithfulness,primary_jointly_correct_true_class,true_class,architecture_primary,normalized_zero,common_14,top_minus_random_relative_target_margin_reduction_auc,UNI,ResNet18,0.4257428874324615
be3c49989d24922b,CRC-Prim-HE-06,0.0771807738603872,,0.3221858778413302,selected_faithfulness,primary_jointly_correct_true_class,true_class,architecture_primary,normalized_zero,common_14,top_minus_random_relative_target_margin_reduction_auc,UNI,ResNet18,-0.24500510398094297
bf44465971ef3179,CRC-Prim-HE-05,0.12870761313399479,,0.23912596825421448,selected_faithfulness,primary_jointly_correct_true_class,true_class,architecture_primary,normalized_zero,common_14,top_minus_random_relative_target_margin_reduction_auc,UNI,ResNet18,-0.11041835512021969
c18fc3e2973f0de1,CRC-Prim-HE-05,0.13632212187625253,,0.22718549900458235,selected_faithfulness,primary_jointly_correct_true_class,true_class,architecture_primary,normalized_zero,common_14,top_minus_random_relative_target_margin_reduction_auc,UNI,ResNet18,-0.0908633771283298
c4d1fe65995b26f9,CRC-Prim-HE-07,0.43816244717082103,,0.34745446763792104,selected_faithfulness,primary_jointly_correct_true_class,true_class,architecture_primary,normalized_zero,common_14,top_minus_random_relative_target_margin_reduction_auc,UNI,ResNet18,0.0907079795329
c64f85e88acdea4b,CRC-Prim-HE-10,0.06478212704635837,,0.3100839401628665,selected_faithfulness,primary_jointly_correct_true_class,true_class,architecture_primary,normalized_zero,common_14,top_minus_random_relative_target_margin_reduction_auc,UNI,ResNet18,-0.24530181311650812
c68a986b4dae0cf4,CRC-Prim-HE-06,0.08875940352204355,,0.2579747118412911,selected_faithfulness,primary_jointly_correct_true_class,true_class,architecture_primary,normalized_zero,common_14,top_minus_random_relative_target_margin_reduction_auc,UNI,ResNet18,-0.16921530831924758
c8912e73a087a123,CRC-Prim-HE-06,0.3137569839613183,,0.8205476081795753,selected_faithfulness,primary_jointly_correct_true_class,true_class,architecture_primary,normalized_zero,common_14,top_minus_random_relative_target_margin_reduction_auc,UNI,ResNet18,-0.5067906242182569
c9f61cfb5f9527d7,CRC-Prim-HE-05,0.19960373973396453,,0.29465142100601427,selected_faithfulness,primary_jointly_correct_true_class,true_class,architecture_primary,normalized_zero,common_14,top_minus_random_relative_target_margin_reduction_auc,UNI,ResNet18,-0.09504768127204977
cafa43bacc3757d3,CRC-Prim-HE-08,0.6059257185001293,,1.0115878551764144,selected_faithfulness,primary_jointly_correct_true_class,true_class,architecture_primary,normalized_zero,common_14,top_minus_random_relative_target_margin_reduction_auc,UNI,ResNet18,-0.405662136676285
cb86458124384107,CRC-Prim-HE-06,0.5191104864100423,,0.7284553098715427,selected_faithfulness,primary_jointly_correct_true_class,true_class,architecture_primary,normalized_zero,common_14,top_minus_random_relative_target_margin_reduction_auc,UNI,ResNet18,-0.2093448234615004
cc4eeddb30209290,CRC-Prim-HE-08,0.08113405200994213,,0.1884590034055741,selected_faithfulness,primary_jointly_correct_true_class,true_class,architecture_primary,normalized_zero,common_14,top_minus_random_relative_target_margin_reduction_auc,UNI,ResNet18,-0.10732495139563196
cf0939767237c80d,CRC-Prim-HE-09,0.10289866087664427,,0.4211919813144958,selected_faithfulness,primary_jointly_correct_true_class,true_class,architecture_primary,normalized_zero,common_14,top_minus_random_relative_target_margin_reduction_auc,UNI,ResNet18,-0.3182933204378515
d1c51024cb1d7ffe,CRC-Prim-HE-08,0.042140886496442674,,0.07635717664691084,selected_faithfulness,primary_jointly_correct_true_class,true_class,architecture_primary,normalized_zero,common_14,top_minus_random_relative_target_margin_reduction_auc,UNI,ResNet18,-0.03421629015046817
d1efa060416e2952,CRC-Prim-HE-05,0.2188265408610215,,0.30687044491642684,selected_faithfulness,primary_jointly_correct_true_class,true_class,architecture_primary,normalized_zero,common_14,top_minus_random_relative_target_margin_reduction_auc,UNI,ResNet18,-0.08804390405540534
d207bd7fcb29255f,CRC-Prim-HE-03,0.25800211056864053,,0.36751141112318136,selected_faithfulness,primary_jointly_correct_true_class,true_class,architecture_primary,normalized_zero,common_14,top_minus_random_relative_target_margin_reduction_auc,UNI,ResNet18,-0.10950930055454083
d2cd5399d5294aee,CRC-Prim-HE-09,0.07643155777796069,,0.27206997237165176,selected_faithfulness,primary_jointly_correct_true_class,true_class,architecture_primary,normalized_zero,common_14,top_minus_random_relative_target_margin_reduction_auc,UNI,ResNet18,-0.19563841459369105
d345f3e6315b1134,CRC-Prim-HE-10,0.15295301986279644,,0.26282647145640514,selected_faithfulness,primary_jointly_correct_true_class,true_class,architecture_primary,normalized_zero,common_14,top_minus_random_relative_target_margin_reduction_auc,UNI,ResNet18,-0.10987345159360867
d3bbf2f08cac9ae7,CRC-Prim-HE-10,0.076918605317317,,0.2500786729891413,selected_faithfulness,primary_jointly_correct_true_class,true_class,architecture_primary,normalized_zero,common_14,top_minus_random_relative_target_margin_reduction_auc,UNI,ResNet18,-0.17316006767182435
d49629b83cdc32c9,CRC-Prim-HE-01,0.2567387348702727,,0.18708710393693373,selected_faithfulness,primary_jointly_correct_true_class,true_class,architecture_primary,normalized_zero,common_14,top_minus_random_relative_target_margin_reduction_auc,UNI,ResNet18,0.069651630933339
d63f1676f784f23d,CRC-Prim-HE-06,0.10275834529074918,,0.2993682727261582,selected_faithfulness,primary_jointly_correct_true_class,true_class,architecture_primary,normalized_zero,common_14,top_minus_random_relative_target_margin_reduction_auc,UNI,ResNet18,-0.19660992743540903
d6c94cfaf1e9cd3d,CRC-Prim-HE-03,0.28958065432159275,,0.5705164926409294,selected_faithfulness,primary_jointly_correct_true_class,true_class,architecture_primary,normalized_zero,common_14,top_minus_random_relative_target_margin_reduction_auc,UNI,ResNet18,-0.28093583831933666
d80f16cbdb8857f7,CRC-Prim-HE-06,0.8202194168838988,,1.0382056505401485,selected_faithfulness,primary_jointly_correct_true_class,true_class,architecture_primary,normalized_zero,common_14,top_minus_random_relative_target_margin_reduction_auc,UNI,ResNet18,-0.21798623365624964
d9b66e01e9e8bd36,CRC-Prim-HE-06,1.2330050320346702,,1.2187446269968119,selected_faithfulness,primary_jointly_correct_true_class,true_class,architecture_primary,normalized_zero,common_14,top_minus_random_relative_target_margin_reduction_auc,UNI,ResNet18,0.014260405037858229
dc6b94ff2715424a,CRC-Prim-HE-04,0.15590388323214496,,0.4287808064843476,selected_faithfulness,primary_jointly_correct_true_class,true_class,architecture_primary,normalized_zero,common_14,top_minus_random_relative_target_margin_reduction_auc,UNI,ResNet18,-0.27287692325220264
de23c47aa96416d1,CRC-Prim-HE-02,0.08038570052804907,,0.044183783794328864,selected_faithfulness,primary_jointly_correct_true_class,true_class,architecture_primary,normalized_zero,common_14,top_minus_random_relative_target_margin_reduction_auc,UNI,ResNet18,0.0362019167337202
dfaa8ec92189e348,CRC-Prim-HE-09,0.0758779091553177,,0.2566321669236951,selected_faithfulness,primary_jointly_correct_true_class,true_class,architecture_primary,normalized_zero,common_14,top_minus_random_relative_target_margin_reduction_auc,UNI,ResNet18,-0.18075425776837742
e278af829a6b9784,CRC-Prim-HE-05,0.12105655758223997,,0.2605917742377145,selected_faithfulness,primary_jointly_correct_true_class,true_class,architecture_primary,normalized_zero,common_14,top_minus_random_relative_target_margin_reduction_auc,UNI,ResNet18,-0.13953521665547453
e3d399728802ed6d,CRC-Prim-HE-07,0.2627680707943944,,0.3594044838999975,selected_faithfulness,primary_jointly_correct_true_class,true_class,architecture_primary,normalized_zero,common_14,top_minus_random_relative_target_margin_reduction_auc,UNI,ResNet18,-0.0966364131056031
e421b114e1846ee3,CRC-Prim-HE-06,0.09016347300571749,,0.17356235180287688,selected_faithfulness,primary_jointly_correct_true_class,true_class,architecture_primary,normalized_zero,common_14,top_minus_random_relative_target_margin_reduction_auc,UNI,ResNet18,-0.0833988787971594
ea872201a8997191,CRC-Prim-HE-07,0.16955338008876797,,0.7459555232287555,selected_faithfulness,primary_jointly_correct_true_class,true_class,architecture_primary,normalized_zero,common_14,top_minus_random_relative_target_margin_reduction_auc,UNI,ResNet18,-0.5764021431399875
eaf3ad0d094266c7,CRC-Prim-HE-01,0.241832025533936,,0.5941256525967422,selected_faithfulness,primary_jointly_correct_true_class,true_class,architecture_primary,normalized_zero,common_14,top_minus_random_relative_target_margin_reduction_auc,UNI,ResNet18,-0.35229362706280626
ec9ec0e66c7d3b7d,CRC-Prim-HE-06,-0.6283375115251073,,-0.44178200338799634,selected_faithfulness,primary_jointly_correct_true_class,true_class,architecture_primary,normalized_zero,common_14,top_minus_random_relative_target_margin_reduction_auc,UNI,ResNet18,-0.18655550813711094
ecd14457d7b51287,CRC-Prim-HE-08,0.08619222775741166,,0.2518212002006267,selected_faithfulness,primary_jointly_correct_true_class,true_class,architecture_primary,normalized_zero,common_14,top_minus_random_relative_target_margin_reduction_auc,UNI,ResNet18,-0.16562897244321506
ee35c00ac13a5f3e,CRC-Prim-HE-10,0.21979364696939277,,0.2112314114268908,selected_faithfulness,primary_jointly_correct_true_class,true_class,architecture_primary,normalized_zero,common_14,top_minus_random_relative_target_margin_reduction_auc,UNI,ResNet18,0.008562235542501961
effe32e349705865,CRC-Prim-HE-05,0.07275125400052461,,0.20141840095253816,selected_faithfulness,primary_jointly_correct_true_class,true_class,architecture_primary,normalized_zero,common_14,top_minus_random_relative_target_margin_reduction_auc,UNI,ResNet18,-0.12866714695201356
f08968b7be243620,CRC-Prim-HE-10,0.062111328151737,,0.2871840749772996,selected_faithfulness,primary_jointly_correct_true_class,true_class,architecture_primary,normalized_zero,common_14,top_minus_random_relative_target_margin_reduction_auc,UNI,ResNet18,-0.22507274682556258
f116d2a126d269ac,CRC-Prim-HE-05,0.3255665945053254,,0.8001630518663563,selected_faithfulness,primary_jointly_correct_true_class,true_class,architecture_primary,normalized_zero,common_14,top_minus_random_relative_target_margin_reduction_auc,UNI,ResNet18,-0.47459645736103084
f1c634424fcd7ead,CRC-Prim-HE-05,0.15654623118352937,,0.3021269733528192,selected_faithfulness,primary_jointly_correct_true_class,true_class,architecture_primary,normalized_zero,common_14,top_minus_random_relative_target_margin_reduction_auc,UNI,ResNet18,-0.14558074216928982
f1ee00d7ee61f85b,CRC-Prim-HE-10,0.0740750007264827,,0.3688223915359711,selected_faithfulness,primary_jointly_correct_true_class,true_class,architecture_primary,normalized_zero,common_14,top_minus_random_relative_target_margin_reduction_auc,UNI,ResNet18,-0.29474739080948836
f3690d3f5927eebc,CRC-Prim-HE-01,0.052053660323404104,,0.062238315085477405,selected_faithfulness,primary_jointly_correct_true_class,true_class,architecture_primary,normalized_zero,common_14,top_minus_random_relative_target_margin_reduction_auc,UNI,ResNet18,-0.010184654762073303
f4dad042bb035194,CRC-Prim-HE-06,-0.0641375127799669,,0.16049427919678128,selected_faithfulness,primary_jointly_correct_true_class,true_class,architecture_primary,normalized_zero,common_14,top_minus_random_relative_target_margin_reduction_auc,UNI,ResNet18,-0.22463179197674818
f6ca6de7ba0a5755,CRC-Prim-HE-02,0.08002757254062144,,0.33387029607582525,selected_faithfulness,primary_jointly_correct_true_class,true_class,architecture_primary,normalized_zero,common_14,top_minus_random_relative_target_margin_reduction_auc,UNI,ResNet18,-0.2538427235352038
f805172f1b7a7abe,CRC-Prim-HE-06,0.05255658047412693,,0.03563556514358833,selected_faithfulness,primary_jointly_correct_true_class,true_class,architecture_primary,normalized_zero,common_14,top_minus_random_relative_target_margin_reduction_auc,UNI,ResNet18,0.016921015330538598
f84b95d53252404b,CRC-Prim-HE-04,0.08661294362987337,,0.20653749583145203,selected_faithfulness,primary_jointly_correct_true_class,true_class,architecture_primary,normalized_zero,common_14,top_minus_random_relative_target_margin_reduction_auc,UNI,ResNet18,-0.11992455220157865
f9712c30e0c76d77,CRC-Prim-HE-06,0.3630379729677447,,0.5668695064332532,selected_faithfulness,primary_jointly_correct_true_class,true_class,architecture_primary,normalized_zero,common_14,top_minus_random_relative_target_margin_reduction_auc,UNI,ResNet18,-0.20383153346550853
f9cb360943db7c9f,CRC-Prim-HE-08,0.43585900813139195,,0.608342062733352,selected_faithfulness,primary_jointly_correct_true_class,true_class,architecture_primary,normalized_zero,common_14,top_minus_random_relative_target_margin_reduction_auc,UNI,ResNet18,-0.1724830546019601
fa5f8b14785c09ad,CRC-Prim-HE-09,0.333613140718054,,0.3905376233481647,selected_faithfulness,primary_jointly_correct_true_class,true_class,architecture_primary,normalized_zero,common_14,top_minus_random_relative_target_margin_reduction_auc,UNI,ResNet18,-0.05692448263011073
fcb8ce7d834df3b9,CRC-Prim-HE-05,0.3277532953446596,,0.4265784126179891,selected_faithfulness,primary_jointly_correct_true_class,true_class,architecture_primary,normalized_zero,common_14,top_minus_random_relative_target_margin_reduction_auc,UNI,ResNet18,-0.09882511727332953
fe53f5c5ed88cf27,CRC-Prim-HE-04,0.13742480388721182,,0.3780046885653302,selected_faithfulness,primary_jointly_correct_true_class,true_class,architecture_primary,normalized_zero,common_14,top_minus_random_relative_target_margin_reduction_auc,UNI,ResNet18,-0.24057988467811842
