cohort_name,analysis_family,target_role,model,method,perturbation,grid_label,seed,attribution_occlusion_spearman,normalized_top_minus_random_target_logit_auc,normalized_top_minus_random_target_margin_auc,top_minus_random_relative_target_logit_reduction_auc,top_minus_random_relative_target_margin_reduction_auc,top_minus_random_5_relative_target_logit_reduction,top_minus_random_10_relative_target_logit_reduction,top_minus_random_20_relative_target_logit_reduction,top_minus_random_30_relative_target_logit_reduction,top_minus_random_5_relative_target_margin_reduction,top_minus_random_10_relative_target_margin_reduction,top_minus_random_20_relative_target_margin_reduction,top_minus_random_30_relative_target_margin_reduction
random_prediction_independent,primary_jointly_correct_true_class,true_class,DINOv2,gradient_attention_rollout,normalized_zero,common_14,11,0.05288770330467211,-0.17087971868195995,-2.5601581037952488,0.06381426984868248,0.2275363613280681,0.019157627805756618,0.03834261935039391,0.09450939522082942,0.15810891558248588,0.07047227865730413,0.09579359425687807,0.35530478608512767,0.5921173499323941
random_prediction_independent,primary_jointly_correct_true_class,true_class,DINOv2,gradient_attention_rollout,normalized_zero,common_14,89,0.06255733720679092,-0.14954061025451723,-6.567130038819651,0.057486928625205796,0.14595345593372067,0.02192829720565591,0.04090797333120877,0.06892468263327667,0.1420828144836487,0.009065898997994372,0.12921124839962392,0.1887449068092912,0.38642276986705826
random_prediction_independent,primary_jointly_correct_true_class,true_class,DINOv2,gradient_attention_rollout,normalized_zero,common_14,181,0.036026125871895014,-0.14506160380964425,-0.7818388350096668,0.05716156045284026,0.16218886745649422,0.025196230760158922,0.03904505589170761,0.080378568928162,0.1355270798094182,0.1608700925241043,0.09267541843085991,0.16157598830619904,0.36539817101164873
random_prediction_independent,primary_jointly_correct_true_class,true_class,ResNet18,gradcam,normalized_zero,common_14,11,0.03422986152975238,0.6028230419623877,4.258316726716791,-0.06080623968697676,-0.19044442333156827,0.0042014625051762025,-0.036950868185513124,-0.10817352530337683,-0.17381565975043708,0.08473205100616722,0.0808532370745171,-0.05973705983249619,-0.6926656535565457
random_prediction_independent,primary_jointly_correct_true_class,true_class,ResNet18,gradcam,normalized_zero,common_14,89,0.035935088512434245,0.7330190409897469,34.77611812805178,-0.10613885289637834,-2.7416108280057103,-0.032829724383771866,-0.11134221433307258,-0.21294752654332333,-0.2941542299703327,-1.3419424350027065,-3.478096798847193,-5.716210052009835,-6.450933528219021
random_prediction_independent,primary_jointly_correct_true_class,true_class,ResNet18,gradcam,normalized_zero,common_14,181,0.004222950879823377,0.4919513766167087,1.1913190615115903,-0.08228038037547068,-0.10948481980715406,-0.016515060684976535,-0.07450454776516265,-0.16781839054874637,-0.22550216857807528,-0.023065519275684367,-0.032867290825064156,-0.20000393197719105,-0.2976067795403844
random_prediction_independent,primary_jointly_correct_true_class,true_class,UNI,gradient_attention_rollout,normalized_zero,common_14,11,0.07252686462571178,-0.17668397573938407,-0.34176254646699694,0.08173573817626893,0.14961920286177863,0.04238218193291918,0.07973824415748405,0.13519261780086025,0.19174014725602784,0.08042228442465252,0.15813251215262017,0.24315149462724672,0.35449498333126434
random_prediction_independent,primary_jointly_correct_true_class,true_class,UNI,gradient_attention_rollout,normalized_zero,common_14,89,0.14259432946992665,-0.18673154894941907,-0.3679834852974732,0.0882492583266132,0.15482209369520267,0.04224863568895519,0.0893839767534852,0.15166277547059215,0.21458633750923614,0.058258481833842864,0.137871957315917,0.2572773520939846,0.37745981939786394
random_prediction_independent,primary_jointly_correct_true_class,true_class,UNI,gradient_attention_rollout,normalized_zero,common_14,181,0.07396094119843087,-0.15483080772430716,-0.3473466275334955,0.07364727670239823,0.13301718522637115,0.03473990492365287,0.06974555292508329,0.12476717609250453,0.1728668632973134,0.05550960016677279,0.11689499561013406,0.21392019230126266,0.3061638415135306
selected_faithfulness,primary_jointly_correct_true_class,true_class,DINOv2,gradient_attention_rollout,gaussian_blur,common_14,11,0.04005813295168435,-0.07685079226122732,-0.28531100608488924,0.034566179606899214,0.047681092660086286,0.00914758801957432,0.007462465228604073,0.02829818149756271,0.07349467908690306,-0.025532437566397847,0.018830845366563098,0.03152536748729487,0.20395574096129968
selected_faithfulness,primary_jointly_correct_true_class,true_class,DINOv2,gradient_attention_rollout,gaussian_blur,common_14,89,0.040151987208928416,-0.08097621747712495,-0.285624415004042,0.035758263527932585,0.2134679511176735,0.014911528324730831,0.017988790453385438,0.035182092308609796,0.0790674154829227,-0.06399911311770759,0.06279674799901389,0.17626017055977702,0.4437616875968149
selected_faithfulness,primary_jointly_correct_true_class,true_class,DINOv2,gradient_attention_rollout,gaussian_blur,common_14,181,0.04308675982924237,-0.08055503495706452,0.19193871319789974,0.036534273013528816,0.11901423550378377,0.015045951927469183,0.023324487555346787,0.036932634613540176,0.08184487527448693,0.018305901384105223,0.047758528022660965,0.020086405013407357,0.2442019016599421
selected_faithfulness,primary_jointly_correct_true_class,true_class,DINOv2,gradient_attention_rollout,local_mean,common_14,11,0.07624721764457762,-0.15063323397959857,-0.9660993153756752,0.06090815322633596,0.13691995645819857,0.028742417505517936,0.052189470526064,0.09783548102403465,0.14176158476161302,0.025070370721277553,-0.1612242385230369,0.10244242000509052,0.4821715470219184
selected_faithfulness,primary_jointly_correct_true_class,true_class,DINOv2,gradient_attention_rollout,local_mean,common_14,89,0.06441185096238264,-0.18164656802463833,-2.448188911295243,0.07175418169891994,0.10085789030020148,0.03939161958002221,0.0795669028887518,0.12549518215852778,0.16426621039553072,-0.2137403634891783,-0.09762451598795625,0.6078179207812567,0.2316163109901261
selected_faithfulness,primary_jointly_correct_true_class,true_class,DINOv2,gradient_attention_rollout,local_mean,common_14,181,0.058201338867101604,-0.15470225080797514,-1.4929728070124884,0.0665557673229676,0.19514763661517556,0.03692724725988088,0.07198644072732724,0.10663951450395005,0.15747023621979056,0.15447961467513532,0.02450867680000524,0.2926366154621798,0.49615843591818964
selected_faithfulness,primary_jointly_correct_true_class,true_class,DINOv2,gradient_attention_rollout,normalized_zero,common_14,11,0.04647600892156963,-0.1437484184090436,-1.2386530379733627,0.05499835616437477,0.23202326731496872,0.011608824016932785,0.02714699157989357,0.07659554571239388,0.13847870303135726,-0.0416946979821629,-0.1980451021719203,0.19864685005469643,0.6142911574602253
selected_faithfulness,primary_jointly_correct_true_class,true_class,DINOv2,gradient_attention_rollout,normalized_zero,common_14,89,0.04492233761437218,-0.1860440881168329,-5.6750698347281,0.06443760597414394,0.027106907252231208,0.03892951167918096,0.07120207480643014,0.08922794407369491,0.14854110253596534,-0.14436893662593633,-0.14787157931459477,0.31835120434328823,0.1729816012094126
selected_faithfulness,primary_jointly_correct_true_class,true_class,DINOv2,gradient_attention_rollout,normalized_zero,common_14,181,0.038570083944688076,-0.1428968124500924,-1.2896563978306022,0.05663569439735771,0.1683542883663374,0.036679251294785,0.06014091981065426,0.07319224076669441,0.13520135681643822,0.12282062479150928,0.09764192459132993,0.15550811836805467,0.4392330758244158
selected_faithfulness,primary_jointly_correct_true_class,true_class,DINOv2,gradient_attention_rollout,normalized_zero,common_7,11,-0.029373264098538823,-0.10839626285242948,-0.7049039378861701,0.04112933806684045,0.17399560492214677,0.016906936903155825,0.030121152297464666,0.07175206569682674,0.09428687163581198,0.06624596250970728,0.08010430009515686,0.4443270412699934,0.4752071716109407
selected_faithfulness,primary_jointly_correct_true_class,true_class,DINOv2,gradient_attention_rollout,normalized_zero,common_7,89,-0.021133591367581517,-0.12415231167429748,-0.5954407231908462,0.05026033745107911,0.1464276922088538,0.01687026593528502,0.04685829024721678,0.08223642526790054,0.12202149110030604,0.1521079968579036,0.13833307039991918,0.2709966895941484,0.529259311167002
selected_faithfulness,primary_jointly_correct_true_class,true_class,DINOv2,gradient_attention_rollout,normalized_zero,common_7,181,-0.03846965329024221,-0.1438696194291096,-3.0194863132568734,0.04824333563962524,0.13968001633583704,0.023064442740005027,0.044645513026714566,0.07746770467323028,0.11720275870794893,0.12953163067495646,0.19581535656353682,0.18289836958978403,0.4583898755145306
selected_faithfulness,primary_jointly_correct_true_class,true_class,DINOv2,gradient_attention_rollout,normalized_zero,native_16,11,0.09727265200450988,-0.23993173262172438,-0.7839244569983806,0.09664950365640357,0.27498426231188344,0.06529609541926425,0.10823059365959013,0.16321797974987956,0.22757861302247545,-0.01759172324004922,-0.07089183519808792,0.2350740999584204,0.8069916197835221
selected_faithfulness,primary_jointly_correct_true_class,true_class,DINOv2,gradient_attention_rollout,normalized_zero,native_16,89,0.08662937942101145,-0.24855770280189227,-0.749372200388606,0.103429799327108,0.330264100973336,0.07562250786871615,0.11838203305521605,0.18189511309283138,0.24795447543504628,0.20096520045132182,0.36052237978719687,0.6828853812262944,0.8416321890088916
selected_faithfulness,primary_jointly_correct_true_class,true_class,DINOv2,gradient_attention_rollout,normalized_zero,native_16,181,0.07691119243009463,-0.21712798984800277,-1.7638826533789673,0.09271213430932444,0.30712218344546416,0.07107520037604222,0.10786780764844922,0.154966420845373,0.22106308792883658,0.28676213769406994,0.32743486287304885,0.4347574968163467,0.7103921781743492
selected_faithfulness,primary_jointly_correct_true_class,true_class,ResNet18,gradcam,gaussian_blur,common_14,11,0.0163144206717601,0.04700277828732404,1.5833260888799563,-0.004391087363390337,0.03234077908307616,0.020603835048206506,0.031753730531856005,0.019320320194370362,-0.016219766129015968,0.042349789172062,0.33020133903245097,0.43676964128611684,0.2089117595217471
selected_faithfulness,primary_jointly_correct_true_class,true_class,ResNet18,gradcam,gaussian_blur,common_14,89,0.03740768499413511,0.03280582505499929,0.04727870457702871,0.0002160831540136319,0.010509364853814986,0.016584143512255824,0.041021683153790164,0.038313669467330676,0.002661602300536369,0.0528254937779209,0.14201278083259297,0.13524090628449928,0.04550515853661264
selected_faithfulness,primary_jointly_correct_true_class,true_class,ResNet18,gradcam,gaussian_blur,common_14,181,0.03367469220151548,0.027699133065700182,0.6407050430664266,-0.0013159534412106298,0.0004481745498240032,0.03327257060720019,0.04800462344470114,0.03773061529455812,-0.01201531349662124,0.0862848576581973,0.12240427957456186,0.12085275541661768,-0.0040218869728987005
selected_faithfulness,primary_jointly_correct_true_class,true_class,ResNet18,gradcam,local_mean,common_14,11,0.0028875595270647066,0.4161754798690126,0.7334915451264934,-0.03454237564171609,-0.1095290568479462,0.0036714322606027144,-0.01117865912299503,-0.054799870589803436,-0.11070217358386966,0.013192689627826371,0.03323712103352839,-0.1783457691765277,-0.29381476290428415
selected_faithfulness,primary_jointly_correct_true_class,true_class,ResNet18,gradcam,local_mean,common_14,89,0.022250835444223207,0.21971248318102637,1.0284069289263724,-0.022784771751903025,-0.026683633486129166,-0.006986625293234805,-0.005999427503569312,-0.03574492610424391,-0.0660008961742367,-0.041272633611493394,-0.01437588514782919,0.01722152714161932,-0.03129354472957381
selected_faithfulness,primary_jointly_correct_true_class,true_class,ResNet18,gradcam,local_mean,common_14,181,0.03475565198481964,0.1420597892568036,0.5615698937917682,-0.017380475824923136,-0.04099119358624339,0.021677196550770873,0.01745922102684837,-0.011472889460349108,-0.06292544109825773,0.06492642658737158,0.06372195379116526,-0.0018406529619120373,-0.1406517057391172
selected_faithfulness,primary_jointly_correct_true_class,true_class,ResNet18,gradcam,normalized_zero,common_14,11,0.0025430610913506125,1.3215834452236936,3.524010367760972,-0.08983940700347724,-0.1846991750853292,-0.01970592023916044,-0.08102530991490549,-0.17622521735233423,-0.24629096393089253,0.06356235768010356,0.18640947037130412,-0.10803971460633437,-0.7317204813136681
selected_faithfulness,primary_jointly_correct_true_class,true_class,ResNet18,gradcam,normalized_zero,common_14,89,0.03550634833730779,0.7594799616172275,2.121898519315008,-0.10522049469228559,-0.10198609133056435,-0.03149293400468585,-0.09241643812146237,-0.20756362080261775,-0.29016933851420523,-0.051057289553471545,0.0570741454768003,-0.12170980836772358,-0.30733621699198066
selected_faithfulness,primary_jointly_correct_true_class,true_class,ResNet18,gradcam,normalized_zero,common_14,181,0.004581364629969032,0.7597528892638985,0.3974682639737456,-0.09658412017758669,-0.1240448900369056,-0.016017487291504873,-0.08723712376565125,-0.18787908060248415,-0.26652641812866673,-9.374530575458665e-06,-0.07640122729029657,-0.20830134502997913,-0.36699440675254985
selected_faithfulness,primary_jointly_correct_true_class,true_class,ResNet18,gradcam,normalized_zero,common_7,11,0.0345980306151692,0.316136706283949,1.471841914747981,-0.04006464855703842,-0.08015821338378644,0.02016840718362986,-0.0027579171732899717,-0.05926836780938257,-0.12190858594932419,0.18943378502891453,0.17343187368017543,0.1479035453378388,-0.4090290666351302
selected_faithfulness,primary_jointly_correct_true_class,true_class,ResNet18,gradcam,normalized_zero,common_7,89,0.0822781056565119,0.25236840458183085,0.8106493782093179,-0.026489665677847697,-0.013411312668008738,0.014016315394684224,0.013127603803745119,-0.03343845497777998,-0.08283231986976103,-0.007218949502378121,0.1363158274824356,0.08542334571304307,-0.08692686717013665
selected_faithfulness,primary_jointly_correct_true_class,true_class,ResNet18,gradcam,normalized_zero,common_7,181,0.08694670899484876,0.14477464319471905,1.591264243719793,-0.025993408383272895,-0.089974232936632,0.035442247619407334,0.0392463511617268,-0.035658723687264395,-0.09073897175803279,0.07049151891097728,0.09670838268116012,-0.13297548146682522,-0.29705749810316295
selected_faithfulness,primary_jointly_correct_true_class,true_class,ResNet18,gradcam,normalized_zero,native_5,11,0.11795822496803135,0.052658319062795084,1.8694404956822464,-0.00704840858312922,-0.08797789938762852,0.024586555647802193,0.023066282024431936,0.006675593029108026,-0.034830925520498726,-0.14640144658738485,-0.007361775401894952,0.04621623873086071,-0.3500943698135161
selected_faithfulness,primary_jointly_correct_true_class,true_class,ResNet18,gradcam,normalized_zero,native_5,89,0.10586688879169925,0.01701499577371048,0.4964495101779558,0.005544724183140721,0.0280429900573879,0.010454406492489078,0.017414915802962293,0.028653365319763875,0.009899921349925407,-0.021352157940153146,0.011437900398994222,0.1520348263600107,0.06276439003234174
selected_faithfulness,primary_jointly_correct_true_class,true_class,ResNet18,gradcam,normalized_zero,native_5,181,0.16062030497188148,0.013750570711321894,1.8057362611944685,0.0027363356809138413,-0.0565331599005725,0.020314365053168467,0.04429462104221486,0.034877659793509264,-0.012151895382800993,0.04398445967577045,0.09927010742186503,-0.04051518375979417,-0.18816552900163777
selected_faithfulness,primary_jointly_correct_true_class,true_class,UNI,gradient_attention_rollout,gaussian_blur,common_14,11,0.007087035426611502,-0.12218029131840154,-0.17983302740479193,0.04709327127765869,0.056829075143288145,0.01720214752862241,0.04303074866859349,0.0996894865434381,0.1274887712596736,0.009991699836952703,0.05868708649914346,0.13940795537607606,0.13498401953038436
selected_faithfulness,primary_jointly_correct_true_class,true_class,UNI,gradient_attention_rollout,gaussian_blur,common_14,89,0.055440250278245715,-0.16194538366384453,-0.4316287696444402,0.062208586711064495,0.1120665276932923,0.04825245101174411,0.07355788240592276,0.13127976032789346,0.16105123345049996,0.24758831796673772,0.180327767007103,0.2394596653436512,0.2637494870254719
selected_faithfulness,primary_jointly_correct_true_class,true_class,UNI,gradient_attention_rollout,gaussian_blur,common_14,181,0.03494905209905517,-0.11256169221629729,-0.36803003883970026,0.04352960440812208,-0.0628485592642294,0.019936924600212735,0.04751912213780858,0.09139039609129078,0.11104454981159126,-0.5725039355958862,-0.44647770349616306,-0.09291536693694105,-0.007428346928483651
selected_faithfulness,primary_jointly_correct_true_class,true_class,UNI,gradient_attention_rollout,local_mean,common_14,11,0.10455130422834968,-0.22591859441351092,-0.4139822090644568,0.09716667092979235,0.06904639642470146,0.06164772311738558,0.10981708395109781,0.18758051025771988,0.24007546102072583,-0.014071663783708522,0.02673789221382753,0.0799591865668893,0.1635149129894026
selected_faithfulness,primary_jointly_correct_true_class,true_class,UNI,gradient_attention_rollout,local_mean,common_14,89,0.13644687148865178,-0.24840914102646525,-0.7198113934229704,0.10691087707144048,0.20438182791073795,0.09145216264404123,0.13539103854307852,0.20780999357571492,0.2606637318137934,0.2826860120540527,0.2667940497932721,0.378805458129461,0.4783659348164556
selected_faithfulness,primary_jointly_correct_true_class,true_class,UNI,gradient_attention_rollout,local_mean,common_14,181,0.09959032470368746,-0.20756838218018067,-0.655370705647316,0.09145973360224853,-0.22520848146416353,0.062113984233139956,0.10531995432689333,0.1737959040242969,0.22845839875423407,-1.0055832175718042,-1.0020580357995954,-0.7416858946745465,-0.3219260095097941
selected_faithfulness,primary_jointly_correct_true_class,true_class,UNI,gradient_attention_rollout,normalized_zero,common_14,11,0.1059198145898086,-0.19367620529256344,1.4174059000524997,0.08999543961685998,0.07678960245183694,0.052245905534629274,0.0885888393527514,0.16030248174173192,0.22128035646674094,-0.01285192526223505,0.015407285241372944,0.06604936332064376,0.16349953483175284
selected_faithfulness,primary_jointly_correct_true_class,true_class,UNI,gradient_attention_rollout,normalized_zero,common_14,89,0.17189022173428303,-0.22028507006443435,-0.43555905157532315,0.10212105296072416,0.2086774659088532,0.08120755900807916,0.11725125589426329,0.18825135392143238,0.2487814822484873,0.29707326325123434,0.3151440436590198,0.3991842085381657,0.4568044105316945
selected_faithfulness,primary_jointly_correct_true_class,true_class,UNI,gradient_attention_rollout,normalized_zero,common_14,181,0.10779492450255723,-0.18641802204938063,-0.5519884618950467,0.08777317066133566,-0.11312380160302028,0.055371762747130474,0.09255902471468898,0.15685095833119414,0.2134585108927127,-0.872595610500974,-0.8468026269324614,-0.46537196385149626,-0.24322695151049273
selected_faithfulness,primary_jointly_correct_true_class,true_class,UNI,gradient_attention_rollout,normalized_zero,common_7,11,0.13878730630227798,-0.11158830282941642,-0.15696641225450225,0.050794112587926446,0.027521843233888708,0.022971465920633857,0.04942100656055553,0.08560216384091175,0.1208458671061041,0.11557503307010623,-0.022969264155862788,0.0023860511914254564,0.05970958105946106
selected_faithfulness,primary_jointly_correct_true_class,true_class,UNI,gradient_attention_rollout,normalized_zero,common_7,89,0.24347818437719912,-0.1401421516087003,-0.3706999050995559,0.0638213051484083,0.14583202955269908,0.037464037423738,0.07859734189836122,0.1148965061177638,0.15111939716622474,0.12851987199351617,0.2958749646385569,0.34433493173433544,0.29921338398598163
selected_faithfulness,primary_jointly_correct_true_class,true_class,UNI,gradient_attention_rollout,normalized_zero,common_7,181,0.16516914374445427,-0.10825559581548473,-0.20651236232961148,0.049868686090264645,-0.17101832028504524,0.02767341174710041,0.0525949303682593,0.08795288860059074,0.12201784714700942,0.3240329598531456,-0.6272958202219173,-0.8007344056233968,-0.488377862932166
selected_faithfulness,primary_jointly_correct_true_class,true_class,UNI,gradient_attention_rollout,normalized_zero,native_14,11,0.1059198145898086,-0.19367620529256344,1.4174059000524997,0.08999543961685998,0.07678960245183694,0.052245905534629274,0.0885888393527514,0.16030248174173192,0.22128035646674094,-0.01285192526223505,0.015407285241372944,0.06604936332064376,0.16349953483175284
selected_faithfulness,primary_jointly_correct_true_class,true_class,UNI,gradient_attention_rollout,normalized_zero,native_14,89,0.17189022173428303,-0.22028507006443435,-0.43555905157532315,0.10212105296072416,0.2086774659088532,0.08120755900807916,0.11725125589426329,0.18825135392143238,0.2487814822484873,0.29707326325123434,0.3151440436590198,0.3991842085381657,0.4568044105316945
selected_faithfulness,primary_jointly_correct_true_class,true_class,UNI,gradient_attention_rollout,normalized_zero,native_14,181,0.10779492450255723,-0.18641802204938063,-0.5519884618950467,0.08777317066133566,-0.11312380160302028,0.055371762747130474,0.09255902471468898,0.15685095833119414,0.2134585108927127,-0.872595610500974,-0.8468026269324614,-0.46537196385149626,-0.24322695151049273
selected_training_regime,training_regime_jointly_correct_true_class,true_class,FrozenResNet18,gradcam,normalized_zero,common_14,11,0.15473966166284744,6.32071095005919,5.331446423530538,-0.1551397908253367,-0.3899529397396858,-0.0908626230621598,-0.20194027825064234,-0.3437712194654964,-0.40190711142544167,0.05799192278788094,-0.2646251423457574,-1.000448839382439,-1.235055118868655
selected_training_regime,training_regime_jointly_correct_true_class,true_class,FrozenResNet18,gradcam,normalized_zero,common_14,89,0.13676289165587888,9.567845502405357,2.5489420801089118,-0.17002341875785365,-0.47263627109424244,-0.11005931999146852,-0.23750853508053932,-0.3719409610344635,-0.4280477700137744,0.2612443484291343,0.27000677357520236,-0.8606619202529041,-1.4540791158933133
selected_training_regime,training_regime_jointly_correct_true_class,true_class,FrozenResNet18,gradcam,normalized_zero,common_14,181,0.1239024062261592,6.435953231827359,1.7885651486534657,-0.13967976743785196,-0.39625950270146404,-0.07256202717617279,-0.17370630234380108,-0.2934324785829914,-0.35435435288187317,0.6099314047526705,0.44392878396388413,-0.5048294246007397,-1.4959322658036804
selected_training_regime,training_regime_jointly_correct_true_class,true_class,ResNet18,gradcam,normalized_zero,common_14,11,-0.005807415015657358,1.3754266599340979,3.439407570672219,-0.09001810909795718,-0.1905901874997722,-0.02421257782510222,-0.08459696159227657,-0.17703855960063525,-0.24453852950103808,0.02320685895849666,0.12796736930458144,-0.1428277657510373,-0.7246465243960694
selected_training_regime,training_regime_jointly_correct_true_class,true_class,ResNet18,gradcam,normalized_zero,common_14,89,0.032795950392194545,0.7658661936056895,2.455600547352498,-0.10776615288859227,-0.1291428574609947,-0.03745048856777585,-0.09769813935911936,-0.21319371765372422,-0.29666683744734546,-0.09417695975498598,0.03464896357507194,-0.18367623466502714,-0.3960922982638031
selected_training_regime,training_regime_jointly_correct_true_class,true_class,ResNet18,gradcam,normalized_zero,common_14,181,-0.0029870433629809344,1.1973435288051422,0.5846260666297588,-0.09784718078450173,-0.12265034253671074,-0.02112269428657447,-0.08913998612949108,-0.19006452218955902,-0.2665046339087879,-0.05429436523564524,-0.09827075341575023,-0.20339098656517887,-0.34726731806967176
