cohort_name,analysis_family,target_role,model,method,perturbation,grid_label,case_id,attribution_occlusion_spearman,normalized_top_minus_random_target_logit_auc,normalized_top_minus_random_target_margin_auc,top_minus_random_relative_target_logit_reduction_auc,top_minus_random_relative_target_margin_reduction_auc,top_minus_random_5_relative_target_logit_reduction,top_minus_random_10_relative_target_logit_reduction,top_minus_random_20_relative_target_logit_reduction,top_minus_random_30_relative_target_logit_reduction,top_minus_random_5_relative_target_margin_reduction,top_minus_random_10_relative_target_margin_reduction,top_minus_random_20_relative_target_margin_reduction,top_minus_random_30_relative_target_margin_reduction
random_prediction_independent,primary_jointly_correct_true_class,true_class,DINOv2,gradient_attention_rollout,normalized_zero,common_14,CRC-Prim-HE-01,0.0716954132576219,-0.30974236075279693,-1.623829660623355,0.06584683082186675,0.320056917413138,0.07212301872701724,0.08585820155659286,0.1223782915350329,0.18810300505812136,0.9889720381578917,0.2169426013565819,-0.081160268914915,0.6571384683203437
random_prediction_independent,primary_jointly_correct_true_class,true_class,DINOv2,gradient_attention_rollout,normalized_zero,common_14,CRC-Prim-HE-02,0.009690490799990431,-0.2651068335376698,-3.0781470094402574,0.09789716704389446,0.3734448490315713,0.08120611847561744,0.056261115332267096,0.06530874121638562,0.25664042349044996,0.18973211983063387,0.07093358253161658,0.42350751915369217,1.070541022674634
random_prediction_independent,primary_jointly_correct_true_class,true_class,DINOv2,gradient_attention_rollout,normalized_zero,common_14,CRC-Prim-HE-03,0.03907323493570652,-0.31191270485551187,-12.310481174456731,0.14539137067649285,0.6508071863415185,0.048657730523590174,0.1317230717253606,0.22198312342378881,0.3508011551466978,0.18570528770226555,0.41628184851852185,0.8763973064469724,1.6096323374193735
random_prediction_independent,primary_jointly_correct_true_class,true_class,DINOv2,gradient_attention_rollout,normalized_zero,common_14,CRC-Prim-HE-04,-0.05433600896151399,-0.06485206885461883,-0.31982181035198193,0.03321947643379162,0.16363071695539036,-0.029419124715263586,0.0015859652443672514,0.0487346366414001,0.07132259222690683,-0.0349290341643127,0.10874928444193212,0.4309846729021123,0.4973839299321504
random_prediction_independent,primary_jointly_correct_true_class,true_class,DINOv2,gradient_attention_rollout,normalized_zero,common_14,CRC-Prim-HE-05,-0.0023960153378811814,-0.08359429172127492,-0.20861585355893617,0.03687756082441175,0.11499790419347139,-0.006892896579806982,-0.014974181388357205,0.03503788112602812,0.076939380100188,0.17280318031094638,0.15261147160474142,0.1827259902657527,0.3110100752543127
random_prediction_independent,primary_jointly_correct_true_class,true_class,DINOv2,gradient_attention_rollout,normalized_zero,common_14,CRC-Prim-HE-06,0.014811582842695459,-0.09134089596281082,1.209280142792386,0.03932294470386873,0.00990906979006711,-0.033395090145300635,0.0009303707496265085,0.04460062670133975,0.10892753734928691,-0.321435131316347,-0.2091102239449607,-0.12579026890742212,0.1663794694374831
random_prediction_independent,primary_jointly_correct_true_class,true_class,DINOv2,gradient_attention_rollout,normalized_zero,common_14,CRC-Prim-HE-07,0.008468559882628037,-0.1995431197170758,-0.6569593573804,0.08735554849705826,0.21009587398142274,0.0484271154042274,0.06376530730887436,0.15420697317709825,0.2598423974122605,0.10360779354273411,0.1787575704159892,0.44222392756615325,0.5577309910720949
random_prediction_independent,primary_jointly_correct_true_class,true_class,DINOv2,gradient_attention_rollout,normalized_zero,common_14,CRC-Prim-HE-08,0.13416784649562022,-0.14369256486233006,-0.3012933250498679,0.06437537712707643,0.11428773167441182,0.06880537303984131,0.10478939676943759,0.1323520931991563,0.18184372200312138,0.08384084184076401,0.2070324610954467,0.40543406661922315,0.17326436298501893
random_prediction_independent,primary_jointly_correct_true_class,true_class,DINOv2,gradient_attention_rollout,normalized_zero,common_14,CRC-Prim-HE-09,0.13386575715799792,-0.16327598892204898,-1.1229208931192884,0.05279273164912065,0.22877961048339962,0.022703161074169642,0.05681511481602998,0.035480251281578466,0.12319521946685838,0.11134866687244283,0.3953047208214221,0.43337809067429456,0.5598894313205692
random_prediction_independent,primary_jointly_correct_true_class,true_class,DINOv2,gradient_attention_rollout,normalized_zero,common_14,CRC-Prim-HE-10,0.11515262468661194,-0.08227262191202092,-7.85060386266802,0.029704437401019912,-0.015383777754091879,0.020096157633491953,0.009020395089749953,0.035163356359957744,0.035323157093756635,-0.08480212566705245,-0.07854854002963978,-0.15483844842052918,-0.12121093707758145
random_prediction_independent,primary_jointly_correct_true_class,true_class,ResNet18,gradcam,normalized_zero,common_14,CRC-Prim-HE-01,0.029070201182497875,0.44517829918043816,125.8933986463692,-0.06484499021197808,-0.06490501907523018,0.003171412040472562,-0.055063378344961895,-0.15946480051689857,-0.20370334243544932,-0.05435985880415932,-0.14692456968668696,-0.08496576967804183,-0.20382696890288207
random_prediction_independent,primary_jointly_correct_true_class,true_class,ResNet18,gradcam,normalized_zero,common_14,CRC-Prim-HE-02,0.1488237150603782,1.3665142403583272,1.0316871342071732,-0.03387332719038238,-0.10224772775926645,0.00241163708876024,-0.009677837521024309,-0.05469121923038699,-0.12726999871331832,0.009289824855098935,-0.026040894137334413,-0.24203048460619506,-0.3680237300965081
random_prediction_independent,primary_jointly_correct_true_class,true_class,ResNet18,gradcam,normalized_zero,common_14,CRC-Prim-HE-03,0.09843596261328667,0.6116774355021974,0.99456126629712,-0.06325324470281535,0.1874143182590543,-0.009863448815652159,-0.06374554858117693,-0.09764749357793479,-0.18643404302301655,0.056425203655968155,0.10963222475666322,0.4668381423540746,0.5301128108828054
random_prediction_independent,primary_jointly_correct_true_class,true_class,ResNet18,gradcam,normalized_zero,common_14,CRC-Prim-HE-04,-0.14443299716271848,0.46030455523176894,1.1196050593464342,-0.08705403204939191,-0.13259693564104927,-0.027054422529511964,-0.10503595909912654,-0.19555613523753543,-0.2281954279896368,0.02622684138846739,-0.12360893809588995,-0.26145080691803524,-0.3644468336957366
random_prediction_independent,primary_jointly_correct_true_class,true_class,ResNet18,gradcam,normalized_zero,common_14,CRC-Prim-HE-05,0.0434765138173405,0.45636480499016874,10.069225577696862,-0.07948655806683179,-0.0800444401470905,-0.015461817659781257,-0.07729840464034105,-0.17662736260661227,-0.24405515420987262,-0.04739375565313409,-0.12847890888221042,-0.24351392638180192,-0.2472946223413225
random_prediction_independent,primary_jointly_correct_true_class,true_class,ResNet18,gradcam,normalized_zero,common_14,CRC-Prim-HE-06,-0.09365176495133938,0.32329943644257014,6.758141765103992,-0.07775517102492215,-0.136140101731941,-0.008187400289959372,-0.04940770079641427,-0.15497863593892197,-0.23284180294816195,-0.12580574687695414,-0.14441599127135793,-0.25479845072550306,-0.40818226699734145
random_prediction_independent,primary_jointly_correct_true_class,true_class,ResNet18,gradcam,normalized_zero,common_14,CRC-Prim-HE-07,0.10019055177256964,0.7696589535837953,6.9585446291022235,-0.07758713305413714,-0.13044605644485618,0.005001137899657228,-0.062351250831457455,-0.12621297710703475,-0.20712327332681427,0.02475484646915259,-0.010243714351301529,-0.07344304124607388,-0.39525955360691545
random_prediction_independent,primary_jointly_correct_true_class,true_class,ResNet18,gradcam,normalized_zero,common_14,CRC-Prim-HE-08,0.03738935568219629,0.4350905395783933,6.347107727789985,-0.07353863784490308,-0.17702129342046916,-0.02867399815261326,-0.062140915147168914,-0.1494204791496322,-0.19046107328606357,-0.02422848976080214,-0.16047216170813294,-0.3116654941622316,-0.454892452619674
random_prediction_independent,primary_jointly_correct_true_class,true_class,ResNet18,gradcam,normalized_zero,common_14,CRC-Prim-HE-09,0.04937465464408028,0.6061695174972617,0.9561582278556523,-0.058788804557880645,-8.821202657152313,0.016646628560625227,0.0029092125429458367,-0.09313248254225011,-0.18291105443896527,-3.8096610565123425,-10.061362730320761,-17.564987672979612,-21.261348353815723
random_prediction_independent,primary_jointly_correct_true_class,true_class,ResNet18,gradcam,normalized_zero,common_14,CRC-Prim-HE-10,0.035014979295731954,0.655741317837133,2.6615761188361344,-0.12225344968444106,-0.11272517644379505,-0.05157171353527051,-0.15384144409334652,-0.2470572669172772,-0.30023563340657033,-0.024492504229937807,-0.11485653188003567,-0.20393284973288459,-0.2781294513775064
random_prediction_independent,primary_jointly_correct_true_class,true_class,UNI,gradient_attention_rollout,normalized_zero,common_14,CRC-Prim-HE-01,0.2524873640536062,-0.2268175459197135,-0.5792078142129089,0.10211424814022416,0.2403152572826901,0.0751379300787138,0.14372217068702198,0.17852678492016913,0.23911493402898776,0.16174754560724094,0.2673351306954582,0.41677995638584864,0.5803347937282645
random_prediction_independent,primary_jointly_correct_true_class,true_class,UNI,gradient_attention_rollout,normalized_zero,common_14,CRC-Prim-HE-02,0.16167344459585212,-0.1761084609985963,-0.1749869978621386,0.08587838296093125,0.05762769174246094,0.06990416287581286,0.10084281016660035,0.15251945036974004,0.19433688570524002,-0.0789912298485657,-0.06648395843315986,0.06485285659528403,0.1180696768002677
random_prediction_independent,primary_jointly_correct_true_class,true_class,UNI,gradient_attention_rollout,normalized_zero,common_14,CRC-Prim-HE-03,0.06740098806635673,-0.25381279695654885,-0.8537568486209778,0.12059106352653463,0.3097544197460091,0.09357753835845567,0.1464121088921946,0.1988231656192205,0.27091355780781945,0.2411459280919443,0.44110720461916186,0.4573610093406712,0.6063168507803987
random_prediction_independent,primary_jointly_correct_true_class,true_class,UNI,gradient_attention_rollout,normalized_zero,common_14,CRC-Prim-HE-04,0.07740089959731014,-0.14670205808812462,-0.18366985066101998,0.07252992228083932,0.09157154974616602,0.036073443832806716,0.07189345543545775,0.12423640332993735,0.17964882164756224,0.05633606280381266,0.09305657595601145,0.15044413382659477,0.2203331892366409
random_prediction_independent,primary_jointly_correct_true_class,true_class,UNI,gradient_attention_rollout,normalized_zero,common_14,CRC-Prim-HE-05,0.021069430931649934,-0.22173951996734853,-0.3473603496879264,0.10571755372900951,0.16062535780601023,0.06163791578045648,0.11726186370472372,0.17508680856876863,0.2550593744976635,0.09672839224357867,0.18306393838617863,0.26823354637160257,0.3908168423042859
random_prediction_independent,primary_jointly_correct_true_class,true_class,UNI,gradient_attention_rollout,normalized_zero,common_14,CRC-Prim-HE-06,0.07643058313593788,-0.07610343668990129,-0.24052360931128236,0.03469599010281247,0.06823992465114818,-0.024515419233029686,-0.010121541533300542,0.034396806853714885,0.08983681976106839,-0.03503148775349223,0.014812279759888834,0.07271871374085315,0.2098913738361942
random_prediction_independent,primary_jointly_correct_true_class,true_class,UNI,gradient_attention_rollout,normalized_zero,common_14,CRC-Prim-HE-07,-0.018787771821600015,-0.16389995146078334,-0.249496014450125,0.07826259068317025,0.11769795760284235,0.04941782257835593,0.09487918491012631,0.11772017694959874,0.16031374300500045,0.06313854187840345,0.12468445814213622,0.1463603417121405,0.23026407166141696
random_prediction_independent,primary_jointly_correct_true_class,true_class,UNI,gradient_attention_rollout,normalized_zero,common_14,CRC-Prim-HE-08,0.1095972105782394,-0.239745162819618,-0.346416430154924,0.11459794981328565,0.1640241249996714,0.05912744823335466,0.10593371713104555,0.21417719928753176,0.2856686784006414,0.09192744788527045,0.1620299720124195,0.3223335063633553,0.41179845589084585
random_prediction_independent,primary_jointly_correct_true_class,true_class,UNI,gradient_attention_rollout,normalized_zero,common_14,CRC-Prim-HE-09,0.22954065904267845,-0.21694525494844127,-0.47834395603974944,0.10134204045544677,0.20520157966858843,0.0747191763573669,0.10276795586340093,0.18986485933828506,0.24402172699721342,0.1459867969729948,0.2029287107775822,0.36720490404553463,0.5129307305634454
random_prediction_independent,primary_jointly_correct_true_class,true_class,UNI,gradient_attention_rollout,normalized_zero,common_14,CRC-Prim-HE-10,0.1027431070058677,-0.12716448188229176,-0.233994858916979,0.05707455763449115,0.10151095271278122,0.0012079372307897136,0.040839857669096126,0.10544951458151075,0.14564726944070805,-0.00845858514094742,0.06582910453543916,0.1957149709201664,0.2639047016240563
selected_faithfulness,primary_jointly_correct_true_class,true_class,DINOv2,gradient_attention_rollout,gaussian_blur,common_14,CRC-Prim-HE-01,0.031148795910398503,-0.05493565871586399,2.7940850447187593,0.014125414133102948,0.1257555984978744,0.04924826908549567,0.03501165004683382,0.016305301235031648,0.031128412854692967,0.33570934656833,0.4244411948039209,0.2654357013881111,0.33592838667610825
selected_faithfulness,primary_jointly_correct_true_class,true_class,DINOv2,gradient_attention_rollout,gaussian_blur,common_14,CRC-Prim-HE-02,0.09838107608748858,-0.1959220777686587,-0.8432137406264583,0.09306046073842636,0.34207335977993614,0.011934125417453879,-0.0813475197719583,0.09560198779323614,0.21026613001649386,0.06171595969050346,-0.09909464814425147,0.44864127543850707,0.9390590113916772
selected_faithfulness,primary_jointly_correct_true_class,true_class,DINOv2,gradient_attention_rollout,gaussian_blur,common_14,CRC-Prim-HE-03,-0.00017979538810679535,-0.09171093018658676,-0.3019500927828695,0.04409712062174271,0.3728350055212366,0.0064363452055058645,0.033069430342044084,0.05152920067369833,0.1075467407724201,0.23492797767508503,0.28156902432008524,0.8856230624418577,1.3239401061582639
selected_faithfulness,primary_jointly_correct_true_class,true_class,DINOv2,gradient_attention_rollout,gaussian_blur,common_14,CRC-Prim-HE-04,0.002812584895589872,-0.051105294256620894,0.011311879509726659,0.02671948021442314,-0.11528728715085038,-0.0014083207161742282,0.0026663026630600033,0.011880670540745623,0.0936926105927116,-0.025441148420509818,-0.09232637038896553,-0.2634947314080084,-0.27356510759699837
selected_faithfulness,primary_jointly_correct_true_class,true_class,DINOv2,gradient_attention_rollout,gaussian_blur,common_14,CRC-Prim-HE-05,0.05097214934735987,-0.11048684731541622,-0.539612476071941,0.04854235442324899,0.21415637066035786,0.03713319349919626,0.01621457845041556,0.03887536504730471,0.10538477416128647,0.20087753953661952,0.1736517188209486,0.24714671320503923,0.4520253645459292
selected_faithfulness,primary_jointly_correct_true_class,true_class,DINOv2,gradient_attention_rollout,gaussian_blur,common_14,CRC-Prim-HE-06,0.08642513512158768,-0.07259374706946374,-0.25191249397316384,0.03381816339362473,0.08365559209928146,0.02770537942526129,0.03673273021112763,0.049855212359840397,0.07541950753643349,-0.0456085292523397,-0.07013323802041305,-7.005978545328108e-05,0.23981499266000642
selected_faithfulness,primary_jointly_correct_true_class,true_class,DINOv2,gradient_attention_rollout,gaussian_blur,common_14,CRC-Prim-HE-07,0.10640227977172906,-0.09911685073260014,-0.4892055011165482,0.03960362744031434,0.4992560837360352,0.04129588741313593,0.04971071590350203,0.0033514131719691634,0.09764809312333395,-0.7157337417085984,-0.24243828489383776,-1.0336233878217809,0.2617049079872558
selected_faithfulness,primary_jointly_correct_true_class,true_class,DINOv2,gradient_attention_rollout,gaussian_blur,common_14,CRC-Prim-HE-08,0.07422391504343408,-0.10506692653541136,-0.3946707752150174,0.04507356716797814,0.1875744822853993,0.005153177027605401,0.005456638539652229,0.040097774955399984,0.07459260235459839,0.013957119270286892,0.10554110026960375,0.37160905498335955,0.3771588464349896
selected_faithfulness,primary_jointly_correct_true_class,true_class,DINOv2,gradient_attention_rollout,gaussian_blur,common_14,CRC-Prim-HE-09,-0.011939181103012187,-0.05611598704781032,-0.39632234372876507,0.0242065959018282,-0.5186586329015662,-0.012519129732458166,0.02973044804347907,0.06863936281363053,0.07149902409471004,-0.1998666252312612,0.6951088736372903,-0.03263052934830101,0.30337568280983995
selected_faithfulness,primary_jointly_correct_true_class,true_class,DINOv2,gradient_attention_rollout,gaussian_blur,common_14,CRC-Prim-HE-10,-0.0270167414542493,-0.04309855533792708,-0.034260635856791635,0.020813642906912105,-0.020792498856744283,-0.024465866650508893,0.0011031481616120937,0.004601200958843994,0.029999000821947897,-0.2015491899026343,-0.11960369003533168,-0.13787442445659195,-0.12277176894955874
selected_faithfulness,primary_jointly_correct_true_class,true_class,DINOv2,gradient_attention_rollout,local_mean,common_14,CRC-Prim-HE-01,0.04139094496336745,-0.23029685635134778,-0.6001329630152041,0.054402552050611376,0.264543791458838,0.06265333904674136,0.11386046742520729,0.12460411138753763,0.11068549205510071,0.6547860319950323,0.8378413472821671,0.9314428696395157,0.7847101873936388
selected_faithfulness,primary_jointly_correct_true_class,true_class,DINOv2,gradient_attention_rollout,local_mean,common_14,CRC-Prim-HE-02,0.05943036555281452,-0.30814653024477673,-12.428833987607746,0.13166160955775721,0.4640908328241925,0.037679100881227244,0.11981609193783668,0.2832749323743732,0.3327040607945113,0.2680616539139547,0.5490774079062454,1.0040575541728367,1.1999724985032347
selected_faithfulness,primary_jointly_correct_true_class,true_class,DINOv2,gradient_attention_rollout,local_mean,common_14,CRC-Prim-HE-03,0.07374139034762674,-0.2056878038822114,-3.588067461792257,0.0978293163399465,0.9777207768498335,0.06116310637768661,0.09852419839758392,0.15423597044227083,0.244084047647833,0.7523036763504724,1.41654444417155,1.9791923342147004,2.2720201356764846
selected_faithfulness,primary_jointly_correct_true_class,true_class,DINOv2,gradient_attention_rollout,local_mean,common_14,CRC-Prim-HE-04,0.02784637210558414,-0.10968575639654414,-1.8596647484153799,0.04915963830152228,0.0030366233827036375,0.006059547361656898,0.008823990113204016,0.06782814786274845,0.13273454273728252,-0.08233416711383311,-0.37548630229129387,0.03559208263884074,0.032439998724305495
selected_faithfulness,primary_jointly_correct_true_class,true_class,DINOv2,gradient_attention_rollout,local_mean,common_14,CRC-Prim-HE-05,0.06338865334073536,-0.2366668545051872,-1.4404063939955036,0.09258514124613612,0.2978667995391608,0.0567616341211834,0.09647984298063396,0.14040369292207816,0.2203085876648804,0.209990719401021,0.3131118547419026,0.4675574918549076,0.6821525685099747
selected_faithfulness,primary_jointly_correct_true_class,true_class,DINOv2,gradient_attention_rollout,local_mean,common_14,CRC-Prim-HE-06,0.05987774403434172,-0.09468540262223249,-0.655777514402951,0.04313475399660553,0.16252449333805133,0.03415914913049758,0.059130117789920646,0.07294905775897162,0.10302946455667107,0.09204649515392152,0.05407094684288827,0.13941734214806373,0.4027238972013532
selected_faithfulness,primary_jointly_correct_true_class,true_class,DINOv2,gradient_attention_rollout,local_mean,common_14,CRC-Prim-HE-07,0.08679042097119986,-0.2508007440848265,-2.881132325534957,0.0972156291511267,-0.789714794842224,0.062146370789830756,0.08073784770379751,0.1498199311326481,0.258239549883697,-1.994990872204482,-3.774500848095508,-0.46288741196477334,-1.6332815652523103
selected_faithfulness,primary_jointly_correct_true_class,true_class,DINOv2,gradient_attention_rollout,local_mean,common_14,CRC-Prim-HE-08,0.11242795431596256,-0.20171404354834366,-0.5422615491079028,0.08973557872473945,0.22405099669179884,0.05208209649065148,0.09119072086719286,0.17638772642071376,0.18761255327461865,0.10592031115206077,0.18279837796659976,0.4332183641680373,0.4643593509631834
selected_faithfulness,primary_jointly_correct_true_class,true_class,DINOv2,gradient_attention_rollout,local_mean,common_14,CRC-Prim-HE-09,0.15633904917011426,-0.11772404986498651,-0.45247209458108634,0.038703356316069075,-0.44573455727292466,0.02188125860869232,0.07079615111214192,0.054882535267582785,0.08510092144364498,-0.23038825328236354,-1.7741141983172037,-1.2802523780997246,0.7827383268752826
selected_faithfulness,primary_jointly_correct_true_class,true_class,DINOv2,gradient_attention_rollout,local_mean,common_14,CRC-Prim-HE-10,0.03645811631481789,-0.0891102952257754,-0.5357339514851055,0.04234615782086248,0.0813229875654955,0.01863401597062744,0.047264208390481226,0.07399312470654111,0.07052948033892799,-0.008705435053597752,0.07837597503360243,0.16354974679117432,0.1459016457274548
selected_faithfulness,primary_jointly_correct_true_class,true_class,DINOv2,gradient_attention_rollout,normalized_zero,common_14,CRC-Prim-HE-01,0.046667702717674855,-0.28788051028053563,-0.9599949936177286,0.03441828962816992,0.3518286787476652,0.06923702836238158,0.12825993998193372,0.0605060267140935,0.04095923054819667,0.6577984054968787,0.9951814865722097,0.670908249014688,0.7586661535362085
selected_faithfulness,primary_jointly_correct_true_class,true_class,DINOv2,gradient_attention_rollout,normalized_zero,common_14,CRC-Prim-HE-02,0.05645518540991452,-0.2898156373067068,-5.383921142792387,0.1116716006059398,0.5446418940760046,0.036448838691783024,0.07918186745833211,0.18616860936835347,0.325033155595301,0.34423105382724867,0.4761879572991689,0.9356208295285892,1.606336325202772
selected_faithfulness,primary_jointly_correct_true_class,true_class,DINOv2,gradient_attention_rollout,normalized_zero,common_14,CRC-Prim-HE-03,0.0019249376776044767,-0.19957416007092077,-0.7691674309470319,0.08994677647001809,0.9628396084513453,0.050617821417716535,0.11039492845033264,0.09516161895438358,0.19583323270190622,1.1987910552700656,1.8020109919502174,1.9396220081346627,2.0911081718645397
selected_faithfulness,primary_jointly_correct_true_class,true_class,DINOv2,gradient_attention_rollout,normalized_zero,common_14,CRC-Prim-HE-04,-0.05919229750991899,-0.06399266427037718,-0.37289678086628464,0.02995167504169777,-0.12952544133028238,0.013776635228148528,0.01552221097296135,0.029824411589451497,0.11072055503654325,-0.07703543445121223,-0.4147671675407152,-0.4092533447739868,-0.32955764099123336
selected_faithfulness,primary_jointly_correct_true_class,true_class,DINOv2,gradient_attention_rollout,normalized_zero,common_14,CRC-Prim-HE-05,0.04371843551417896,-0.2143075328858481,-1.764552214837571,0.08743884462412424,0.28409378440358357,0.053283407533369936,0.07859908203599812,0.1317511328163842,0.20123753960969012,0.17950279032233588,0.3007271423407085,0.434921583822174,0.6633094155336697
selected_faithfulness,primary_jointly_correct_true_class,true_class,DINOv2,gradient_attention_rollout,normalized_zero,common_14,CRC-Prim-HE-06,0.03743256544564267,-0.13540780726679294,-4.867534852406176,0.05346970739709005,0.13445260022315,0.03242362661348434,0.06478304368160966,0.09348969102362446,0.1350593610408796,0.00917633066756414,0.03581436833574057,0.18632428535585666,0.36506213577055785
selected_faithfulness,primary_jointly_correct_true_class,true_class,DINOv2,gradient_attention_rollout,normalized_zero,common_14,CRC-Prim-HE-07,0.15513516718316342,-0.28238986871675975,-5.8861988952242985,0.11407215294437503,-0.82372540721805,0.0908992278608821,0.07553036968881119,0.13911420198467653,0.29327292203582095,-1.639170281519077,-3.3503814121120388,-0.4270204095752147,-1.0086046337445331
selected_faithfulness,primary_jointly_correct_true_class,true_class,DINOv2,gradient_attention_rollout,normalized_zero,common_14,CRC-Prim-HE-08,0.00491974812571047,-0.20213135443189129,-0.6655110366404545,0.08558186387197692,0.22746258354030263,0.048701303201224504,0.08677532145124606,0.13590232730839827,0.18630355656375347,0.11842680391299522,0.19110758769173392,0.4421667239139594,0.47349569433166805
selected_faithfulness,primary_jointly_correct_true_class,true_class,DINOv2,gradient_attention_rollout,normalized_zero,common_14,CRC-Prim-HE-09,0.07311107817845229,-0.11917725586890021,-0.8620534993061355,0.03632791954088748,0.5003898507585489,0.01636997926836714,0.041449289661511055,0.027856017868589468,0.08078736888534833,-0.4180083429114286,-1.832411063157295,-1.4549059874014345,1.3627704770247424
selected_faithfulness,primary_jointly_correct_true_class,true_class,DINOv2,gradient_attention_rollout,normalized_zero,common_14,CRC-Prim-HE-10,0.09614701151365908,-0.05038988330634299,-3.8983765127576593,0.018834117228705687,-0.02792468598206048,-0.007724849219755753,-0.011101666012785682,0.013039753688054085,0.03442807896867577,-0.20926923121544627,-0.17299830861688434,-0.16005513058944068,-0.05362421570462559
selected_faithfulness,primary_jointly_correct_true_class,true_class,DINOv2,gradient_attention_rollout,normalized_zero,common_7,CRC-Prim-HE-01,0.008517219387755098,-0.21448227332558617,-0.12866926102688853,0.022723236008475384,0.1109973270522236,0.01877869769093956,0.03623959843237179,0.03963664436803083,0.02750465469335325,0.011333847714358027,0.46279052545363863,0.39130616719983435,0.2187487834751538
selected_faithfulness,primary_jointly_correct_true_class,true_class,DINOv2,gradient_attention_rollout,normalized_zero,common_7,CRC-Prim-HE-02,0.05415937803692906,-0.19862348859899479,-3.119276091313842,0.08061669384003621,0.36301854538414746,-0.0013958843751362693,0.03127385120089839,0.11096049007012611,0.2508409604090896,0.03783408448829501,0.25347959234768436,0.3307528401993016,1.0469290251468268
selected_faithfulness,primary_jointly_correct_true_class,true_class,DINOv2,gradient_attention_rollout,normalized_zero,common_7,CRC-Prim-HE-03,-0.03573124747654076,-0.16699989141025795,-0.526576934036724,0.0743645345802542,0.7881046258855036,0.03326696714696489,0.07123644043996244,0.11620768659615624,0.14347064536000353,0.36648972536073954,1.0096102530115643,1.5116298825213663,2.0303280613751906
selected_faithfulness,primary_jointly_correct_true_class,true_class,DINOv2,gradient_attention_rollout,normalized_zero,common_7,CRC-Prim-HE-04,-0.1363832199546485,-0.05046480679209426,0.04777945183424949,0.02831323484824366,-0.19467018409369696,0.008454257322159627,0.05512862613917688,0.0737072052098442,0.053351662913924375,-0.07660698930083079,-0.30346990719640216,-0.46014163479004594,-0.5955988639214631
selected_faithfulness,primary_jointly_correct_true_class,true_class,DINOv2,gradient_attention_rollout,normalized_zero,common_7,CRC-Prim-HE-05,0.008044217687074827,-0.15722934115753107,-0.3157772620803676,0.06901179744715404,0.17442935733633178,0.03782017377819039,0.054517060309424464,0.1224769124962034,0.18190607955466245,0.07774239799174879,0.16025751596932922,0.30396839753463656,0.4763134183133492
selected_faithfulness,primary_jointly_correct_true_class,true_class,DINOv2,gradient_attention_rollout,normalized_zero,common_7,CRC-Prim-HE-06,-0.13584985422740523,-0.10607895861180724,-4.897514510254024,0.03382100727627054,0.1160036846914451,0.01129502311641317,0.036614433135522456,0.07069112018288758,0.0900475199712439,0.21194514300331024,0.11773774402231374,0.1858095805287101,0.4253048600785412
selected_faithfulness,primary_jointly_correct_true_class,true_class,DINOv2,gradient_attention_rollout,normalized_zero,common_7,CRC-Prim-HE-07,0.09844637855142054,-0.20384762435821616,-3.6390935798315804,0.07847051550453991,0.22980489687820496,0.04700999335337414,0.07131554347672414,0.11004551693775347,0.18221625781403736,0.7224834733885477,0.2250958650045634,0.1069451293211805,1.7154363850663994
selected_faithfulness,primary_jointly_correct_true_class,true_class,DINOv2,gradient_attention_rollout,normalized_zero,common_7,CRC-Prim-HE-08,0.02245421245421247,-0.17492791088025877,-0.7564574896810877,0.07843162919447266,0.16395993039959617,0.003617262676445145,0.06840167526088609,0.12403523470321237,0.20552375779026738,0.05380091620572783,0.19493975444956968,0.30157818205796216,0.4729913456554694
selected_faithfulness,primary_jointly_correct_true_class,true_class,DINOv2,gradient_attention_rollout,normalized_zero,common_7,CRC-Prim-HE-09,-0.06549188906331763,-0.15971829458579495,-1.0618410772101088,0.05833091105640604,0.8400366196116189,0.06553276597073963,0.1099034936623735,0.1271162639117517,0.14094951593218946,0.5451435649246086,0.43651155780302714,4.126507467697547,2.206399434962148
selected_faithfulness,primary_jointly_correct_true_class,true_class,DINOv2,gradient_attention_rollout,normalized_zero,common_7,CRC-Prim-HE-10,0.017180839002267568,-0.043428792069213316,0.30123701027929,0.01340369617251068,-0.0073704560626975234,-0.0016741609117445317,-0.015273213643769287,0.008715897932294592,0.03120911295106525,-0.08779050180940956,-0.16552906910077977,-0.05995733447281104,0.05468777933371036
selected_faithfulness,primary_jointly_correct_true_class,true_class,DINOv2,gradient_attention_rollout,normalized_zero,native_16,CRC-Prim-HE-01,0.14912839525280566,-0.2751344704400034,-1.0857058997299074,0.09310590052039582,0.33871118405755957,0.11070971615629698,0.14049803476645156,0.21189646981830368,0.2568555502531591,0.4501401197092429,0.5042935013554634,0.7218201364333114,0.9839198121646663
selected_faithfulness,primary_jointly_correct_true_class,true_class,DINOv2,gradient_attention_rollout,normalized_zero,native_16,CRC-Prim-HE-02,0.02094762342694586,-0.4512520675592757,-3.869393434213648,0.1563237023085504,0.5555317493130971,0.06869610409378472,0.19636414134077199,0.2745277518121817,0.3696397699130011,0.313290399071452,0.6033587669276835,0.9447378108595432,1.357625419994216
selected_faithfulness,primary_jointly_correct_true_class,true_class,DINOv2,gradient_attention_rollout,normalized_zero,native_16,CRC-Prim-HE-03,0.1151499255750836,-0.31172462800555367,-1.1414349964422594,0.1435349920873247,1.0515211913997013,0.09055258115394058,0.14390980102059633,0.2230771028397324,0.33124317682072985,1.182264966914756,1.5291476188090247,2.1604087715829223,2.3917799517801415
selected_faithfulness,primary_jointly_correct_true_class,true_class,DINOv2,gradient_attention_rollout,normalized_zero,native_16,CRC-Prim-HE-04,-0.06179805201699456,-0.14130834804354073,-0.2516098373376435,0.06883397581086553,0.010442021129340026,0.02459315644576173,0.07625896406642367,0.1163141202022505,0.1658323170548632,-0.25145611451129324,-0.16593017704641755,-0.3111501192548225,0.01713186008014588
selected_faithfulness,primary_jointly_correct_true_class,true_class,DINOv2,gradient_attention_rollout,normalized_zero,native_16,CRC-Prim-HE-05,0.07531544395271418,-0.2742056918452444,-2.505529406723539,0.1189477453240178,0.3817249916722077,0.05890715065757782,0.09647006795730348,0.1784331254910463,0.2957188532338753,0.3171050996083162,0.3767535961424617,0.546806094275617,0.9247668091216332
selected_faithfulness,primary_jointly_correct_true_class,true_class,DINOv2,gradient_attention_rollout,normalized_zero,native_16,CRC-Prim-HE-06,0.11981776903320623,-0.19886323524153146,-1.0792474300498882,0.08408201279194942,0.2312975518719785,0.08381219130375618,0.11662599285990961,0.1584050190645149,0.18163866285577907,0.18536177812306737,0.16269815050313036,0.2750205821208904,0.4040450873640112
selected_faithfulness,primary_jointly_correct_true_class,true_class,DINOv2,gradient_attention_rollout,normalized_zero,native_16,CRC-Prim-HE-07,0.16045661829717517,-0.3460426435780941,-1.8576435143872565,0.14109708682774363,0.6886990852689538,0.11983859027292706,0.1425329207388854,0.24974786757023343,0.33944178474945175,0.3561489939281386,0.18663205870230512,1.572353312104786,2.1682227034838664
selected_faithfulness,primary_jointly_correct_true_class,true_class,DINOv2,gradient_attention_rollout,normalized_zero,native_16,CRC-Prim-HE-08,0.07073890002146443,-0.2934808213424048,-0.6246073382007103,0.12566953590910093,0.28396180449874675,0.08401065964309008,0.14985933291462636,0.1992262013739364,0.3037577600001786,0.11723233888936899,0.31350955869674735,0.4624489369771615,0.7752142802306856
selected_faithfulness,primary_jointly_correct_true_class,true_class,DINOv2,gradient_attention_rollout,normalized_zero,native_16,CRC-Prim-HE-09,0.07124724498405059,-0.200913985392081,-0.5470829731492075,0.065974480515063,0.47708657684614136,0.061956872843698045,0.08966534056626187,0.10303087785424216,0.15533029040148913,-1.118683650193278,-2.148664215443085,-0.9612197003128269,2.907222828501186
selected_faithfulness,primary_jointly_correct_true_class,true_class,DINOv2,gradient_attention_rollout,normalized_zero,native_16,CRC-Prim-HE-10,0.08842137495949225,-0.13117276531255306,-0.1545122538780854,0.06080368551621858,0.07679844014163136,0.05926501050595119,0.08614281401954413,0.10360590643557853,0.13791354036966552,-0.013847543753592022,0.07376256418913535,0.10224734891834526,0.14384586290041837
selected_faithfulness,primary_jointly_correct_true_class,true_class,ResNet18,gradcam,gaussian_blur,common_14,CRC-Prim-HE-01,-0.015690272545756077,0.08364710342149762,1.3805555792164754,-0.01175947452257969,-0.012954176331221623,0.016103763872028682,0.026080056253355736,0.009598779227553327,-0.0346230703370667,0.08767651962539058,0.11092216997009491,0.09445102259947313,-0.026849726065676784
selected_faithfulness,primary_jointly_correct_true_class,true_class,ResNet18,gradcam,gaussian_blur,common_14,CRC-Prim-HE-02,0.09031495456441067,0.12423896140112622,0.6480737928549881,-0.036526038890942455,-0.0533579085412436,-0.0027733938110043343,0.004452631130405269,-0.01331919340737433,-0.09254381161018244,0.03302336051191353,0.03719203952889101,0.007514868923247272,-0.13856459422089876
selected_faithfulness,primary_jointly_correct_true_class,true_class,ResNet18,gradcam,gaussian_blur,common_14,CRC-Prim-HE-03,0.04210600883924646,-0.004193817818221282,0.19434765924116076,0.02445912874658142,0.04846572320084873,0.05678018718659191,0.08787453588808374,0.10551879942739976,0.07211721731275032,0.14720677067551802,0.18259949209243412,0.1911848038059972,0.1226418809773206
selected_faithfulness,primary_jointly_correct_true_class,true_class,ResNet18,gradcam,gaussian_blur,common_14,CRC-Prim-HE-04,0.0022038582158378597,0.02453318398585432,0.09552859873923819,-0.009039484549015262,-0.01866842308161423,0.0027670460588959333,0.013172339203574131,0.011809973302004801,-0.020460497729245266,0.015660868818196325,0.030922694172468113,0.01410597448027077,-0.04092697207510227
selected_faithfulness,primary_jointly_correct_true_class,true_class,ResNet18,gradcam,gaussian_blur,common_14,CRC-Prim-HE-05,-0.004633949784088724,0.07082254659647509,0.9450724185559526,-0.009070564336887861,-0.016453103528959713,0.034143485364097385,0.053051120117111,0.026954870764655324,-0.03964772589109815,0.05339260533177106,0.10073596550377577,0.09763500885941961,-0.00427774807664691
selected_faithfulness,primary_jointly_correct_true_class,true_class,ResNet18,gradcam,gaussian_blur,common_14,CRC-Prim-HE-06,0.0891231324661229,-0.022577174763341794,1.5384619211626598,0.015834578860214978,0.032089863835820846,0.025016593306157704,0.04905131768968295,0.048137807964408766,0.03963285988902812,0.07650754302358329,0.13788517899590583,0.1755660151761358,0.08325230623942781
selected_faithfulness,primary_jointly_correct_true_class,true_class,ResNet18,gradcam,gaussian_blur,common_14,CRC-Prim-HE-07,-0.005382459801189021,0.0542432322141207,-0.6558175399688595,0.006708186131545367,0.5816143354567443,0.06331624267295867,0.04538658778226845,0.035830802835137676,0.011516692497876438,0.31187833870984094,1.7262293988339517,2.439596132162599,1.9226956398832848
selected_faithfulness,primary_jointly_correct_true_class,true_class,ResNet18,gradcam,gaussian_blur,common_14,CRC-Prim-HE-08,0.054570523181273804,0.028563116341845197,0.48547373342752353,-0.005884662882402303,-0.042181005103847063,0.03227410888190847,0.07250812279340282,0.043840104525048114,-0.012853412122772587,0.007865469069380888,0.09291622984276576,0.07240989336683722,-0.08703180732054397
selected_faithfulness,primary_jointly_correct_true_class,true_class,ResNet18,gradcam,gaussian_blur,common_14,CRC-Prim-HE-09,0.027431714626308543,-0.0044054369198218,0.1896586084465422,0.005991279459025842,-0.033402440178769435,0.00531783374165037,0.03525268775126245,0.06570164376584345,0.017961272455451458,-0.004680161784847846,0.06452701742059884,0.04523833471116653,-0.07576928837365161
selected_faithfulness,primary_jointly_correct_true_class,true_class,ResNet18,gradcam,gaussian_blur,common_14,CRC-Prim-HE-10,0.020964353119676,0.0068842952396224065,0.32071073634505437,0.0035091670076775254,-0.004876907554358739,0.009395475057782774,0.03098283299708322,0.03700420265819979,0.0032628603337319212,0.02779007620289604,0.07864323373318664,0.0766912976592174,-0.021384811419621532
selected_faithfulness,primary_jointly_correct_true_class,true_class,ResNet18,gradcam,local_mean,common_14,CRC-Prim-HE-01,-0.013417559884600933,0.12768842173343614,0.5979838998012996,-0.018265258222164224,-0.022918739018809954,0.016514885438451237,0.006972036629846348,-0.011700062388959567,-0.05533268720785868,0.11862017760260357,0.14161128330233672,0.12014429195663406,-0.07478742705040414
selected_faithfulness,primary_jointly_correct_true_class,true_class,ResNet18,gradcam,local_mean,common_14,CRC-Prim-HE-02,0.07214732242483024,1.318198528413816,0.8709308021748097,-0.0770678614535999,-0.13815812889754137,-0.04690479115318165,-0.07532347419112272,-0.1453249736471162,-0.2154749208404077,-0.03364564282062794,-0.11189696816583006,-0.27696679114908457,-0.3926598580728743
selected_faithfulness,primary_jointly_correct_true_class,true_class,ResNet18,gradcam,local_mean,common_14,CRC-Prim-HE-03,0.028691040716648766,0.48011939075300214,1.5604633946999407,-0.023859058156462363,0.01655861148753282,0.05168203027829263,0.04439574912779112,-0.02139765500462629,-0.09146493866153427,0.13240269258453763,0.11693468882433836,0.03546085398581156,0.022136381675071495
selected_faithfulness,primary_jointly_correct_true_class,true_class,ResNet18,gradcam,local_mean,common_14,CRC-Prim-HE-04,0.016019890511351196,0.0996981832219114,0.5065233518521062,-0.03017311676479687,-0.05824850574805536,-0.0016901597871025035,0.0036119383547017565,-0.024737271353473454,-0.06965571855465183,0.0014639881830705215,0.0033165885720961583,-0.05475830660466284,-0.13518368010373197
selected_faithfulness,primary_jointly_correct_true_class,true_class,ResNet18,gradcam,local_mean,common_14,CRC-Prim-HE-05,0.0021018796671642037,0.21810101951956323,0.6174323046685202,-0.026914082996920857,-0.02923711784013051,0.02026631726772768,0.020127599428675057,-0.048481124184673596,-0.0964289300890929,0.03552660002172488,0.03426149684713888,0.040532168630436655,-0.0507746202814229
selected_faithfulness,primary_jointly_correct_true_class,true_class,ResNet18,gradcam,local_mean,common_14,CRC-Prim-HE-06,0.05585781641904998,0.20059494258474767,-0.4397428759855544,0.0063416575237766155,0.02615067398806591,0.0043983638483155495,0.017480574451190015,0.027147556222546415,-0.0030845183080586776,0.04297157982437778,0.07486669485770633,0.11808385099856068,0.06030092592755167
selected_faithfulness,primary_jointly_correct_true_class,true_class,ResNet18,gradcam,local_mean,common_14,CRC-Prim-HE-07,-0.029316076678983675,0.23825142671127808,0.7947873028639303,-0.024479618484832457,0.11541406877820941,-0.010733743331564297,-0.043775533242714666,-0.03434630986196276,-0.08020606655862558,-0.3394077437180065,0.27665618894311805,0.518979047703769,0.4154501639775784
selected_faithfulness,primary_jointly_correct_true_class,true_class,ResNet18,gradcam,local_mean,common_14,CRC-Prim-HE-08,0.06660101849098182,0.1448445822626523,0.4373490705123204,-0.03298285354410088,-0.08200228478352932,0.01756763694458013,0.026384918782689205,-0.02691323258238739,-0.09435942752842011,-0.0011858777766963287,0.0016204203319962408,-0.09442517027317067,-0.194762431252096
selected_faithfulness,primary_jointly_correct_true_class,true_class,ResNet18,gradcam,local_mean,common_14,CRC-Prim-HE-09,-0.0027955375929337115,0.37434907491685426,1.4278252068895523,-0.06349991299910443,-0.18402985289302973,0.007315403275238884,-0.027194333337082852,-0.10726694405931503,-0.19449999182775385,0.0051702988292758965,-0.08184660541286953,-0.34864605810168936,-0.5100417952450655
selected_faithfulness,primary_jointly_correct_true_class,true_class,ResNet18,gradcam,local_mean,common_14,CRC-Prim-HE-10,0.020497159293221337,0.018565552426533065,1.2541635817162762,0.000342480656609503,-0.011226490880454722,0.003314996631078496,0.01123466515679913,0.011176360446282872,-0.008391959137779873,0.023583164102651422,0.045314327141262205,0.028854441586250338,-0.061866646156440636
selected_faithfulness,primary_jointly_correct_true_class,true_class,ResNet18,gradcam,normalized_zero,common_14,CRC-Prim-HE-01,-0.012830381962866205,0.34194752218824026,1.7972349358302924,-0.03153354674588541,-0.013865298837540556,-0.009968731936846118,-0.03371809412392151,-0.061232516051696405,-0.09587872573487222,0.14298273125058972,0.10767254567250133,-0.05471398925225599,-0.17984360479182132
selected_faithfulness,primary_jointly_correct_true_class,true_class,ResNet18,gradcam,normalized_zero,common_14,CRC-Prim-HE-02,0.1286262616833424,5.313331175039279,1.0054541351153126,-0.07436914344347634,-0.1455940671625746,-0.03288893158641514,-0.06339372466876915,-0.11477632392388937,-0.19265653435673372,-0.041711588302971184,-0.1647194692107646,-0.28425044118004966,-0.37421516407885264
selected_faithfulness,primary_jointly_correct_true_class,true_class,ResNet18,gradcam,normalized_zero,common_14,CRC-Prim-HE-03,0.05204647741919893,1.151618644947375,4.9193172340983065,-0.12928116763851624,-0.14171236182108846,-0.008351947865964039,-0.0977967226435962,-0.2594868030257588,-0.36436281669087234,0.08450983228397196,-0.06141047153801688,-0.2526998239163085,-0.4694572429396784
selected_faithfulness,primary_jointly_correct_true_class,true_class,ResNet18,gradcam,normalized_zero,common_14,CRC-Prim-HE-04,-0.008869480370568124,0.5513519054741913,1.5299658761996398,-0.09285615196355793,-0.12507420687704351,-0.007362608973823394,-0.07925814935309745,-0.18347733507549727,-0.2615991119438163,0.003059318797759784,-0.09930577111802506,-0.26316334363974164,-0.35051381715268437
selected_faithfulness,primary_jointly_correct_true_class,true_class,ResNet18,gradcam,normalized_zero,common_14,CRC-Prim-HE-05,0.005352364927070271,0.6629437671851608,-3.688759264229111,-0.08843589110423884,-0.09133451183488236,0.015076961546590278,-0.048638960500841114,-0.18639606609521184,-0.2713510009490205,0.02726300175373548,0.01928858879555724,-0.0736673729382388,-0.3146202382922154
selected_faithfulness,primary_jointly_correct_true_class,true_class,ResNet18,gradcam,normalized_zero,common_14,CRC-Prim-HE-06,-0.09804363991259475,0.6018848806311713,2.674971440124492,-0.10258518248955871,-0.1543164670476571,-0.04398774755516951,-0.10889406490092395,-0.21933707566275834,-0.27263183219086323,-0.04700654138376877,-0.08752980124843031,-0.33064418050547895,-0.4328615836508945
selected_faithfulness,primary_jointly_correct_true_class,true_class,ResNet18,gradcam,normalized_zero,common_14,CRC-Prim-HE-07,0.07285580502000699,0.9551749999216022,2.84602834264045,-0.07965410880980774,0.22835952241344626,0.0012482400040926772,-0.04008776068853187,-0.1419463335777661,-0.22672996920999622,-0.02344620799462452,2.52342526141495,1.8042983430733284,0.0033415656689190516
selected_faithfulness,primary_jointly_correct_true_class,true_class,ResNet18,gradcam,normalized_zero,common_14,CRC-Prim-HE-08,0.09729689119039132,0.3691946623258077,8.776823857881466,-0.07809141635056562,-0.13780119106834826,0.020594396971158203,-0.0073537997451255605,-0.12689870358863675,-0.22187731232022162,0.03511646679883595,0.01169801866508435,-0.18422480605081998,-0.37624179021757587
selected_faithfulness,primary_jointly_correct_true_class,true_class,ResNet18,gradcam,normalized_zero,common_14,CRC-Prim-HE-09,-0.011086494114013109,1.2306612102662509,1.645942838077353,-0.1117043575887088,-0.18413155836075346,-0.06663474642656303,-0.13501185527202228,-0.22059088306115543,-0.29519282501814437,-0.07122541197910871,-0.22441385517088766,-0.3701838743618502,-0.48034558808781913
selected_faithfulness,primary_jointly_correct_true_class,true_class,ResNet18,gradcam,normalized_zero,common_14,CRC-Prim-HE-10,0.046603742100313726,0.9893896886349928,1.1593251905454092,-0.12725658740514054,-0.11809974016279776,-0.05797163762600586,-0.14985005893868453,-0.23769456702463757,-0.32440632970481675,-0.04954999758133641,-0.158219663039636,-0.18486406410232534,-0.30803182920680106
selected_faithfulness,primary_jointly_correct_true_class,true_class,ResNet18,gradcam,normalized_zero,common_7,CRC-Prim-HE-01,0.02222045068027211,0.10626878497181035,0.8342490175003112,-0.01803881670833467,0.01563040710832134,0.002109615419235209,0.01210735346988535,-0.013889643922240732,-0.053381781458299436,0.06814041892251409,0.1996865703529253,0.13362927568089528,-0.1007153741717497
selected_faithfulness,primary_jointly_correct_true_class,true_class,ResNet18,gradcam,normalized_zero,common_7,CRC-Prim-HE-02,0.09028668610301262,0.30271751136277436,0.5121617056380383,-0.011598683057100377,-0.08351412699238879,0.028937964890688655,0.021052218596986964,-0.010105178165776768,-0.049426788492158945,0.03545043671448212,-0.03833961661913735,-0.15940109070457248,-0.2524499319902387
selected_faithfulness,primary_jointly_correct_true_class,true_class,ResNet18,gradcam,normalized_zero,common_7,CRC-Prim-HE-03,0.09596938775510201,0.4130684038964896,0.5277937590896183,-0.04138025574955237,-0.010689776088182265,0.030856607933491403,0.04034061663239671,-0.04498634618376881,-0.13006546555532117,0.059812627385676685,0.16641397650680134,0.07648289486998816,-0.06800242307211549
selected_faithfulness,primary_jointly_correct_true_class,true_class,ResNet18,gradcam,normalized_zero,common_7,CRC-Prim-HE-04,0.08711791383219954,0.05325428108457032,2.843102306825402,-0.014359850315994105,-0.030290165592549437,0.008345464614001426,0.027298562623662197,-0.01181260201412735,-0.03878457543008001,0.02167442208208068,0.03243783483963175,-0.038990117871282856,-0.09325782196334982
selected_faithfulness,primary_jointly_correct_true_class,true_class,ResNet18,gradcam,normalized_zero,common_7,CRC-Prim-HE-05,0.10649033569107966,0.20087038011606306,2.263926169486885,-0.038678392075011184,-0.15361142077911283,0.028315318921241072,0.010737694111659497,-0.09222808940618447,-0.12185765553984003,0.04060878883101937,0.09577792726054975,-0.24720249333119926,-0.4177438255910242
selected_faithfulness,primary_jointly_correct_true_class,true_class,ResNet18,gradcam,normalized_zero,common_7,CRC-Prim-HE-06,-0.09831827016520892,0.271214669321499,1.0525204475506196,-0.02258300088541554,-0.06977539039253079,0.03931899622283149,0.04999048013809877,-0.022660966131374777,-0.09099109465854711,0.13117898097948283,0.10515810914397045,-0.08463453297626687,-0.2728035696330921
selected_faithfulness,primary_jointly_correct_true_class,true_class,ResNet18,gradcam,normalized_zero,common_7,CRC-Prim-HE-07,0.08611150310524397,0.30489867028845524,0.5906292638253416,0.0041503597192010895,0.5911422766483322,0.036506542349071816,0.05786972396473512,0.04445918450408558,-0.042242270037431355,0.11011894078410102,1.8986879147636047,2.694720759966062,0.7264136399433629
selected_faithfulness,primary_jointly_correct_true_class,true_class,ResNet18,gradcam,normalized_zero,common_7,CRC-Prim-HE-08,0.13786760858189429,0.11964443629655122,0.5224994363766475,-0.02422654495905417,-0.07057734727055585,0.03829318251573503,0.03806384237215167,-0.019212213931766014,-0.08077170440204656,0.04732220015988024,0.10158283211475837,-0.02905183819459291,-0.20584552027143926
selected_faithfulness,primary_jointly_correct_true_class,true_class,ResNet18,gradcam,normalized_zero,common_7,CRC-Prim-HE-09,0.05218499955231411,0.30929417764605494,1.8854312104590556,-0.03938241065169608,-0.14269599414913886,0.006909263574328923,-0.02860750455447992,-0.07458066716387539,-0.10556648111907027,0.024472054567844403,-0.1385474159433107,-0.2925105331712289,-0.386090508601376
selected_faithfulness,primary_jointly_correct_true_class,true_class,ResNet18,gradcam,normalized_zero,common_7,CRC-Prim-HE-10,0.1579189342403628,0.199088918724636,1.408151256498659,-0.05089036118621507,-0.0821247761972531,0.017511486969391657,-0.013594798342045323,-0.06296628431615506,-0.14238626224880477,0.030263648462650884,-0.020971027498593472,-0.12042090396741516,-0.2235334437052613
selected_faithfulness,primary_jointly_correct_true_class,true_class,ResNet18,gradcam,normalized_zero,native_5,CRC-Prim-HE-01,0.04756410256410257,0.03317769686528345,1.1125100248781343,-0.0016458515663928242,0.04802289512059668,-0.009108055697007829,0.0011107717593481056,0.014946332714908772,-0.011620077389962657,0.023476602667951506,0.16699535850491495,0.21699006640538432,0.035830625481964716
selected_faithfulness,primary_jointly_correct_true_class,true_class,ResNet18,gradcam,normalized_zero,native_5,CRC-Prim-HE-02,0.1822710622710623,0.021500488576565422,0.25274641999458275,0.004135102493731752,-0.047935212561714936,0.015195197124673395,0.012873503049286713,0.03495247716471847,0.0070911560636869085,0.005141940419314542,0.01831213091613316,-0.046651682370314376,-0.13619188558621567
selected_faithfulness,primary_jointly_correct_true_class,true_class,ResNet18,gradcam,normalized_zero,native_5,CRC-Prim-HE-03,0.1439583333333333,0.05673766970504739,0.2925832609122254,0.004694610955564213,0.05075875863469808,0.005952763282830967,0.04189595995616391,0.03190690472196662,0.007635120964284706,0.027752311068624008,0.1133560156445784,0.15914274450646146,0.1175575086258246
selected_faithfulness,primary_jointly_correct_true_class,true_class,ResNet18,gradcam,normalized_zero,native_5,CRC-Prim-HE-04,0.14762393162393164,-0.04326799419821639,0.056387662337013214,0.01744450706741503,0.0029699235029385196,0.012074594929965798,0.02266311203309353,0.05369577963134327,0.033464359347613874,0.021913848088394045,0.0618661767897612,0.027667448733185124,-0.02809311067936708
selected_faithfulness,primary_jointly_correct_true_class,true_class,ResNet18,gradcam,normalized_zero,native_5,CRC-Prim-HE-05,0.21883939752110357,0.005606865650397305,0.5329531420483862,0.006126928963906465,-0.08893648966311085,0.04441014148082058,0.06739351955451166,0.032970894783938505,-0.003843748113762847,0.03959884503005956,0.14846388482746642,-0.09320070103933997,-0.2558925213710541
selected_faithfulness,primary_jointly_correct_true_class,true_class,ResNet18,gradcam,normalized_zero,native_5,CRC-Prim-HE-06,0.015871794871794877,0.0135179812617417,0.806916242022986,0.004207909518937745,-0.008073006883736425,0.015492668551700794,0.04937760604245738,0.03601126496232157,0.0007791511256578125,0.07340347359004533,0.15791566934181406,0.05754173345396238,-0.08018238524389484
selected_faithfulness,primary_jointly_correct_true_class,true_class,ResNet18,gradcam,normalized_zero,native_5,CRC-Prim-HE-07,0.11557970905376463,-0.05798581663795379,-0.007239593896658775,0.03622408477885501,0.23146052146457105,0.04245073952285687,0.0447554262471937,0.09406800924434375,0.07839314329574115,-0.8461484025628316,-0.41588513924900816,1.4752734597014037,0.653558745458442
selected_faithfulness,primary_jointly_correct_true_class,true_class,ResNet18,gradcam,normalized_zero,native_5,CRC-Prim-HE-08,0.15587771203155817,0.06169530261636962,0.08908346926170428,-0.012358854422941237,-0.038709410996916556,0.015558874400123886,0.028264127013476116,-0.004161054506002886,-0.03458290285683076,0.028842542758403214,0.053642456833731825,-0.016667587339910417,-0.1180014622763222
selected_faithfulness,primary_jointly_correct_true_class,true_class,ResNet18,gradcam,normalized_zero,native_5,CRC-Prim-HE-09,0.1286014100121415,0.04483798674781226,0.9731078563416461,-0.002399935277563684,-0.057039140167761834,0.02422492442144574,0.010353276443849639,-0.0042436416827211,-0.01856073894992572,0.07036675347914613,0.0007664597136012052,-0.15154567984846248,-0.1585781801321186
selected_faithfulness,primary_jointly_correct_true_class,true_class,ResNet18,gradcam,normalized_zero,native_5,CRC-Prim-HE-10,0.18035470085470084,0.0771693674727826,10.56067912684876,-0.020893489303430653,-0.059578583578186343,0.010534299164618594,-0.002085117263185887,-0.0070823914895310905,-0.07746248150273755,-0.0004821107720352438,-0.03471083408852791,-0.02846652794364751,-0.2045191545328554
selected_faithfulness,primary_jointly_correct_true_class,true_class,UNI,gradient_attention_rollout,gaussian_blur,common_14,CRC-Prim-HE-01,0.07681287470083699,-0.19149006171021976,-0.8197137671411635,0.05584564847271004,0.3551233411280104,0.01433150113681054,0.05472617928084567,0.12484954970349921,0.15913020582542337,0.26461291860988595,0.2938253429704716,0.6427406023870202,1.0552058781135434
selected_faithfulness,primary_jointly_correct_true_class,true_class,UNI,gradient_attention_rollout,gaussian_blur,common_14,CRC-Prim-HE-02,0.02341984822042836,-0.09049829950472513,-0.12409650844114527,0.035209671459242774,0.045223299560278006,0.02983140972932519,0.02032196902285748,0.0625479683586794,0.09299587366038249,0.031108050394882625,0.025258125009678032,0.08265440952940296,0.1195560594696119
selected_faithfulness,primary_jointly_correct_true_class,true_class,UNI,gradient_attention_rollout,gaussian_blur,common_14,CRC-Prim-HE-03,-0.06567163240715468,-0.17275403248935,-0.5616021471081187,0.075588133650074,0.21604870623114314,0.07459585312548517,0.11311663159466556,0.17414402667203452,0.1832524864627499,0.2934915074820845,0.29359558166005945,0.4379435462730053,0.5275684644178866
selected_faithfulness,primary_jointly_correct_true_class,true_class,UNI,gradient_attention_rollout,gaussian_blur,common_14,CRC-Prim-HE-04,-0.14388423440734607,-0.14922060614231877,-0.27286663210921297,0.05534801100360252,0.08662193767397644,0.029101886524052382,0.050528050815268274,0.11709472196977914,0.15209697936322442,0.07347477568941524,0.11700943663304149,0.18181320302834933,0.21973237713935803
selected_faithfulness,primary_jointly_correct_true_class,true_class,UNI,gradient_attention_rollout,gaussian_blur,common_14,CRC-Prim-HE-05,0.05740502349448537,-0.14882906223760287,-0.21794551909155468,0.05720066029180471,0.14892610076088614,0.03769720954306911,0.06260193378947955,0.12827205826908367,0.15679548288503192,0.18459737504032955,0.2005878134858126,0.35764040586000034,0.3624739009290387
selected_faithfulness,primary_jointly_correct_true_class,true_class,UNI,gradient_attention_rollout,gaussian_blur,common_14,CRC-Prim-HE-06,0.09712810419294854,-0.08875801019201522,-0.2553889143631942,0.03596793338067124,-0.496379866830001,0.006701576144551825,0.020495309584185124,0.06633069757193193,0.08953757504794718,-1.5719925095785487,-1.4533703154414834,-0.825865419006076,-0.9978054969495019
selected_faithfulness,primary_jointly_correct_true_class,true_class,UNI,gradient_attention_rollout,gaussian_blur,common_14,CRC-Prim-HE-07,0.0482908739347335,-0.16895849019292233,-0.2743290945246162,0.06078759395918123,0.11226135670986054,0.04987218784419205,0.09216029257275492,0.13484349416154987,0.14619855477894877,0.1396495923326719,0.22889488990796655,0.25713973871159357,0.25158170156293336
selected_faithfulness,primary_jointly_correct_true_class,true_class,UNI,gradient_attention_rollout,gaussian_blur,common_14,CRC-Prim-HE-08,0.0909020518837881,-0.11051695186479954,-0.18940922539259455,0.04311607493630051,0.08057018125875157,0.04373512769505869,0.06855381738079475,0.08263035318734681,0.09462256677726369,0.12530980160742008,0.15359139277884543,0.16167560302372003,0.17110220993176253
selected_faithfulness,primary_jointly_correct_true_class,true_class,UNI,gradient_attention_rollout,gaussian_blur,common_14,CRC-Prim-HE-09,0.0030909667459617382,-0.07196458522432589,-0.2535741338263882,0.02203043720704071,0.033565174068089995,-0.0023975986022159793,0.025214275884080668,0.04755976303419573,0.06901243777441021,-0.0035056316741592076,0.03752085828296808,0.059126288054549385,0.11067757814575453
selected_faithfulness,primary_jointly_correct_true_class,true_class,UNI,gradient_attention_rollout,gaussian_blur,common_14,CRC-Prim-HE-10,0.05151434649847693,-0.14123316935674154,-0.36348708927176665,0.060863911333579566,0.11033700123308655,0.012593296340645675,0.05098829810659818,0.12482526612226841,0.1689304377637555,0.05168753609943765,0.11508034522282794,0.23293386505796268,0.3049621729909258
selected_faithfulness,primary_jointly_correct_true_class,true_class,UNI,gradient_attention_rollout,local_mean,common_14,CRC-Prim-HE-01,0.008218256478739179,-0.23395033024057083,-0.9676119928779019,0.09009989466249105,0.1896779362455373,0.05045256168867247,0.10036417715290036,0.19018962513901783,0.23154543624646817,0.12518832603664257,0.17328993617849464,0.4622001392441167,0.5038498816190512
selected_faithfulness,primary_jointly_correct_true_class,true_class,UNI,gradient_attention_rollout,local_mean,common_14,CRC-Prim-HE-02,0.1412308612972494,-0.21301262177775976,-0.2776964041572997,0.0977361485281644,0.12041201774922008,0.08495400353937035,0.12904565627616735,0.1844892304059886,0.22508551154700243,0.10488323425945982,0.1511338392823164,0.22670582681852694,0.2779458697957502
selected_faithfulness,primary_jointly_correct_true_class,true_class,UNI,gradient_attention_rollout,local_mean,common_14,CRC-Prim-HE-03,0.03216278062262533,-0.3173705636900712,-0.682380344374521,0.15045444546277498,0.3317700764916748,0.1170832508102321,0.18278473078437502,0.27474356061536165,0.39012438427991647,0.3178410796234908,0.41983593610392367,0.6237069257412927,0.8709330588522717
selected_faithfulness,primary_jointly_correct_true_class,true_class,UNI,gradient_attention_rollout,local_mean,common_14,CRC-Prim-HE-04,-0.002893240038652415,-0.18863736737135536,-0.2618286579702383,0.08293131774397818,0.11583551009636696,0.045132489998990416,0.07938687049556489,0.1430269032497411,0.20823232628720298,0.06445958579058644,0.09962986501315887,0.1851427819001564,0.28482618670093596
selected_faithfulness,primary_jointly_correct_true_class,true_class,UNI,gradient_attention_rollout,local_mean,common_14,CRC-Prim-HE-05,0.1859154128087153,-0.33496021489503136,-0.6946576746381935,0.14381712116182171,0.3119476950934217,0.11430519732038719,0.17737345536104698,0.2897706092086356,0.3538227930011167,0.27599270979947066,0.4568337616192513,0.6891497404392859,0.7421895576170522
selected_faithfulness,primary_jointly_correct_true_class,true_class,UNI,gradient_attention_rollout,local_mean,common_14,CRC-Prim-HE-06,0.15262548928477215,-0.16942377511139817,-1.535023425150855,0.07415579484053361,-0.9926003172747333,0.04171022801981038,0.072396300848625,0.13250354658323776,0.17981220258328312,-2.803972953930652,-3.1296190227852616,-2.906678747154526,-1.9271508807226791
selected_faithfulness,primary_jointly_correct_true_class,true_class,UNI,gradient_attention_rollout,local_mean,common_14,CRC-Prim-HE-07,0.09861279688518668,-0.323336739726942,-3.0281006939971937,0.13449546703321855,0.31834846846226883,0.10629223073410066,0.17587354574704828,0.27328162589065336,0.3226156243460323,0.3243203683650162,0.4655898062318976,0.6502195692939691,0.7544192527347758
selected_faithfulness,primary_jointly_correct_true_class,true_class,UNI,gradient_attention_rollout,local_mean,common_14,CRC-Prim-HE-08,0.13341232895799837,-0.21925890281660157,-0.41609184783802383,0.0988599254974816,0.16497852039344296,0.09708553807505653,0.14058355739843098,0.19567180887008745,0.2244441637182657,0.2102823488839913,0.2570889374223063,0.32276899537878523,0.3603876060029687
selected_faithfulness,primary_jointly_correct_true_class,true_class,UNI,gradient_attention_rollout,local_mean,common_14,CRC-Prim-HE-09,0.2221361537023704,-0.2399992436478615,-0.4669807586747626,0.09158767024327401,0.14077720255029458,0.09750863161814527,0.1401719467575913,0.1871938477016912,0.2169971684056374,0.15445825622318912,0.22534996333420143,0.28185022352364736,0.33158216136770274
selected_faithfulness,primary_jointly_correct_true_class,true_class,UNI,gradient_attention_rollout,local_mean,common_14,CRC-Prim-HE-10,0.10547764610414648,-0.14997386951634747,-0.24749967073058826,0.0672562655277406,0.10669421644335725,0.041403198582784614,0.08059855559840368,0.13660843438433315,0.1749292420418899,0.050550464676220534,0.1137996964132029,0.20743730031694715,0.28376715497417226
selected_faithfulness,primary_jointly_correct_true_class,true_class,UNI,gradient_attention_rollout,normalized_zero,common_14,CRC-Prim-HE-01,0.18894881986789447,-0.2214790716951866,-0.49536770837406696,0.10211016253624254,0.3006802516876459,0.0625189316129687,0.11631831660730611,0.18695302019564702,0.2527471972089241,0.08301166739193128,0.24491948891930448,0.4678345189585933,0.7544551646438755
selected_faithfulness,primary_jointly_correct_true_class,true_class,UNI,gradient_attention_rollout,normalized_zero,common_14,CRC-Prim-HE-02,0.20986814637875512,-0.1864586836934373,-0.24637733780936827,0.0867862883538868,0.11051210706003116,0.0685918856222577,0.11329550008459187,0.16875446531871569,0.2040095852808493,0.08911403780987588,0.14291178147225114,0.21962073660870549,0.2525643216181229
selected_faithfulness,primary_jointly_correct_true_class,true_class,UNI,gradient_attention_rollout,normalized_zero,common_14,CRC-Prim-HE-03,-0.009382825533947778,-0.28915335388854735,-0.628186246965922,0.1408199521323582,0.33881616689767907,0.12238216678033927,0.16121684134347308,0.23095814136303436,0.36293369688185817,0.3358569337811534,0.3989947712807211,0.5955562434766075,0.875281105937424
selected_faithfulness,primary_jointly_correct_true_class,true_class,UNI,gradient_attention_rollout,normalized_zero,common_14,CRC-Prim-HE-04,0.07903586010408042,-0.18454690794802697,-0.2603281628814062,0.0882428234092312,0.12607458300359248,0.05544719102927986,0.08623201090850878,0.14069149341517,0.21324147960495995,0.08346932773501976,0.12426386159222888,0.2000409826536701,0.3081599187104574
selected_faithfulness,primary_jointly_correct_true_class,true_class,UNI,gradient_attention_rollout,normalized_zero,common_14,CRC-Prim-HE-05,0.1802304423013788,-0.28875938173163007,-0.6319105050047376,0.13412884691424276,0.35021881871598076,0.09678900700401201,0.14933052116280218,0.25286135065566734,0.32459966671857793,0.2743761409481587,0.5128714859016249,0.7603601474564059,0.8427949996629863
selected_faithfulness,primary_jointly_correct_true_class,true_class,UNI,gradient_attention_rollout,normalized_zero,common_14,CRC-Prim-HE-06,0.14594987963124928,-0.14259930277549823,2.9242058638923845,0.06393843734160876,-0.7776819452819463,0.02285116379271449,0.04183489968990321,0.11225582954905935,0.14785119472240651,-2.414478876080381,-2.7204397038895087,-2.2126939788421907,-2.0261734078028226
selected_faithfulness,primary_jointly_correct_true_class,true_class,UNI,gradient_attention_rollout,normalized_zero,common_14,CRC-Prim-HE-07,0.11374827135020436,-0.3080584798159343,-0.7683052598379777,0.1447358747397161,0.35777668255925255,0.10677625402372799,0.16964405816450903,0.2776464445783296,0.3460187669439826,0.326596052774239,0.4537249162135719,0.6899786909657747,0.8573656640282484
selected_faithfulness,primary_jointly_correct_true_class,true_class,UNI,gradient_attention_rollout,normalized_zero,common_14,CRC-Prim-HE-08,0.14798916482751753,-0.17891555138182014,-0.2926220266613555,0.08477989338229498,0.14882968820143752,0.06454377040372503,0.11090339609997471,0.16234656258972213,0.20555482507103112,0.13694006675287726,0.2096341480145783,0.2944689557731061,0.353936817625146
selected_faithfulness,primary_jointly_correct_true_class,true_class,UNI,gradient_attention_rollout,normalized_zero,common_14,CRC-Prim-HE-09,0.19558952083177653,-0.1907887784951696,-0.31533494641933896,0.08402287674052134,0.1293259801868213,0.07467953378891075,0.10968945020076379,0.16610984643142787,0.19555356542581953,0.13140685538622335,0.18250867175786312,0.25869521059586553,0.3010405684390545
selected_faithfulness,primary_jointly_correct_true_class,true_class,UNI,gradient_attention_rollout,normalized_zero,common_14,CRC-Prim-HE-10,0.08014861860055555,-0.12512846322421187,-0.23511988508446255,0.057349070773122374,0.09797737971269158,0.03028240184729165,0.05791301219647707,0.11244984885590466,0.15339281183686998,0.03290293606228077,0.08696611067191773,0.19703937470044502,0.2652500825854955
selected_faithfulness,primary_jointly_correct_true_class,true_class,UNI,gradient_attention_rollout,normalized_zero,common_7,CRC-Prim-HE-01,0.16905505952380948,-0.1276494829967456,-0.1170434244417336,0.05763766944529213,0.04231953779313813,0.028584425113719163,0.048341501745372904,0.10380481656834016,0.14583840422033895,0.07290265793892717,0.1395580830042621,0.27797522148560483,0.2475872520423109
selected_faithfulness,primary_jointly_correct_true_class,true_class,UNI,gradient_attention_rollout,normalized_zero,common_7,CRC-Prim-HE-02,0.29159863945578224,-0.1262947996526656,-0.16993634771277136,0.0588904421740162,0.07537765585813185,0.03043841807352236,0.07783815333406334,0.11475748959782336,0.1402326762796932,0.03757101595582503,0.09296004121138997,0.14787566973689983,0.1890834354981084
selected_faithfulness,primary_jointly_correct_true_class,true_class,UNI,gradient_attention_rollout,normalized_zero,common_7,CRC-Prim-HE-03,0.07311755952380952,-0.2073875595582187,-0.49064473420064253,0.09917942037580249,0.26390497663229673,0.03787046496243428,0.11388074150654663,0.16778132985154204,0.22113934676674943,0.07475488023458804,0.28964886374536963,0.48558328637428716,0.6208394314172813
selected_faithfulness,primary_jointly_correct_true_class,true_class,UNI,gradient_attention_rollout,normalized_zero,common_7,CRC-Prim-HE-04,0.17061678004535144,-0.10211827929504284,-0.14601578734672743,0.0487408721987614,0.06849785695434588,0.021753577262623978,0.04242643827003375,0.09225006448639421,0.1088400010548187,0.038722167107323076,0.05692240466147337,0.12026391815711884,0.15016586954098765
selected_faithfulness,primary_jointly_correct_true_class,true_class,UNI,gradient_attention_rollout,normalized_zero,common_7,CRC-Prim-HE-05,0.22205515196984055,-0.1849706444224804,-0.4790115090722666,0.0833914172982208,0.2274930860753029,0.05207764091810246,0.096501188719441,0.1606272666552884,0.20001273115380397,0.16606697563849784,0.2723724370783901,0.5127065869488809,0.5623508550567494
selected_faithfulness,primary_jointly_correct_true_class,true_class,UNI,gradient_attention_rollout,normalized_zero,common_7,CRC-Prim-HE-06,0.19056948493683185,-0.0799864663249869,-0.1798370901198512,0.03534671242084602,-0.7097401619498019,0.025110058841862574,0.029122633191620256,0.04539982420100474,0.0865018519527588,1.2197029771055334,-1.7939071239850162,-2.676122769595456,-2.0957145886552238
selected_faithfulness,primary_jointly_correct_true_class,true_class,UNI,gradient_attention_rollout,normalized_zero,common_7,CRC-Prim-HE-07,0.17752601040416163,-0.20097985356709736,-0.9108763891557845,0.09097192376539176,0.26165976493440635,0.060791301718419205,0.10637975249398772,0.1805919462421471,0.22084458719010933,0.14644197699861325,0.3625743260246191,0.485086111488096,0.6437910093499941
selected_faithfulness,primary_jointly_correct_true_class,true_class,UNI,gradient_attention_rollout,normalized_zero,common_7,CRC-Prim-HE-08,0.216323914181057,-0.11924527418936506,-0.19486732323229802,0.055409249753012056,0.09700985844703439,0.04520356881092527,0.07946761229780717,0.10589800016716824,0.13584668079170406,0.09958212484066727,0.15869908739950975,0.18628048540619224,0.23138775985744736
selected_faithfulness,primary_jointly_correct_true_class,true_class,UNI,gradient_attention_rollout,normalized_zero,common_7,CRC-Prim-HE-09,0.1838487702773417,-0.11563969966139188,-0.20699293779839525,0.050513098283099314,0.08325840986043971,0.033806243352245594,0.08632742705198543,0.09545304287464947,0.11741199164120093,0.05534326728112242,0.1288114931439378,0.1683956757605049,0.19573885315519174
selected_faithfulness,primary_jointly_correct_true_class,true_class,UNI,gradient_attention_rollout,normalized_zero,common_7,CRC-Prim-HE-10,0.1641802721088435,-0.0469017553948922,-0.09960443555622482,0.019792229227157027,0.03125966469848696,0.00877496447130966,0.009297165857749512,0.020380474721844073,0.05695194843579813,0.018758677871997132,-0.012011442071765374,0.02085781522679537,0.09889121202377595
selected_faithfulness,primary_jointly_correct_true_class,true_class,UNI,gradient_attention_rollout,normalized_zero,native_14,CRC-Prim-HE-01,0.18894881986789447,-0.2214790716951866,-0.49536770837406696,0.10211016253624254,0.3006802516876459,0.0625189316129687,0.11631831660730611,0.18695302019564702,0.2527471972089241,0.08301166739193128,0.24491948891930448,0.4678345189585933,0.7544551646438755
selected_faithfulness,primary_jointly_correct_true_class,true_class,UNI,gradient_attention_rollout,normalized_zero,native_14,CRC-Prim-HE-02,0.20986814637875512,-0.1864586836934373,-0.24637733780936827,0.0867862883538868,0.11051210706003116,0.0685918856222577,0.11329550008459187,0.16875446531871569,0.2040095852808493,0.08911403780987588,0.14291178147225114,0.21962073660870549,0.2525643216181229
selected_faithfulness,primary_jointly_correct_true_class,true_class,UNI,gradient_attention_rollout,normalized_zero,native_14,CRC-Prim-HE-03,-0.009382825533947778,-0.28915335388854735,-0.628186246965922,0.1408199521323582,0.33881616689767907,0.12238216678033927,0.16121684134347308,0.23095814136303436,0.36293369688185817,0.3358569337811534,0.3989947712807211,0.5955562434766075,0.875281105937424
selected_faithfulness,primary_jointly_correct_true_class,true_class,UNI,gradient_attention_rollout,normalized_zero,native_14,CRC-Prim-HE-04,0.07903586010408042,-0.18454690794802697,-0.2603281628814062,0.0882428234092312,0.12607458300359248,0.05544719102927986,0.08623201090850878,0.14069149341517,0.21324147960495995,0.08346932773501976,0.12426386159222888,0.2000409826536701,0.3081599187104574
selected_faithfulness,primary_jointly_correct_true_class,true_class,UNI,gradient_attention_rollout,normalized_zero,native_14,CRC-Prim-HE-05,0.1802304423013788,-0.28875938173163007,-0.6319105050047376,0.13412884691424276,0.35021881871598076,0.09678900700401201,0.14933052116280218,0.25286135065566734,0.32459966671857793,0.2743761409481587,0.5128714859016249,0.7603601474564059,0.8427949996629863
selected_faithfulness,primary_jointly_correct_true_class,true_class,UNI,gradient_attention_rollout,normalized_zero,native_14,CRC-Prim-HE-06,0.14594987963124928,-0.14259930277549823,2.9242058638923845,0.06393843734160876,-0.7776819452819463,0.02285116379271449,0.04183489968990321,0.11225582954905935,0.14785119472240651,-2.414478876080381,-2.7204397038895087,-2.2126939788421907,-2.0261734078028226
selected_faithfulness,primary_jointly_correct_true_class,true_class,UNI,gradient_attention_rollout,normalized_zero,native_14,CRC-Prim-HE-07,0.11374827135020436,-0.3080584798159343,-0.7683052598379777,0.1447358747397161,0.35777668255925255,0.10677625402372799,0.16964405816450903,0.2776464445783296,0.3460187669439826,0.326596052774239,0.4537249162135719,0.6899786909657747,0.8573656640282484
selected_faithfulness,primary_jointly_correct_true_class,true_class,UNI,gradient_attention_rollout,normalized_zero,native_14,CRC-Prim-HE-08,0.14798916482751753,-0.17891555138182014,-0.2926220266613555,0.08477989338229498,0.14882968820143752,0.06454377040372503,0.11090339609997471,0.16234656258972213,0.20555482507103112,0.13694006675287726,0.2096341480145783,0.2944689557731061,0.353936817625146
selected_faithfulness,primary_jointly_correct_true_class,true_class,UNI,gradient_attention_rollout,normalized_zero,native_14,CRC-Prim-HE-09,0.19558952083177653,-0.1907887784951696,-0.31533494641933896,0.08402287674052134,0.1293259801868213,0.07467953378891075,0.10968945020076379,0.16610984643142787,0.19555356542581953,0.13140685538622335,0.18250867175786312,0.25869521059586553,0.3010405684390545
selected_faithfulness,primary_jointly_correct_true_class,true_class,UNI,gradient_attention_rollout,normalized_zero,native_14,CRC-Prim-HE-10,0.08014861860055555,-0.12512846322421187,-0.23511988508446255,0.057349070773122374,0.09797737971269158,0.03028240184729165,0.05791301219647707,0.11244984885590466,0.15339281183686998,0.03290293606228077,0.08696611067191773,0.19703937470044502,0.2652500825854955
selected_training_regime,training_regime_jointly_correct_true_class,true_class,FrozenResNet18,gradcam,normalized_zero,common_14,CRC-Prim-HE-01,0.03581947641302747,3.8760814105415435,0.5941764653431092,-0.07689072332492708,-0.06357253236368245,0.024801444451308892,-0.10252035891921281,-0.2052509339117308,-0.19048040235105504,0.38874828745707724,0.28206475382517965,-0.04251812917387091,-0.16188670595298066
selected_training_regime,training_regime_jointly_correct_true_class,true_class,FrozenResNet18,gradcam,normalized_zero,common_14,CRC-Prim-HE-02,0.08991076296909464,2.8133012114504834,1.7629699300904111,-0.11821225611710072,-0.2160294520570264,0.07415371901347018,-0.09477372214569484,-0.2475375543330209,-0.3867448301379126,0.1540154950879265,0.011191360951163604,-0.17852581530608871,-0.8515095758757192
selected_training_regime,training_regime_jointly_correct_true_class,true_class,FrozenResNet18,gradcam,normalized_zero,common_14,CRC-Prim-HE-03,0.11944961310649445,8.15557535294807,1.9166389300176008,-0.24879132924181607,-0.4740116937258144,-0.16890746063925832,-0.31123209235522975,-0.5158961874339597,-0.6183877579778531,-0.18713179792639092,-0.46215140741126887,-0.9815645785300636,-1.2722100516084387
selected_training_regime,training_regime_jointly_correct_true_class,true_class,FrozenResNet18,gradcam,normalized_zero,common_14,CRC-Prim-HE-04,0.038631593852758175,0.7441113908077612,2.6323850830603055,-0.11500927433529066,-0.32689301309304936,-0.033845040722848545,-0.1918759345696603,-0.29531682680291144,-0.2867127925192705,0.26156866081960956,0.0961735454147001,-0.7999826369419378,-1.0600293859153547
selected_training_regime,training_regime_jointly_correct_true_class,true_class,FrozenResNet18,gradcam,normalized_zero,common_14,CRC-Prim-HE-05,0.08039195119864549,7.473050452342592,0.7199913223326995,-0.13411512307038898,-0.46849007350667754,-0.020752809880459074,-0.13018118582456248,-0.25090206595330816,-0.36659627935640193,0.4490259962536974,0.05754903771192934,-0.5256307874754215,-1.5921267683147988
selected_training_regime,training_regime_jointly_correct_true_class,true_class,FrozenResNet18,gradcam,normalized_zero,common_14,CRC-Prim-HE-06,0.2281656840778171,10.409292040422157,2.177444033962861,-0.19908599520433534,-0.7106461558299811,-0.12655184074074158,-0.2694483851599004,-0.4229577480155268,-0.5098442412563302,0.6987125540484264,0.03766790021994557,-1.705531040448959,-2.1563176331484777
selected_training_regime,training_regime_jointly_correct_true_class,true_class,FrozenResNet18,gradcam,normalized_zero,common_14,CRC-Prim-HE-07,0.223426938926345,4.535205330977632,17.595557696065892,-0.14735173290766376,-0.5672530994623252,-0.10502170275135009,-0.15694578458640204,-0.30249756630748753,-0.3790216184545076,0.196520209375784,0.8918949986788727,-1.0190326889318577,-1.7811483192749493
selected_training_regime,training_regime_jointly_correct_true_class,true_class,FrozenResNet18,gradcam,normalized_zero,common_14,CRC-Prim-HE-08,0.2127710313932178,4.249940149534203,5.234873730762574,-0.1726447666825924,-0.4623527843599578,0.009060373432900247,-0.07913654324067688,-0.34903311689834915,-0.5001574462880563,3.0770452824737475,3.5195523578604733,0.5360222732550252,-3.828212848619517
selected_training_regime,training_regime_jointly_correct_true_class,true_class,FrozenResNet18,gradcam,normalized_zero,common_14,CRC-Prim-HE-09,0.09674363512989664,12.445165690131436,2.2373448933876485,-0.13997659742800947,-0.40595317061461983,-0.08493528541259197,-0.16945065582072888,-0.3227014766544778,-0.3693554222173752,-0.19697006378257417,-0.3683945166722925,-0.8949918748346039,-1.1758264057274432
selected_training_regime,training_regime_jointly_correct_true_class,true_class,FrozenResNet18,gradcam,normalized_zero,common_14,CRC-Prim-HE-10,0.11037054031421596,8.037882761119347,1.3996812441222035,-0.11820953384260484,-0.03545690683105474,-0.19415227832193022,-0.25732876194837195,-0.28150553971256,-0.2637970177230863,0.22279237143299122,0.22441345979970376,-0.030818087640183713,-0.5279887270257599
selected_training_regime,training_regime_jointly_correct_true_class,true_class,ResNet18,gradcam,normalized_zero,common_14,CRC-Prim-HE-01,-0.07947083324370863,0.30063086815113965,2.3765884175643714,-0.035404067224700415,-0.14803869545337503,-0.02696235935819095,-0.05240593286653696,-0.05360588372133439,-0.08169225778117009,0.16234217034352905,-0.138083268190678,-0.2739874631598308,-0.4313652921690299
selected_training_regime,training_regime_jointly_correct_true_class,true_class,ResNet18,gradcam,normalized_zero,common_14,CRC-Prim-HE-02,0.10658620513587884,4.06863514065635,0.6815514240379064,-0.026505069075193444,-0.0311388193833094,-0.013145028260305574,-0.028187586117400132,-0.01603088764754391,-0.0640365484693626,0.06364016855803549,-0.037506951216945944,0.06413760967734985,-0.07895764322723695
selected_training_regime,training_regime_jointly_correct_true_class,true_class,ResNet18,gradcam,normalized_zero,common_14,CRC-Prim-HE-03,0.04371743949813699,1.2586103450091446,5.333582030663147,-0.14873757417869732,-0.18354307789203517,-0.01862931508185055,-0.12157589299237145,-0.30592121014529483,-0.4129994267404059,0.06837323586095351,-0.11050388693322764,-0.3662535965032561,-0.5851097779875489
selected_training_regime,training_regime_jointly_correct_true_class,true_class,ResNet18,gradcam,normalized_zero,common_14,CRC-Prim-HE-04,-0.002098475209425188,0.4979242072067855,1.9550570850830864,-0.09062165309183264,-0.17007459159601404,-0.0008974138097249932,-0.06766349324913072,-0.16836868184758558,-0.2576385143906623,0.03430328492098909,-0.079513159838162,-0.26732969831885256,-0.48638110481512975
selected_training_regime,training_regime_jointly_correct_true_class,true_class,ResNet18,gradcam,normalized_zero,common_14,CRC-Prim-HE-05,0.006919645985137764,1.1931939313794055,-6.065679221692517,-0.09909103597561968,-0.1516012096254382,0.005339479450233493,-0.06824084695605996,-0.2164124553084601,-0.29439546126157345,-0.018589424021371984,-0.08786951115625208,-0.2532892815336934,-0.4713116109585791
selected_training_regime,training_regime_jointly_correct_true_class,true_class,ResNet18,gradcam,normalized_zero,common_14,CRC-Prim-HE-06,-0.10282258644308423,0.5598016082228715,2.733446167953148,-0.10285376997106088,-0.18891199107964857,-0.06442249459254241,-0.12444309619560613,-0.22365799804788383,-0.2721624044523202,-0.2880112132220877,-0.24126991983903745,-0.4416084294018271,-0.5200277465496229
selected_training_regime,training_regime_jointly_correct_true_class,true_class,ResNet18,gradcam,normalized_zero,common_14,CRC-Prim-HE-07,0.0653918168741608,0.9223367579095305,3.6512767293460118,-0.07857858930860558,0.19874551719384678,0.004213742375386164,-0.02419840247626595,-0.1500051797675645,-0.22215723806111376,-0.04784975200573418,2.3517069121814735,1.5374408591340034,-0.09398613327064541
selected_training_regime,training_regime_jointly_correct_true_class,true_class,ResNet18,gradcam,normalized_zero,common_14,CRC-Prim-HE-08,0.1315516251327473,0.34399300251488746,8.328051581004464,-0.07173929684167278,-0.10737016933770668,0.048519566135281814,0.026283398988810738,-0.10251979062962624,-0.21821694432325464,0.08835698309344034,0.10498236795200107,-0.09942273231526921,-0.3605628059376725
selected_training_regime,training_regime_jointly_correct_true_class,true_class,ResNet18,gradcam,normalized_zero,common_14,CRC-Prim-HE-09,0.015109834445858956,3.7603286433721856,1.6979919385382405,-0.11474082792425239,-0.23464826023033317,-0.05807161214191296,-0.12017165635744638,-0.22304267181674622,-0.3174575497553051,-0.07675053860654764,-0.2428463950000892,-0.42280072170830524,-0.6566316711512591
selected_training_regime,training_regime_jointly_correct_true_class,true_class,ResNet18,gradcam,normalized_zero,common_14,CRC-Prim-HE-10,0.04637705872280673,0.9569035679129366,1.1313212256823193,-0.11748266191699695,-0.0882711168957072,-0.047050111534152866,-0.13606479425004342,-0.2173685958449141,-0.3027914108331131,0.008934333548998653,-0.0971380142360109,-0.12340944245765513,-0.23630042449599475
