model,seed,fold,case_id,image_count,class_coverage,accuracy
CNN,11,0,CRC-Prim-HE-01,401,6,0.7556109725685786
CNN,11,1,CRC-Prim-HE-02,284,6,0.426056338028169
CNN,11,2,CRC-Prim-HE-03,740,7,0.672972972972973
CNN,11,3,CRC-Prim-HE-04,381,6,0.4461942257217848
CNN,11,4,CRC-Prim-HE-05,661,7,0.7367624810892587
CNN,11,5,CRC-Prim-HE-06,1061,8,0.34401508011310084
CNN,11,6,CRC-Prim-HE-07,503,7,0.6262425447316103
CNN,11,7,CRC-Prim-HE-08,389,6,0.44473007712082263
CNN,11,8,CRC-Prim-HE-09,342,6,0.6403508771929824
CNN,11,9,CRC-Prim-HE-10,238,7,0.865546218487395
CNN,23,0,CRC-Prim-HE-01,401,6,0.6783042394014963
CNN,23,1,CRC-Prim-HE-02,284,6,0.38028169014084506
CNN,23,2,CRC-Prim-HE-03,740,7,0.668918918918919
CNN,23,3,CRC-Prim-HE-04,381,6,0.5538057742782152
CNN,23,4,CRC-Prim-HE-05,661,7,0.7503782148260212
CNN,23,5,CRC-Prim-HE-06,1061,8,0.40904806786050896
CNN,23,6,CRC-Prim-HE-07,503,7,0.6322067594433399
CNN,23,7,CRC-Prim-HE-08,389,6,0.45758354755784064
CNN,23,8,CRC-Prim-HE-09,342,6,0.6578947368421053
CNN,23,9,CRC-Prim-HE-10,238,7,0.8235294117647058
CNN,41,0,CRC-Prim-HE-01,401,6,0.5411471321695761
CNN,41,1,CRC-Prim-HE-02,284,6,0.3626760563380282
CNN,41,2,CRC-Prim-HE-03,740,7,0.5081081081081081
CNN,41,3,CRC-Prim-HE-04,381,6,0.6955380577427821
CNN,41,4,CRC-Prim-HE-05,661,7,0.6822995461422088
CNN,41,5,CRC-Prim-HE-06,1061,8,0.46088595664467485
CNN,41,6,CRC-Prim-HE-07,503,7,0.6461232604373758
CNN,41,7,CRC-Prim-HE-08,389,6,0.4832904884318766
CNN,41,8,CRC-Prim-HE-09,342,6,0.716374269005848
CNN,41,9,CRC-Prim-HE-10,238,7,0.7184873949579832
CNN,57,0,CRC-Prim-HE-01,401,6,0.7680798004987531
CNN,57,1,CRC-Prim-HE-02,284,6,0.7288732394366197
CNN,57,2,CRC-Prim-HE-03,740,7,0.4418918918918919
CNN,57,3,CRC-Prim-HE-04,381,6,0.7270341207349081
CNN,57,4,CRC-Prim-HE-05,661,7,0.7413010590015129
CNN,57,5,CRC-Prim-HE-06,1061,8,0.39491046182846373
CNN,57,6,CRC-Prim-HE-07,503,7,0.3518886679920477
CNN,57,7,CRC-Prim-HE-08,389,6,0.5089974293059126
CNN,57,8,CRC-Prim-HE-09,342,6,0.7894736842105263
CNN,57,9,CRC-Prim-HE-10,238,7,0.8949579831932774
CNN,73,0,CRC-Prim-HE-01,401,6,0.5910224438902744
CNN,73,1,CRC-Prim-HE-02,284,6,0.5211267605633803
CNN,73,2,CRC-Prim-HE-03,740,7,0.6554054054054054
CNN,73,3,CRC-Prim-HE-04,381,6,0.7532808398950132
CNN,73,4,CRC-Prim-HE-05,661,7,0.7549167927382754
CNN,73,5,CRC-Prim-HE-06,1061,8,0.37983034872761545
CNN,73,6,CRC-Prim-HE-07,503,7,0.6719681908548708
CNN,73,7,CRC-Prim-HE-08,389,6,0.45758354755784064
CNN,73,8,CRC-Prim-HE-09,342,6,0.5467836257309941
CNN,73,9,CRC-Prim-HE-10,238,7,0.8907563025210085
CNN,89,0,CRC-Prim-HE-01,401,6,0.8254364089775561
CNN,89,1,CRC-Prim-HE-02,284,6,0.5845070422535211
CNN,89,2,CRC-Prim-HE-03,740,7,0.6513513513513514
CNN,89,3,CRC-Prim-HE-04,381,6,0.7139107611548556
CNN,89,4,CRC-Prim-HE-05,661,7,0.7322239031770046
CNN,89,5,CRC-Prim-HE-06,1061,8,0.40150801131008484
CNN,89,6,CRC-Prim-HE-07,503,7,0.6461232604373758
CNN,89,7,CRC-Prim-HE-08,389,6,0.4730077120822622
CNN,89,8,CRC-Prim-HE-09,342,6,0.6695906432748538
CNN,89,9,CRC-Prim-HE-10,238,7,0.8991596638655462
CNN,101,0,CRC-Prim-HE-01,401,6,0.6783042394014963
CNN,101,1,CRC-Prim-HE-02,284,6,0.6267605633802817
CNN,101,2,CRC-Prim-HE-03,740,7,0.6432432432432432
CNN,101,3,CRC-Prim-HE-04,381,6,0.6745406824146981
CNN,101,4,CRC-Prim-HE-05,661,7,0.7503782148260212
CNN,101,5,CRC-Prim-HE-06,1061,8,0.38642789820923656
CNN,101,6,CRC-Prim-HE-07,503,7,0.731610337972167
CNN,101,7,CRC-Prim-HE-08,389,6,0.519280205655527
CNN,101,8,CRC-Prim-HE-09,342,6,0.7543859649122807
CNN,101,9,CRC-Prim-HE-10,238,7,0.9327731092436975
CNN,131,0,CRC-Prim-HE-01,401,6,0.5610972568578554
CNN,131,1,CRC-Prim-HE-02,284,6,0.6514084507042254
CNN,131,2,CRC-Prim-HE-03,740,7,0.6554054054054054
CNN,131,3,CRC-Prim-HE-04,381,6,0.7664041994750657
CNN,131,4,CRC-Prim-HE-05,661,7,0.7715582450832073
CNN,131,5,CRC-Prim-HE-06,1061,8,0.39679547596606973
CNN,131,6,CRC-Prim-HE-07,503,7,0.43737574552683894
CNN,131,7,CRC-Prim-HE-08,389,6,0.4524421593830334
CNN,131,8,CRC-Prim-HE-09,342,6,0.6432748538011696
CNN,131,9,CRC-Prim-HE-10,238,7,0.7478991596638656
CNN,151,0,CRC-Prim-HE-01,401,6,0.8703241895261845
CNN,151,1,CRC-Prim-HE-02,284,6,0.5845070422535211
CNN,151,2,CRC-Prim-HE-03,740,7,0.5283783783783784
CNN,151,3,CRC-Prim-HE-04,381,6,0.4776902887139108
CNN,151,4,CRC-Prim-HE-05,661,7,0.6459909228441755
CNN,151,5,CRC-Prim-HE-06,1061,8,0.37229029217719134
CNN,151,6,CRC-Prim-HE-07,503,7,0.6938369781312127
CNN,151,7,CRC-Prim-HE-08,389,6,0.45758354755784064
CNN,151,8,CRC-Prim-HE-09,342,6,0.7309941520467836
CNN,151,9,CRC-Prim-HE-10,238,7,0.957983193277311
CNN,181,0,CRC-Prim-HE-01,401,6,0.7805486284289277
CNN,181,1,CRC-Prim-HE-02,284,6,0.647887323943662
CNN,181,2,CRC-Prim-HE-03,740,7,0.5878378378378378
CNN,181,3,CRC-Prim-HE-04,381,6,0.7532808398950132
CNN,181,4,CRC-Prim-HE-05,661,7,0.7231467473524962
CNN,181,5,CRC-Prim-HE-06,1061,8,0.4062205466540999
CNN,181,6,CRC-Prim-HE-07,503,7,0.7534791252485089
CNN,181,7,CRC-Prim-HE-08,389,6,0.4652956298200514
CNN,181,8,CRC-Prim-HE-09,342,6,0.7631578947368421
CNN,181,9,CRC-Prim-HE-10,238,7,0.8823529411764706
UNI,11,0,CRC-Prim-HE-01,401,6,0.9775561097256857
UNI,11,1,CRC-Prim-HE-02,284,6,0.9049295774647887
UNI,11,2,CRC-Prim-HE-03,740,7,0.7918918918918919
UNI,11,3,CRC-Prim-HE-04,381,6,0.9002624671916011
UNI,11,4,CRC-Prim-HE-05,661,7,0.8456883509833586
UNI,11,5,CRC-Prim-HE-06,1061,8,0.764373232799246
UNI,11,6,CRC-Prim-HE-07,503,7,0.8469184890656064
UNI,11,7,CRC-Prim-HE-08,389,6,0.519280205655527
UNI,11,8,CRC-Prim-HE-09,342,6,0.8099415204678363
UNI,11,9,CRC-Prim-HE-10,238,7,0.9453781512605042
UNI,23,0,CRC-Prim-HE-01,401,6,0.9551122194513716
UNI,23,1,CRC-Prim-HE-02,284,6,0.8485915492957746
UNI,23,2,CRC-Prim-HE-03,740,7,0.8162162162162162
UNI,23,3,CRC-Prim-HE-04,381,6,0.9133858267716536
UNI,23,4,CRC-Prim-HE-05,661,7,0.8411497730711044
UNI,23,5,CRC-Prim-HE-06,1061,8,0.8661639962299718
UNI,23,6,CRC-Prim-HE-07,503,7,0.8508946322067594
UNI,23,7,CRC-Prim-HE-08,389,6,0.5295629820051414
UNI,23,8,CRC-Prim-HE-09,342,6,0.8070175438596491
UNI,23,9,CRC-Prim-HE-10,238,7,0.9705882352941176
UNI,41,0,CRC-Prim-HE-01,401,6,0.9625935162094763
UNI,41,1,CRC-Prim-HE-02,284,6,0.8873239436619719
UNI,41,2,CRC-Prim-HE-03,740,7,0.8
UNI,41,3,CRC-Prim-HE-04,381,6,0.9133858267716536
UNI,41,4,CRC-Prim-HE-05,661,7,0.8562783661119516
UNI,41,5,CRC-Prim-HE-06,1061,8,0.8878416588124411
UNI,41,6,CRC-Prim-HE-07,503,7,0.852882703777336
UNI,41,7,CRC-Prim-HE-08,389,6,0.5295629820051414
UNI,41,8,CRC-Prim-HE-09,342,6,0.7953216374269005
UNI,41,9,CRC-Prim-HE-10,238,7,0.9663865546218487
UNI,57,0,CRC-Prim-HE-01,401,6,0.9650872817955112
UNI,57,1,CRC-Prim-HE-02,284,6,0.9225352112676056
UNI,57,2,CRC-Prim-HE-03,740,7,0.8040540540540541
UNI,57,3,CRC-Prim-HE-04,381,6,0.89501312335958
UNI,57,4,CRC-Prim-HE-05,661,7,0.8426626323751891
UNI,57,5,CRC-Prim-HE-06,1061,8,0.8030160226201697
UNI,57,6,CRC-Prim-HE-07,503,7,0.8469184890656064
UNI,57,7,CRC-Prim-HE-08,389,6,0.5269922879177378
UNI,57,8,CRC-Prim-HE-09,342,6,0.7456140350877193
UNI,57,9,CRC-Prim-HE-10,238,7,0.9831932773109243
UNI,73,0,CRC-Prim-HE-01,401,6,0.9625935162094763
UNI,73,1,CRC-Prim-HE-02,284,6,0.8661971830985915
UNI,73,2,CRC-Prim-HE-03,740,7,0.8027027027027027
UNI,73,3,CRC-Prim-HE-04,381,6,0.905511811023622
UNI,73,4,CRC-Prim-HE-05,661,7,0.848714069591528
UNI,73,5,CRC-Prim-HE-06,1061,8,0.6786050895381716
UNI,73,6,CRC-Prim-HE-07,503,7,0.852882703777336
UNI,73,7,CRC-Prim-HE-08,389,6,0.5167095115681234
UNI,73,8,CRC-Prim-HE-09,342,6,0.804093567251462
UNI,73,9,CRC-Prim-HE-10,238,7,0.9621848739495799
UNI,89,0,CRC-Prim-HE-01,401,6,0.970074812967581
UNI,89,1,CRC-Prim-HE-02,284,6,0.852112676056338
UNI,89,2,CRC-Prim-HE-03,740,7,0.8067567567567567
UNI,89,3,CRC-Prim-HE-04,381,6,0.9081364829396326
UNI,89,4,CRC-Prim-HE-05,661,7,0.8335854765506808
UNI,89,5,CRC-Prim-HE-06,1061,8,0.649387370405278
UNI,89,6,CRC-Prim-HE-07,503,7,0.8389662027833003
UNI,89,7,CRC-Prim-HE-08,389,6,0.5167095115681234
UNI,89,8,CRC-Prim-HE-09,342,6,0.804093567251462
UNI,89,9,CRC-Prim-HE-10,238,7,0.9663865546218487
UNI,101,0,CRC-Prim-HE-01,401,6,0.970074812967581
UNI,101,1,CRC-Prim-HE-02,284,6,0.8908450704225352
UNI,101,2,CRC-Prim-HE-03,740,7,0.8162162162162162
UNI,101,3,CRC-Prim-HE-04,381,6,0.9133858267716536
UNI,101,4,CRC-Prim-HE-05,661,7,0.8456883509833586
UNI,101,5,CRC-Prim-HE-06,1061,8,0.6352497643732328
UNI,101,6,CRC-Prim-HE-07,503,7,0.8469184890656064
UNI,101,7,CRC-Prim-HE-08,389,6,0.5141388174807198
UNI,101,8,CRC-Prim-HE-09,342,6,0.7865497076023392
UNI,101,9,CRC-Prim-HE-10,238,7,0.9705882352941176
UNI,131,0,CRC-Prim-HE-01,401,6,0.9625935162094763
UNI,131,1,CRC-Prim-HE-02,284,6,0.8838028169014085
UNI,131,2,CRC-Prim-HE-03,740,7,0.8094594594594594
UNI,131,3,CRC-Prim-HE-04,381,6,0.9186351706036745
UNI,131,4,CRC-Prim-HE-05,661,7,0.8547655068078669
UNI,131,5,CRC-Prim-HE-06,1061,8,0.8312912346842601
UNI,131,6,CRC-Prim-HE-07,503,7,0.8508946322067594
UNI,131,7,CRC-Prim-HE-08,389,6,0.5347043701799485
UNI,131,8,CRC-Prim-HE-09,342,6,0.8099415204678363
UNI,131,9,CRC-Prim-HE-10,238,7,0.9789915966386554
UNI,151,0,CRC-Prim-HE-01,401,6,0.9750623441396509
UNI,151,1,CRC-Prim-HE-02,284,6,0.9084507042253521
UNI,151,2,CRC-Prim-HE-03,740,7,0.7824324324324324
UNI,151,3,CRC-Prim-HE-04,381,6,0.9002624671916011
UNI,151,4,CRC-Prim-HE-05,661,7,0.8547655068078669
UNI,151,5,CRC-Prim-HE-06,1061,8,0.7681432610744581
UNI,151,6,CRC-Prim-HE-07,503,7,0.852882703777336
UNI,151,7,CRC-Prim-HE-08,389,6,0.5089974293059126
UNI,151,8,CRC-Prim-HE-09,342,6,0.7953216374269005
UNI,151,9,CRC-Prim-HE-10,238,7,0.9747899159663865
UNI,181,0,CRC-Prim-HE-01,401,6,0.9775561097256857
UNI,181,1,CRC-Prim-HE-02,284,6,0.9084507042253521
UNI,181,2,CRC-Prim-HE-03,740,7,0.8162162162162162
UNI,181,3,CRC-Prim-HE-04,381,6,0.916010498687664
UNI,181,4,CRC-Prim-HE-05,661,7,0.8577912254160364
UNI,181,5,CRC-Prim-HE-06,1061,8,0.7502356267672008
UNI,181,6,CRC-Prim-HE-07,503,7,0.8489065606361829
UNI,181,7,CRC-Prim-HE-08,389,6,0.5089974293059126
UNI,181,8,CRC-Prim-HE-09,342,6,0.7923976608187134
UNI,181,9,CRC-Prim-HE-10,238,7,0.9831932773109243
