scope,metric,model_a,model_b,images,sources,effect,image_weighted_effect,ci_low,ci_high,p,inference,family,p_holm
Kather_random_prediction_independent_primary_jointly_correct_true_class,top_minus_random_probability_reduction_auc,UNI,ResNet18,100,10,0.117285842004515,0.115129768274758,0.0924938451275544,0.143539012542482,0.001953125,source_weighted_exact_sign_flip,probability_sensitivity,0.01171875
Kather_random_prediction_independent_primary_jointly_correct_true_class,top_minus_random_probability_reduction_auc,UNI,DINOv2,100,10,-0.00303184520535285,0.00120421991412924,-0.0264515678633208,0.0219098227035353,0.74609375,source_weighted_exact_sign_flip,probability_sensitivity,0.74609375
Kather_random_prediction_independent_primary_jointly_correct_true_class,top_minus_random_probability_reduction_auc,DINOv2,ResNet18,100,10,0.120317687209868,0.113925548360629,0.0949268822112074,0.148966095439493,0.001953125,source_weighted_exact_sign_flip,probability_sensitivity,0.01171875
Kather_random_prediction_independent_primary_jointly_correct_true_class,top_beats_random_probability,UNI,ResNet18,100,10,0.694496088706615,0.683333333333333,0.577870490620491,0.798622294372294,0.001953125,source_weighted_exact_sign_flip,probability_sensitivity,0.01171875
Kather_random_prediction_independent_primary_jointly_correct_true_class,top_beats_random_probability,UNI,DINOv2,100,10,0.18877927141085,0.21,0.0714718614718615,0.309913571808309,0.00390625,source_weighted_exact_sign_flip,probability_sensitivity,0.01171875
Kather_random_prediction_independent_primary_jointly_correct_true_class,top_beats_random_probability,DINOv2,ResNet18,100,10,0.505716817295765,0.473333333333333,0.373357449811397,0.630924603174603,0.001953125,source_weighted_exact_sign_flip,probability_sensitivity,0.01171875
Kather_selected_faithfulness_primary_jointly_correct_true_class,top_minus_random_probability_reduction_auc,UNI,ResNet18,187,10,0.149203601982281,0.148357035534907,0.122184520366248,0.180878539410142,0.001953125,source_weighted_exact_sign_flip,probability_sensitivity,0.01171875
Kather_selected_faithfulness_primary_jointly_correct_true_class,top_minus_random_probability_reduction_auc,UNI,DINOv2,187,10,0.00775934096583372,0.0128493259248642,-0.0131940306714321,0.0278045011665369,0.37890625,source_weighted_exact_sign_flip,probability_sensitivity,0.37890625
Kather_selected_faithfulness_primary_jointly_correct_true_class,top_minus_random_probability_reduction_auc,DINOv2,ResNet18,187,10,0.141444261016448,0.135507709610043,0.111780819322324,0.175453246207333,0.001953125,source_weighted_exact_sign_flip,probability_sensitivity,0.01171875
Kather_selected_faithfulness_primary_jointly_correct_true_class,top_beats_random_probability,UNI,ResNet18,187,10,0.775886321195145,0.767379679144385,0.695569266007685,0.850185252370179,0.001953125,source_weighted_exact_sign_flip,probability_sensitivity,0.01171875
Kather_selected_faithfulness_primary_jointly_correct_true_class,top_beats_random_probability,UNI,DINOv2,187,10,0.251849556489262,0.257575757575758,0.153623723111039,0.352263371085614,0.001953125,source_weighted_exact_sign_flip,probability_sensitivity,0.01171875
Kather_selected_faithfulness_primary_jointly_correct_true_class,top_beats_random_probability,DINOv2,ResNet18,187,10,0.524036764705882,0.509803921568627,0.396058323457588,0.642900556857358,0.001953125,source_weighted_exact_sign_flip,probability_sensitivity,0.01171875
CRC_crc_common_seven_external_all_image_true_class_sensitivity,top_minus_random_probability_reduction_auc,UNI,ResNet18,98,1,0.0705224120702585,0.0705224120702585,0.0410946821957562,0.0991492641036792,9.36914230650221e-06,tile_weighted_signed_rank_exploratory,probability_sensitivity,3.74765692260088e-05
CRC_crc_common_seven_external_all_image_true_class_sensitivity,top_minus_random_probability_reduction_auc,UNI,DINOv2,98,1,0.00883158889607063,0.00883158889607063,-0.00542969888990483,0.0228778073519851,0.318513664172312,tile_weighted_signed_rank_exploratory,probability_sensitivity,0.318513664172312
CRC_crc_common_seven_external_all_image_true_class_sensitivity,top_minus_random_probability_reduction_auc,DINOv2,ResNet18,98,1,0.0616908231741878,0.0616908231741878,0.032886604220768,0.089146012882485,4.70538834524819e-05,tile_weighted_signed_rank_exploratory,probability_sensitivity,0.000141161650357446
CRC_crc_common_seven_external_all_image_true_class_sensitivity,top_beats_random_probability,UNI,ResNet18,98,1,0.523809523809524,0.523809523809524,0.431972789115646,0.615646258503401,2.90531911548299e-13,tile_weighted_signed_rank_exploratory,probability_sensitivity,1.74319146928979e-12
CRC_crc_common_seven_external_all_image_true_class_sensitivity,top_beats_random_probability,UNI,DINOv2,98,1,0.0986394557823129,0.0986394557823129,0.0204081632653061,0.17687074829932,0.0295649304036321,tile_weighted_signed_rank_exploratory,probability_sensitivity,0.0591298608072643
CRC_crc_common_seven_external_all_image_true_class_sensitivity,top_beats_random_probability,DINOv2,ResNet18,98,1,0.425170068027211,0.425170068027211,0.32312925170068,0.523809523809524,3.5996005633499e-11,tile_weighted_signed_rank_exploratory,probability_sensitivity,1.79980028167495e-10
CRC_crc_common_seven_external_primary_jointly_correct_true_class,top_minus_random_probability_reduction_auc,UNI,ResNet18,48,1,0.135356906482516,0.135356906482516,0.102279507684778,0.169313988520857,1.25278777923862e-08,tile_weighted_signed_rank_exploratory,probability_sensitivity,6.26393889619312e-08
CRC_crc_common_seven_external_primary_jointly_correct_true_class,top_minus_random_probability_reduction_auc,UNI,DINOv2,48,1,0.00621699130030012,0.00621699130030012,-0.0150101003486294,0.0266166026360006,0.651782002976663,tile_weighted_signed_rank_exploratory,probability_sensitivity,0.651782002976663
CRC_crc_common_seven_external_primary_jointly_correct_true_class,top_minus_random_probability_reduction_auc,DINOv2,ResNet18,48,1,0.129139915182216,0.129139915182216,0.0981136681804251,0.160250609381081,1.41247597879055e-08,tile_weighted_signed_rank_exploratory,probability_sensitivity,6.26393889619312e-08
CRC_crc_common_seven_external_primary_jointly_correct_true_class,top_beats_random_probability,UNI,ResNet18,48,1,0.722222222222222,0.722222222222222,0.611111111111111,0.829861111111111,7.29233051867561e-09,tile_weighted_signed_rank_exploratory,probability_sensitivity,4.37539831120537e-08
CRC_crc_common_seven_external_primary_jointly_correct_true_class,top_beats_random_probability,UNI,DINOv2,48,1,0.0659722222222222,0.0659722222222222,-0.0520833333333333,0.184027777777778,0.255361810578592,tile_weighted_signed_rank_exploratory,probability_sensitivity,0.510723621157184
CRC_crc_common_seven_external_primary_jointly_correct_true_class,top_beats_random_probability,DINOv2,ResNet18,48,1,0.65625,0.65625,0.524305555555556,0.788194444444444,2.89620590629593e-08,tile_weighted_signed_rank_exploratory,probability_sensitivity,8.6886177188878e-08
