comparison,model_a,model_b,comparison_target,subgroup,metric,pair_count,source_group_count,model_a_mean,model_b_mean,mean_paired_difference,wilcoxon_statistic,wilcoxon_p_value,paired_bootstrap_ci_low,paired_bootstrap_ci_high,hierarchical_bootstrap_ci_low,hierarchical_bootstrap_ci_high,confidence_level,bootstrap_iterations,wilcoxon_p_holm,significant_holm_0.05,wilcoxon_p_display,wilcoxon_p_holm_display
ResNet18 - DINOv2,ResNet18,DINOv2,true_class,all,attribution_occlusion_spearman,270,10,0.06239217183802866,0.05210162997476834,0.010290541863260318,17455.5,0.5145770868229169,-0.027386900080538505,0.04760401256617061,-0.0561381713613469,0.07715251356300828,0.95,5000,0.5145770868229169,False,p = 0.5146,p = 0.5146
ResNet18 - DINOv2,ResNet18,DINOv2,true_class,all,top_target_logit_auc,272,10,2.1087474441610325,1.7663633930325673,0.3423840511284652,12149.0,7.807106179242531e-07,0.213695679742617,0.4745518480212109,0.07011713754466711,0.5605318052302154,0.95,5000,2.3421318537727594e-06,True,p < 0.0001,p < 0.0001
ResNet18 - DINOv2,ResNet18,DINOv2,true_class,all,random_target_logit_auc,272,10,1.6183478615566855,2.0352985381756508,-0.4169506766189657,11120.0,9.893103107389444e-09,-0.5428952834784372,-0.28921773707419235,-0.6670163603925439,-0.21696708204782691,0.95,5000,1.9786206214778887e-08,True,p < 0.0001,p < 0.0001
ResNet18 - DINOv2,ResNet18,DINOv2,true_class,all,bottom_target_logit_auc,272,10,2.5350434735098935,2.2282070998047647,0.3068363737051294,12855.0,1.10038263816993e-05,0.1770154896057691,0.44017414929403453,-0.06505899406044802,0.6213663424560706,0.95,5000,2.20076527633986e-05,True,p < 0.0001,p < 0.0001
ResNet18 - DINOv2,ResNet18,DINOv2,true_class,all,top_minus_random_target_logit_auc,272,10,0.4903995826043469,-0.2689351451430839,0.7593347277474308,4511.0,2.705734931398392e-27,0.647284917433075,0.8688698076987329,0.5712344885800559,0.9311585640879054,0.95,5000,5.411469862796784e-27,True,p < 0.0001,p < 0.0001
ResNet18 - DINOv2,ResNet18,DINOv2,true_class,all,top_margin_auc,272,10,0.9138406673227163,0.3981049580006477,0.5157357093220686,12304.0,1.430090139406479e-06,0.32067975207163457,0.7128407301857846,0.24841883122802827,0.7838139562734799,0.95,5000,2.860180278812958e-06,True,p < 0.0001,p < 0.0001
ResNet18 - DINOv2,ResNet18,DINOv2,true_class,all,top_minus_random_margin_auc,272,10,0.40447647535492093,-0.3672167867764595,0.7716932621313805,8158.0,1.1143615450802257e-15,0.6048577874555866,0.9468894165729308,0.53933004518877,1.0475238395886046,0.95,5000,2.2287230901604514e-15,True,p < 0.0001,p < 0.0001
ResNet18 - DINOv2,ResNet18,DINOv2,true_class,all,top_5_target_logit_drop,272,10,0.5629449074211366,0.3693031693931998,0.19364173802793683,14967.0,0.005605380865980202,0.01691190072674288,0.3630633038117698,-0.07138940416423392,0.4764111569713112,0.95,5000,0.011210761731960403,True,p = 0.0056,p = 0.0112
ResNet18 - DINOv2,ResNet18,DINOv2,true_class,all,top_10_target_logit_drop,272,10,1.056109758802717,0.49141971662859707,0.5646900421741199,11568.0,7.142420880899727e-08,0.3517339291598012,0.7776769139208171,0.26100856587730104,0.9015121594477966,0.95,5000,2.1427262642699182e-07,True,p < 0.0001,p < 0.0001
ResNet18 - DINOv2,ResNet18,DINOv2,true_class,all,top_20_target_logit_drop,272,10,1.8014861024738125,0.7775420177221188,1.0239440847516936,9607.0,5.2851995663910094e-12,0.7566502221437129,1.29099258097909,0.6289636979691203,1.440666024623195,0.95,5000,1.585559869917303e-11,True,p < 0.0001,p < 0.0001
ResNet18 - DINOv2,ResNet18,DINOv2,true_class,all,top_30_target_logit_drop,272,10,2.4167438182459375,1.1390727170715655,1.277671101174372,9187.0,5.155514977803986e-13,0.9649367091526718,1.5838214884282718,0.7621409618948072,1.8288556310569128,0.95,5000,1.5466544933411957e-12,True,p < 0.0001,p < 0.0001
ResNet18 - DINOv2,ResNet18,DINOv2,true_class,all,top_5_margin_drop,272,10,0.5425154097816524,0.2520541176199913,0.29046129216166106,15771.0,0.031487100281357844,0.06944128403111416,0.5088275237611549,0.015085301733716895,0.6021651876144536,0.95,5000,0.06297420056271569,False,p = 0.0315,p = 0.0630
ResNet18 - DINOv2,ResNet18,DINOv2,true_class,all,top_10_margin_drop,272,10,1.0522442915860344,0.41380833461880684,0.6384359569672275,13171.0,3.280064415167639e-05,0.3480484061984017,0.9320121768862007,0.26575569861640735,1.0118606354378992,0.95,5000,6.560128830335277e-05,True,p < 0.0001,p < 0.0001
ResNet18 - DINOv2,ResNet18,DINOv2,true_class,all,top_20_margin_drop,272,10,1.809082648552516,0.7944206981097951,1.0146619504427208,12709.0,6.5171340886384475e-06,0.639284685593756,1.3876168904497341,0.5043221309781074,1.5372468257757028,0.95,5000,1.919967346509247e-05,True,p < 0.0001,p < 0.0001
ResNet18 - DINOv2,ResNet18,DINOv2,true_class,all,top_30_margin_drop,272,10,2.3831194803556977,1.3045126997372682,1.0786067806184292,13246.0,4.215498947051566e-05,0.6500183586907737,1.5359100316377248,0.3029841370191626,1.791705292437021,0.95,5000,0.00012646496841154699,True,p < 0.0001,p = 0.0001
ResNet18 - DINOv2,ResNet18,DINOv2,true_class,both_correct,attribution_occlusion_spearman,179,10,0.021893009747092525,0.04348633072348936,-0.021593320976396838,7663.0,0.5723097591175523,-0.06499637130197708,0.022402127132980516,-0.09282789016724291,0.04987567176779393,0.95,5000,0.5723097591175523,False,p = 0.5723,p = 0.5723
ResNet18 - DINOv2,ResNet18,DINOv2,true_class,both_correct,top_target_logit_auc,179,10,2.7719407828410247,2.2442519607006797,0.527688822140345,3644.0,2.1007698646125578e-10,0.3750183402717129,0.6813955375873719,0.2038397696477617,0.8203976601744654,0.95,5000,6.302309593837673e-10,True,p < 0.0001,p < 0.0001
ResNet18 - DINOv2,ResNet18,DINOv2,true_class,both_correct,random_target_logit_auc,179,10,2.023837758541399,2.530602046738342,-0.5067642881969437,4362.0,1.0402393701833022e-07,-0.6768365095557604,-0.3441455700777293,-0.8758461076356266,-0.23342543015988523,0.95,5000,1.2965517249471975e-07,True,p < 0.0001,p < 0.0001
ResNet18 - DINOv2,ResNet18,DINOv2,true_class,both_correct,bottom_target_logit_auc,179,10,3.1597463803854895,2.7384632126412582,0.4212831677442324,4719.0,1.5450968516287616e-06,0.25976420125429783,0.5900729923468998,0.04916462389662328,0.7341801356886809,0.95,5000,3.4015316697252575e-06,True,p < 0.0001,p < 0.0001
ResNet18 - DINOv2,ResNet18,DINOv2,true_class,both_correct,top_minus_random_target_logit_auc,179,10,0.7481030242996257,-0.28635008603766265,1.0344531103372885,760.0,7.93411152292555e-26,0.8993478831162678,1.172348711500217,0.7689570011849324,1.2908795357989544,0.95,5000,1.58682230458511e-25,True,p < 0.0001,p < 0.0001
ResNet18 - DINOv2,ResNet18,DINOv2,true_class,both_correct,top_margin_auc,179,10,1.9290716120317661,1.0259946464077052,0.9030769656240607,3178.0,2.1401527681762752e-12,0.6786491956821952,1.1262075062075307,0.5659006235870561,1.2142442835768887,0.95,5000,4.2803055363525505e-12,True,p < 0.0001,p < 0.0001
ResNet18 - DINOv2,ResNet18,DINOv2,true_class,both_correct,top_minus_random_margin_auc,179,10,0.7949194600056418,-0.4236892435481178,1.2186087035537598,1395.0,8.527835707702554e-22,1.0201531098907397,1.4164372387638036,0.8776274768708628,1.6516436143575943,0.95,5000,1.7055671415405107e-21,True,p < 0.0001,p < 0.0001
ResNet18 - DINOv2,ResNet18,DINOv2,true_class,both_correct,top_5_target_logit_drop,179,10,0.5981886739837391,0.4374408778531591,0.16074779613057993,6801.0,0.07086936011151314,-0.06437663242803601,0.38645748181383033,-0.2534773807898396,0.6692755877242834,0.95,5000,0.14173872022302628,False,p = 0.0709,p = 0.1417
ResNet18 - DINOv2,ResNet18,DINOv2,true_class,both_correct,top_10_target_logit_drop,179,10,1.1092429035369245,0.5999012709329914,0.5093416326039331,5463.0,0.00018874390528667725,0.2231978113799455,0.7916379396309398,0.03147431538879226,1.1331688186460325,0.95,5000,0.0005662317158600318,True,p = 0.0002,p = 0.0006
ResNet18 - DINOv2,ResNet18,DINOv2,true_class,both_correct,top_20_target_logit_drop,179,10,1.9956678834707378,0.8639294757356857,1.131738407735052,4142.0,1.7359379106828945e-08,0.7657647191895455,1.497554884547128,0.5647923189583971,1.901524316553853,0.95,5000,5.207813732048683e-08,True,p < 0.0001,p < 0.0001
ResNet18 - DINOv2,ResNet18,DINOv2,true_class,both_correct,top_30_target_logit_drop,179,10,2.7249334201050206,1.294421222497964,1.4305121976070563,3939.0,3.0505011093004368e-09,1.0136359756333784,1.8386723454458918,0.6854404477087847,2.3722210259493828,0.95,5000,9.15150332790131e-09,True,p < 0.0001,p < 0.0001
ResNet18 - DINOv2,ResNet18,DINOv2,true_class,both_correct,top_5_margin_drop,179,10,0.7162998908058891,0.3832716389075338,0.33302825189835533,6752.0,0.06053244668459187,0.04672589107265709,0.6257919087256797,-0.12544058894565172,0.8524477816073291,0.95,5000,0.12106489336918375,False,p = 0.0605,p = 0.1211
ResNet18 - DINOv2,ResNet18,DINOv2,true_class,both_correct,top_10_margin_drop,179,10,1.349829242882116,0.6422857275888241,0.7075435152932918,5521.0,0.00026215988214549216,0.32265543803655905,1.1078800281832337,0.12321262442810646,1.3728778453678634,0.95,5000,0.0005243197642909843,True,p = 0.0003,p = 0.0005
ResNet18 - DINOv2,ResNet18,DINOv2,true_class,both_correct,top_20_margin_drop,179,10,2.4036961417624405,1.0625136494636536,1.341182492298787,4669.0,1.0752875215171094e-06,0.8617223102287208,1.8272089573174881,0.6245371003120443,2.2107667269150695,0.95,5000,3.2258625645513283e-06,True,p < 0.0001,p < 0.0001
ResNet18 - DINOv2,ResNet18,DINOv2,true_class,both_correct,top_30_margin_drop,179,10,3.252856285545413,1.715110218724725,1.5377460668206882,4753.0,1.971364254415942e-06,0.9751200357212702,2.123544025354544,0.5940379889054266,2.713154550004669,0.95,5000,5.914092763247826e-06,True,p < 0.0001,p < 0.0001
ResNet18 - DINOv2,ResNet18,DINOv2,true_class,both_incorrect,attribution_occlusion_spearman,43,10,0.10729608490398586,0.0701109234161483,0.03718516148783756,452.0,0.8064453222100383,-0.07756136526977778,0.157681112519998,-0.13208470397267685,0.2050956518108494,0.95,5000,1.0,False,p = 0.8064,p = 1.0000
ResNet18 - DINOv2,ResNet18,DINOv2,true_class,both_incorrect,top_target_logit_auc,45,10,0.27321502595467284,0.5419913852194116,-0.2687763592647389,342.0,0.04753610882710291,-0.5399670483294434,0.008538652000327579,-0.633315945955557,0.07103830383363366,0.95,5000,0.14260832648130872,False,p = 0.0475,p = 0.1426
ResNet18 - DINOv2,ResNet18,DINOv2,true_class,both_incorrect,random_target_logit_auc,45,10,0.43949337905169367,0.7068442743913167,-0.2673508953396231,323.0,0.027553418628826876,-0.5271546276829,-0.0011266708286844429,-0.5988220347257184,0.04282815299555313,0.95,5000,0.08266025588648063,False,p = 0.0276,p = 0.0827
ResNet18 - DINOv2,ResNet18,DINOv2,true_class,both_incorrect,bottom_target_logit_auc,45,10,0.8238434203445084,0.8388242577181924,-0.014980837373683893,493.0,0.7884889043277781,-0.3210983312152223,0.291386504393847,-0.5756579258628031,0.49282503566916697,0.95,5000,1.0,False,p = 0.7885,p = 1.0000
ResNet18 - DINOv2,ResNet18,DINOv2,true_class,both_incorrect,top_minus_random_target_logit_auc,45,10,-0.16627835309702071,-0.16485288917190496,-0.0014254639251157159,495.0,0.8057534826177744,-0.20641054772884426,0.199224075841601,-0.2313106531277209,0.23680733705593826,0.95,5000,1.0,False,p = 0.8058,p = 1.0000
ResNet18 - DINOv2,ResNet18,DINOv2,true_class,both_incorrect,top_margin_auc,45,10,-2.0468000172244176,-1.2705671432283192,-0.7762328739960989,248.0,0.0018895695617402453,-1.2387044383568895,-0.3339929797202351,-1.5278279752362203,-0.01617047042761513,0.95,5000,0.005668708685220736,True,p = 0.0019,p = 0.0057
ResNet18 - DINOv2,ResNet18,DINOv2,true_class,both_incorrect,top_minus_random_margin_auc,45,10,-0.7097834935618772,-0.13908405464804674,-0.5706994389138303,252.0,0.002231636986778085,-0.8962335326574743,-0.24681980526323144,-1.1245198496540443,-0.06070598965240715,0.95,5000,0.006694910960334255,True,p = 0.0022,p = 0.0067
ResNet18 - DINOv2,ResNet18,DINOv2,true_class,both_incorrect,top_5_target_logit_drop,45,10,0.4522206859456168,0.1984690911653969,0.2537515947802199,407.0,0.21663957057643302,-0.031474955238194886,0.5624665621750884,-0.16362373932958807,0.7612532765932919,0.95,5000,0.649918711729299,False,p = 0.2166,p = 0.6499
ResNet18 - DINOv2,ResNet18,DINOv2,true_class,both_incorrect,top_10_target_logit_drop,45,10,0.8645272807735536,0.044468703866004926,0.8200585769075487,221.0,0.0005681274849393958,0.4174301874430645,1.2501231834375184,0.11610774217406293,1.573283618059711,0.95,5000,0.0017043824548181874,True,p = 0.0006,p = 0.0017
ResNet18 - DINOv2,ResNet18,DINOv2,true_class,both_incorrect,top_20_target_logit_drop,45,10,1.254823438119557,0.32051840188602604,0.9343050362335311,226.0,0.0007173913954261479,0.4193744317514616,1.445308343991637,0.03426223258077294,1.857838650328947,0.95,5000,0.002152174186278444,True,p = 0.0007,p = 0.0022
ResNet18 - DINOv2,ResNet18,DINOv2,true_class,both_incorrect,top_30_target_logit_drop,45,10,1.4521017579568758,0.6422227762639523,0.8098789816929235,286.0,0.008212454386921308,0.2484143792341154,1.3854573757263517,-0.012112239774407235,1.6513944014635051,0.95,5000,0.024637363160763925,True,p = 0.0082,p = 0.0246
ResNet18 - DINOv2,ResNet18,DINOv2,true_class,both_incorrect,top_5_margin_drop,45,10,0.019514287842644584,-0.23528561327192518,0.2547999011145698,484.0,0.7121622375975676,-0.17736427413092717,0.7143756985664362,-0.42756760588256226,0.991134583055549,0.95,5000,0.8656701732984402,False,p = 0.7122,p = 0.8657
ResNet18 - DINOv2,ResNet18,DINOv2,true_class,both_incorrect,top_10_margin_drop,45,10,0.12945938110351562,-0.5630755265553792,0.6925349076588948,399.0,0.18470849920123555,0.07978644344541765,1.3477537659141743,-0.3738218392359047,1.9731650773842784,0.95,5000,0.36004931751813274,False,p = 0.1847,p = 0.3600
ResNet18 - DINOv2,ResNet18,DINOv2,true_class,both_incorrect,top_20_margin_drop,45,10,0.2948946793874105,-0.2689338657591078,0.5638285451465183,465.0,0.5607223784098778,-0.25542254851924046,1.4434726228316623,-0.8035064853502042,2.0719496230771317,0.95,5000,0.5607223784098778,False,p = 0.5607,p = 0.5607
ResNet18 - DINOv2,ResNet18,DINOv2,true_class,both_incorrect,top_30_margin_drop,45,10,0.21038689348432757,-0.07673699325985378,0.2871238867441813,507.0,0.9110147168016169,-0.6482144962416755,1.284132848448223,-1.2646343707843402,1.8565356084209792,0.95,5000,0.9110147168016169,False,p = 0.9110,p = 0.9110
ResNet18 - DINOv2,ResNet18,DINOv2,true_class,mixed,attribution_occlusion_spearman,48,10,0.1731938750138913,0.06809619139142659,0.1050976836224647,325.0,0.006312076966963787,0.028282549908007597,0.1784261579516868,0.010905497693508067,0.2104825840495433,0.95,5000,0.01893623090089136,True,p = 0.0063,p = 0.0189
ResNet18 - DINOv2,ResNet18,DINOv2,true_class,mixed,top_target_logit_auc,48,10,1.3564005940686912,1.1320860334283982,0.2243145606402929,478.0,0.264022556961514,-0.10956195285155736,0.5721851463472316,-0.29510284008228693,0.6465744485179473,0.95,5000,0.792067670884542,False,p = 0.2640,p = 0.7921
ResNet18 - DINOv2,ResNet18,DINOv2,true_class,mixed,random_target_logit_auc,48,10,1.2113845313996232,1.4336550764584295,-0.22227054505880614,461.0,0.19634448189412979,-0.5065912468944346,0.05362453198608516,-0.5749081541073845,0.07250947954034742,0.95,5000,0.39268896378825957,False,p = 0.1963,p = 0.3927
ResNet18 - DINOv2,ResNet18,DINOv2,true_class,mixed,bottom_target_logit_auc,48,10,1.8096722664621971,1.6279234268081684,0.18174883965402855,457.0,0.1824192983078845,-0.13215845535858525,0.49018950067499345,-0.39388011153575664,0.6728010224448842,0.95,5000,0.364838596615769,False,p = 0.1824,p = 0.3648
ResNet18 - DINOv2,ResNet18,DINOv2,true_class,mixed,top_minus_random_target_logit_auc,48,10,0.14501606266906797,-0.301569043030031,0.44658510569909904,222.0,9.464351834509444e-05,0.23591350681158177,0.6427306368588083,0.08976676648592737,0.7259098018731153,0.95,5000,0.00024757394930929877,True,p < 0.0001,p = 0.0002
ResNet18 - DINOv2,ResNet18,DINOv2,true_class,mixed,top_margin_auc,48,10,-0.09652408889184394,-0.3790202434485157,0.28249615455667176,515.0,0.4605686303180647,-0.17729562455167364,0.7732990993124743,-0.4041056797712256,0.8840041487229683,0.95,5000,0.7948476637502608,False,p = 0.4606,p = 0.7948
ResNet18 - DINOv2,ResNet18,DINOv2,true_class,mixed,top_minus_random_margin_auc,48,10,-0.006931767378894939,-0.37049601976920404,0.3635642523903091,366.0,0.02213693107665904,0.04793350028690612,0.6660067211158356,-0.14758610628688024,0.7724075124589965,0.95,5000,0.04427386215331808,True,p = 0.0221,p = 0.0443
ResNet18 - DINOv2,ResNet18,DINOv2,true_class,mixed,top_5_target_logit_drop,48,10,0.535318985581398,0.2753632465998332,0.2599557389815648,412.0,0.07163985356056202,-0.07066264819974688,0.5807474514469502,-0.13028614284123938,0.609318009677562,0.95,5000,0.14327970712112403,False,p = 0.0716,p = 0.1433
ResNet18 - DINOv2,ResNet18,DINOv2,true_class,mixed,top_10_target_logit_drop,48,10,1.0375759797170758,0.5058904948333899,0.5316854848836859,361.0,0.019205385698938926,0.1291032493968185,0.9515942435944451,-0.018987120480657052,1.0040610984993221,0.95,5000,0.03841077139787785,True,p = 0.0192,p = 0.0384
ResNet18 - DINOv2,ResNet18,DINOv2,true_class,mixed,top_20_target_logit_drop,48,10,1.5898461253382266,0.8838484287261963,0.7059976966120303,349.0,0.013492028851999294,0.14393766911234757,1.2480593959102406,-0.02475598900571667,1.3327777130839722,0.95,5000,0.026984057703998587,True,p = 0.0135,p = 0.0270
ResNet18 - DINOv2,ResNet18,DINOv2,true_class,mixed,top_30_target_logit_drop,48,10,2.171805359500771,1.0255490684260924,1.1462562910746783,277.0,0.0010949816509011612,0.47183414683289254,1.7834382971283045,0.25439549113623866,1.9224102478877896,0.95,5000,0.0021899633018023223,True,p = 0.0011,p = 0.0022
ResNet18 - DINOv2,ResNet18,DINOv2,true_class,mixed,top_5_margin_drop,48,10,0.3847576677799225,0.21960310886303583,0.16515455891688666,482.0,0.2820028022263159,-0.2185439176857471,0.5335057131946085,-0.35038560814246894,0.6098284731684323,0.95,5000,0.5640056044526318,False,p = 0.2820,p = 0.5640
ResNet18 - DINOv2,ResNet18,DINOv2,true_class,mixed,top_10_margin_drop,48,10,0.8076112642884254,0.4776066765189171,0.33000458776950836,485.0,0.2960107280900104,-0.1919418465346095,0.852321571484208,-0.378550731986761,0.9616317592561244,0.95,5000,0.5920214561800208,False,p = 0.2960,p = 0.5920
ResNet18 - DINOv2,ResNet18,DINOv2,true_class,mixed,top_20_margin_drop,48,10,1.0112210512161255,0.7915523039797941,0.2196687472363313,535.0,0.5933963803088957,-0.47273530202607295,0.9208436240752536,-0.703249533389642,1.0178371537923807,0.95,5000,0.9763612512033433,False,p = 0.5934,p = 0.9764
ResNet18 - DINOv2,ResNet18,DINOv2,true_class,mixed,top_30_margin_drop,48,10,1.1766627778609593,1.0682477056980133,0.10841507216294606,582.0,0.9554326987027508,-0.741234183187286,0.9475493821005027,-1.204320066999821,1.1924851763923001,0.95,5000,0.9554326987027508,False,p = 0.9554,p = 0.9554
ResNet18 - DINOv2,ResNet18,DINOv2,shared_prediction,all,attribution_occlusion_spearman,216,10,0.019219098483284198,0.0499673930751055,-0.030748294591821292,10573.0,0.21308847828584299,-0.0698554038767566,0.006333351912957964,-0.09069029335815754,0.034073772439266084,0.95,5000,0.21308847828584299,False,p = 0.2131,p = 0.2131
ResNet18 - DINOv2,ResNet18,DINOv2,shared_prediction,all,top_target_logit_auc,216,10,2.651148866909487,2.101152905271199,0.5499959616382882,5007.0,2.9250326136271736e-13,0.41802653856493577,0.68784214104294,0.22240720288201324,0.8245936800145643,0.95,5000,8.77509784088152e-13,True,p < 0.0001,p < 0.0001
ResNet18 - DINOv2,ResNet18,DINOv2,shared_prediction,all,random_target_logit_auc,216,10,1.9315598789800856,2.403807443593568,-0.4722475646134828,6600.0,2.613820987436308e-08,-0.6184273214142552,-0.3251690323972974,-0.8046841534154516,-0.20459882200411655,0.95,5000,2.960693372094077e-08,True,p < 0.0001,p < 0.0001
ResNet18 - DINOv2,ResNet18,DINOv2,shared_prediction,all,bottom_target_logit_auc,216,10,3.022617012929792,2.6102266016243787,0.4123904113054138,6716.0,5.3469248102407653e-08,0.2673355994975902,0.5588792447283589,0.03842742523313171,0.7122737234459918,0.95,5000,1.6040774430722297e-07,True,p < 0.0001,p < 0.0001
ResNet18 - DINOv2,ResNet18,DINOv2,shared_prediction,all,top_minus_random_target_logit_auc,216,10,0.7195889879294015,-0.30265453832236944,1.022243526251771,1060.0,4.635353068035444e-31,0.9056461959501891,1.1425523648372176,0.7818264276206871,1.2358567768248512,0.95,5000,9.270706136070888e-31,True,p < 0.0001,p < 0.0001
ResNet18 - DINOv2,ResNet18,DINOv2,shared_prediction,all,top_margin_auc,216,10,1.7547835867851973,0.8518780562267811,0.902905530558416,4354.0,1.1668251714582758e-15,0.7070873783352887,1.0953944828143964,0.6193096591204966,1.1621000081518458,0.95,5000,3.5004755143748274e-15,True,p < 0.0001,p < 0.0001
ResNet18 - DINOv2,ResNet18,DINOv2,shared_prediction,all,top_minus_random_margin_auc,216,10,0.7427017126089022,-0.4371336083649011,1.1798353209738033,1810.0,4.550028385365513e-27,1.0069540613776056,1.3528993367219961,0.8825298149118831,1.5434332893840172,0.95,5000,9.100056770731025e-27,True,p < 0.0001,p < 0.0001
ResNet18 - DINOv2,ResNet18,DINOv2,shared_prediction,all,top_5_target_logit_drop,216,10,0.6169056919989763,0.4976292558842235,0.11927643611475273,10214.0,0.10194252515382672,-0.0845138316491136,0.32440392879286295,-0.2218189221128931,0.5418098147066807,0.95,5000,0.20388505030765344,False,p = 0.1019,p = 0.2039
ResNet18 - DINOv2,ResNet18,DINOv2,shared_prediction,all,top_10_target_logit_drop,216,10,1.1211603853023715,0.6813509295935984,0.43980945570877306,8264.0,0.00017264067600272588,0.19307982448178052,0.6934814188698374,0.024098981169886804,0.9477901840609181,0.95,5000,0.0005179220280081777,True,p = 0.0002,p = 0.0005
ResNet18 - DINOv2,ResNet18,DINOv2,shared_prediction,all,top_20_target_logit_drop,216,10,1.9494374248164672,0.9628446358083574,0.9865927890081096,6417.0,8.189324750683003e-09,0.6751931489514257,1.2991441027692483,0.46847702186153617,1.5993961301694584,0.95,5000,2.456797425204901e-08,True,p < 0.0001,p < 0.0001
ResNet18 - DINOv2,ResNet18,DINOv2,shared_prediction,all,top_30_target_logit_drop,216,10,2.661469814091645,1.3702938220360212,1.2911759920556236,5998.0,4.966752382694597e-10,0.919111137940652,1.6601620940172492,0.6439729336482266,2.04463118164952,0.95,5000,9.933504765389193e-10,True,p < 0.0001,p < 0.0001
ResNet18 - DINOv2,ResNet18,DINOv2,shared_prediction,all,top_5_margin_drop,216,10,0.7258662073700516,0.4683327354766704,0.2575334718933812,10248.0,0.1099238681408934,-0.0004166074718038063,0.5166034225719395,-0.12300158049581665,0.7067143792297408,0.95,5000,0.2198477362817868,False,p = 0.1099,p = 0.2198
ResNet18 - DINOv2,ResNet18,DINOv2,shared_prediction,all,top_10_margin_drop,216,10,1.3348340800514928,0.7648943466720758,0.569939733379417,8654.0,0.0008625112451854994,0.2230625007232583,0.9190668892736233,0.0559389854516862,1.165515922468014,0.95,5000,0.001725022490370999,True,p = 0.0009,p = 0.0017
ResNet18 - DINOv2,ResNet18,DINOv2,shared_prediction,all,top_20_margin_drop,216,10,2.2544853518958443,1.1782257802508496,1.076259571644995,7640.0,9.225345595527018e-06,0.6569944874418003,1.5060633800440917,0.4389125873790019,1.7655810113911856,0.95,5000,2.7676036786581055e-05,True,p < 0.0001,p < 0.0001
ResNet18 - DINOv2,ResNet18,DINOv2,shared_prediction,all,top_30_margin_drop,216,10,3.053854421057083,1.7556293860629753,1.2982250349941078,7490.0,4.271961450473917e-06,0.8069544867164009,1.7999591040942404,0.46404410936146406,2.191489757243474,0.95,5000,1.2815884351421752e-05,True,p < 0.0001,p < 0.0001
ResNet18 - DINOv2,ResNet18,DINOv2,shared_prediction,both_correct,attribution_occlusion_spearman,179,10,0.021893009747092525,0.04348633072348936,-0.021593320976396838,7663.0,0.5723097591175523,-0.0654892386407871,0.020406511075403568,-0.09233361211755119,0.049918519087356714,0.95,5000,0.5723097591175523,False,p = 0.5723,p = 0.5723
ResNet18 - DINOv2,ResNet18,DINOv2,shared_prediction,both_correct,top_target_logit_auc,179,10,2.7719407828410247,2.2442519607006797,0.527688822140345,3644.0,2.1007698646125578e-10,0.3767387903297278,0.6785851878181941,0.2033159808262161,0.818706404439597,0.95,5000,6.302309593837673e-10,True,p < 0.0001,p < 0.0001
ResNet18 - DINOv2,ResNet18,DINOv2,shared_prediction,both_correct,random_target_logit_auc,179,10,2.023837758541399,2.530602046738342,-0.5067642881969437,4362.0,1.0402393701833022e-07,-0.6711942378125821,-0.3432574649853828,-0.8857985686172822,-0.23952296768950454,0.95,5000,1.2965517249471975e-07,True,p < 0.0001,p < 0.0001
ResNet18 - DINOv2,ResNet18,DINOv2,shared_prediction,both_correct,bottom_target_logit_auc,179,10,3.1597463803854895,2.7384632126412582,0.4212831677442324,4719.0,1.5450968516287616e-06,0.2513343901548786,0.5894400547737223,0.03956243953723483,0.7271490443294171,0.95,5000,3.4015316697252575e-06,True,p < 0.0001,p < 0.0001
ResNet18 - DINOv2,ResNet18,DINOv2,shared_prediction,both_correct,top_minus_random_target_logit_auc,179,10,0.7481030242996257,-0.28635008603766265,1.0344531103372885,760.0,7.93411152292555e-26,0.8977401295969168,1.169377012547156,0.7695714272716994,1.295380415827276,0.95,5000,1.58682230458511e-25,True,p < 0.0001,p < 0.0001
ResNet18 - DINOv2,ResNet18,DINOv2,shared_prediction,both_correct,top_margin_auc,179,10,1.9290716120317661,1.0259946464077052,0.9030769656240607,3178.0,2.1401527681762752e-12,0.6821894442725033,1.1226228430261573,0.5747843767049353,1.2181132637390002,0.95,5000,4.2803055363525505e-12,True,p < 0.0001,p < 0.0001
ResNet18 - DINOv2,ResNet18,DINOv2,shared_prediction,both_correct,top_minus_random_margin_auc,179,10,0.7949194600056418,-0.4236892435481178,1.2186087035537598,1395.0,8.527835707702554e-22,1.0291438653908394,1.422591690375172,0.8744845508940476,1.6451489631746201,0.95,5000,1.7055671415405107e-21,True,p < 0.0001,p < 0.0001
ResNet18 - DINOv2,ResNet18,DINOv2,shared_prediction,both_correct,top_5_target_logit_drop,179,10,0.5981886739837391,0.4374408778531591,0.16074779613057993,6801.0,0.07086936011151314,-0.07534423076740188,0.3881491244838223,-0.23549341921014594,0.6711182099756678,0.95,5000,0.14173872022302628,False,p = 0.0709,p = 0.1417
ResNet18 - DINOv2,ResNet18,DINOv2,shared_prediction,both_correct,top_10_target_logit_drop,179,10,1.1092429035369245,0.5999012709329914,0.5093416326039331,5463.0,0.00018874390528667725,0.23305941656356755,0.7977118834749113,0.021885719780281282,1.1048566626634506,0.95,5000,0.0005662317158600318,True,p = 0.0002,p = 0.0006
ResNet18 - DINOv2,ResNet18,DINOv2,shared_prediction,both_correct,top_20_target_logit_drop,179,10,1.9956678834707378,0.8639294757356857,1.131738407735052,4142.0,1.7359379106828945e-08,0.7729561731531467,1.4983204263007506,0.5275695394107703,1.8678105914381342,0.95,5000,5.207813732048683e-08,True,p < 0.0001,p < 0.0001
ResNet18 - DINOv2,ResNet18,DINOv2,shared_prediction,both_correct,top_30_target_logit_drop,179,10,2.7249334201050206,1.294421222497964,1.4305121976070563,3939.0,3.0505011093004368e-09,1.0045932940889004,1.847989660799087,0.6832477950257748,2.409339178321786,0.95,5000,9.15150332790131e-09,True,p < 0.0001,p < 0.0001
ResNet18 - DINOv2,ResNet18,DINOv2,shared_prediction,both_correct,top_5_margin_drop,179,10,0.7162998908058891,0.3832716389075338,0.33302825189835533,6752.0,0.06053244668459187,0.040797336907360406,0.6312160973442331,-0.11770836125992379,0.8641084554690825,0.95,5000,0.12106489336918375,False,p = 0.0605,p = 0.1211
ResNet18 - DINOv2,ResNet18,DINOv2,shared_prediction,both_correct,top_10_margin_drop,179,10,1.349829242882116,0.6422857275888241,0.7075435152932918,5521.0,0.00026215988214549216,0.3289596939386604,1.0870765899396473,0.11173556783426045,1.4015852683343768,0.95,5000,0.0005243197642909843,True,p = 0.0003,p = 0.0005
ResNet18 - DINOv2,ResNet18,DINOv2,shared_prediction,both_correct,top_20_margin_drop,179,10,2.4036961417624405,1.0625136494636536,1.341182492298787,4669.0,1.0752875215171094e-06,0.8578513859287322,1.8304276927972634,0.5866495020497556,2.2003143861459327,0.95,5000,3.2258625645513283e-06,True,p < 0.0001,p < 0.0001
ResNet18 - DINOv2,ResNet18,DINOv2,shared_prediction,both_correct,top_30_margin_drop,179,10,3.252856285545413,1.715110218724725,1.5377460668206882,4753.0,1.971364254415942e-06,0.9659645703751286,2.1136434153388333,0.5664604283115791,2.6681738616182167,0.95,5000,5.914092763247826e-06,True,p < 0.0001,p < 0.0001
ResNet18 - DINOv2,ResNet18,DINOv2,shared_prediction,both_incorrect,attribution_occlusion_spearman,37,9,0.00628314939621147,0.08132172174914024,-0.07503857235292878,230.0,0.06755298051575664,-0.14851159892577753,-0.0011580888400158007,-0.1613886555589263,0.019932358739552375,0.95,5000,0.06755298051575664,False,p = 0.0676,p = 0.0676
ResNet18 - DINOv2,ResNet18,DINOv2,shared_prediction,both_incorrect,top_target_logit_auc,37,9,2.0667771655109686,1.4088628803556031,0.6579142851553657,114.0,0.00017539653345011175,0.33884615200508783,0.9616542181030318,0.09771867297043393,1.1170583122873265,0.95,5000,0.0005261896003503352,True,p = 0.0002,p = 0.0005
ResNet18 - DINOv2,ResNet18,DINOv2,shared_prediction,both_incorrect,random_target_logit_auc,37,9,1.4851344616429225,1.7903957148661485,-0.30526125322322584,234.0,0.0774078067188384,-0.6102103316869485,-0.017197299402307877,-0.8087959205268116,0.12447468731426466,0.95,5000,0.1548156134376768,False,p = 0.0774,p = 0.1548
ResNet18 - DINOv2,ResNet18,DINOv2,shared_prediction,both_incorrect,bottom_target_logit_auc,37,9,2.3592073703738485,1.989838672650827,0.36936869772302133,171.0,0.005618049297481775,0.09748914004328683,0.614570468115444,-0.15358312314574607,0.7967177333612921,0.95,5000,0.016854147892445326,True,p = 0.0056,p = 0.0169
ResNet18 - DINOv2,ResNet18,DINOv2,shared_prediction,both_incorrect,top_minus_random_target_logit_auc,37,9,0.581642703868046,-0.3815328345105454,0.9631755383785914,31.0,3.456079866737127e-08,0.7409597726277,1.1792334473513166,0.6433713398863459,1.2357947758921357,0.95,5000,6.912159733474255e-08,True,p < 0.0001,p < 0.0001
ResNet18 - DINOv2,ResNet18,DINOv2,shared_prediction,both_incorrect,top_margin_auc,37,9,0.9116063835653098,0.009530228054201298,0.9020761555111086,98.0,5.138161941431463e-05,0.5387495418940043,1.2557680715761472,0.3444268373037163,1.4219266144683709,0.95,5000,0.00015414485824294388,True,p < 0.0001,p = 0.0002
ResNet18 - DINOv2,ResNet18,DINOv2,shared_prediction,both_incorrect,top_minus_random_margin_auc,37,9,0.4900807184462964,-0.5021752651812307,0.9922559836275271,20.0,5.398760549724102e-09,0.7602607175864035,1.2211538587270045,0.7211247276818442,1.2867654749594313,0.95,5000,1.0797521099448204e-08,True,p < 0.0001,p < 0.0001
ResNet18 - DINOv2,ResNet18,DINOv2,shared_prediction,both_incorrect,top_5_target_logit_drop,37,9,0.7074555899645831,0.7888108685209945,-0.08135527855641131,346.0,0.9405941720615374,-0.4301506702158902,0.27689009324924363,-0.4879503695588362,0.41983137081066585,0.95,5000,1.0,False,p = 0.9406,p = 1.0000
ResNet18 - DINOv2,ResNet18,DINOv2,shared_prediction,both_incorrect,top_10_target_logit_drop,37,9,1.1788152295189935,1.0753911701408592,0.10342405937813423,307.0,0.5112330088595627,-0.3199697729703542,0.5145362087198204,-0.3526702745403537,0.6684163318674553,0.95,5000,1.0,False,p = 0.5112,p = 1.0000
ResNet18 - DINOv2,ResNet18,DINOv2,shared_prediction,both_incorrect,top_20_target_logit_drop,37,9,1.7257819626782391,1.4413801399437156,0.28440182273452347,264.0,0.1916960332018789,-0.2240376043158607,0.7818558890674561,-0.26593708120404724,0.9668234653472895,0.95,5000,0.3833920664037578,False,p = 0.1917,p = 0.3834
ResNet18 - DINOv2,ResNet18,DINOv2,shared_prediction,both_incorrect,top_30_target_logit_drop,37,9,2.354443179594504,1.7373531549363523,0.6170900246581515,228.0,0.06301736610475928,-0.01948881229838786,1.231833861989749,-0.07943475430316084,1.4922073105854128,0.95,5000,0.12603473220951855,False,p = 0.0630,p = 0.1260
ResNet18 - DINOv2,ResNet18,DINOv2,shared_prediction,both_incorrect,top_5_margin_drop,37,9,0.772146495612892,0.879844526986818,-0.10769803137392608,328.0,0.7316290671587922,-0.608861304940404,0.3760290877239117,-0.6857611446934087,0.60439471095138,0.95,5000,1.0,False,p = 0.7316,p = 1.0000
ResNet18 - DINOv2,ResNet18,DINOv2,shared_prediction,both_incorrect,top_10_margin_drop,37,9,1.2622899139249646,1.3580549633180774,-0.09576504939311259,351.0,1.0,-0.8873250064012166,0.6668316976444139,-0.9253501708813529,0.9363770497350982,0.95,5000,1.0,False,p = 1.0000,p = 1.0000
ResNet18 - DINOv2,ResNet18,DINOv2,shared_prediction,both_incorrect,top_20_margin_drop,37,9,1.532627746865556,1.7380223048699868,-0.20539455800443082,340.0,0.8697589171642903,-0.9875051537881027,0.5710164877208499,-1.151963148372514,0.9204891696572298,0.95,5000,1.0,False,p = 0.8698,p = 1.0000
ResNet18 - DINOv2,ResNet18,DINOv2,shared_prediction,both_incorrect,top_30_margin_drop,37,9,2.091115671235162,1.9516545469696458,0.13946112426551613,323.0,0.6762321110873017,-0.7387184442700567,1.002121507316022,-0.8996186335806292,1.448757254670402,0.95,5000,1.0,False,p = 0.6762,p = 1.0000
ResNet18 - UNI,ResNet18,UNI,true_class,all,attribution_occlusion_spearman,270,10,0.06239217183802866,0.15347538012347955,-0.09108320828545084,12127.0,1.5807536358778031e-06,-0.1278522460733397,-0.05329144577739982,-0.14614015630937158,-0.038590829172368064,0.95,5000,3.1615072717556063e-06,True,p < 0.0001,p < 0.0001
ResNet18 - UNI,ResNet18,UNI,true_class,all,top_target_logit_auc,272,10,2.1087474441610325,1.811273594636762,0.2974738495242705,13334.0,5.635587880680425e-05,0.16221109889685173,0.439361452434357,-0.030809045133076796,0.5556342975982708,0.95,5000,0.0001127117576136085,True,p < 0.0001,p = 0.0001
ResNet18 - UNI,ResNet18,UNI,true_class,all,random_target_logit_auc,272,10,1.6183478615566855,2.3454448572577618,-0.7270969957010759,8221.0,1.6516647677187973e-15,-0.8814377764358307,-0.5693054801392801,-1.1198227287518174,-0.39249177167386745,0.95,5000,4.954994303156392e-15,True,p < 0.0001,p < 0.0001
ResNet18 - UNI,ResNet18,UNI,true_class,all,bottom_target_logit_auc,272,10,2.5350434735098935,2.5611185037912736,-0.026075030281379606,17724.0,0.5177123524030619,-0.18397127575994296,0.12778612783943508,-0.5791912917182324,0.41944773219766857,0.95,5000,0.5177123524030619,False,p = 0.5177,p = 0.5177
ResNet18 - UNI,ResNet18,UNI,true_class,all,top_minus_random_target_logit_auc,272,10,0.4903995826043469,-0.5341712626209997,1.0245708452253464,2478.0,3.0476674580875727e-35,0.9061551675443591,1.138888676189294,0.8447033671056705,1.2212839504237172,0.95,5000,9.143002374262718e-35,True,p < 0.0001,p < 0.0001
ResNet18 - UNI,ResNet18,UNI,true_class,all,top_margin_auc,272,10,0.9138406673227163,0.8648135344223941,0.04902713290032219,17973.0,0.6490205322905265,-0.1479945893382982,0.24756362035555535,-0.2195512170361866,0.3134305851488566,0.95,5000,0.6490205322905265,False,p = 0.6490,p = 0.6490
ResNet18 - UNI,ResNet18,UNI,true_class,all,top_minus_random_margin_auc,272,10,0.40447647535492093,-0.7337534815223667,1.1382299568772876,5350.0,2.538531514954085e-24,0.9522137204412181,1.3250355141801544,0.8245004594090788,1.4861859739703738,0.95,5000,7.615594544862254e-24,True,p < 0.0001,p < 0.0001
ResNet18 - UNI,ResNet18,UNI,true_class,all,top_5_target_logit_drop,272,10,0.5629449074211366,0.5313970082343611,0.03154789918677553,18439.0,0.9233130667289424,-0.1353512073569137,0.19647017363938224,-0.3078223348116652,0.4378320438850656,0.95,5000,0.9233130667289424,False,p = 0.9233,p = 0.9233
ResNet18 - UNI,ResNet18,UNI,true_class,all,top_10_target_logit_drop,272,10,1.056109758802717,0.7773339046124259,0.27877585419029105,15837.0,0.035725677657576164,0.06849765563178271,0.48924788169413874,-0.15204462175677036,0.7713969907674983,0.95,5000,0.035725677657576164,True,p = 0.0357,p = 0.0357
ResNet18 - UNI,ResNet18,UNI,true_class,all,top_20_target_logit_drop,272,10,1.8014861024738125,1.187195192959788,0.6142909095140245,12820.0,9.716047639659937e-06,0.3687774111245264,0.8661157548206305,0.09078390633436091,1.2023104007858145,0.95,5000,1.9432095279319875e-05,True,p < 0.0001,p < 0.0001
ResNet18 - UNI,ResNet18,UNI,true_class,all,top_30_target_logit_drop,272,10,2.4167438182459375,1.6128732836908004,0.8038705345551374,11369.0,3.010947341421422e-08,0.5253849050372511,1.0801642523107788,0.17398892347171965,1.4737321103278986,0.95,5000,6.021894682842845e-08,True,p < 0.0001,p < 0.0001
ResNet18 - UNI,ResNet18,UNI,true_class,all,top_5_margin_drop,272,10,0.5425154097816524,0.6526111113455366,-0.11009570156388424,16414.0,0.09778381911760818,-0.32458613788270774,0.11263414957177097,-0.5102152258302121,0.30774003007958567,0.95,5000,0.09778381911760818,False,p = 0.0978,p = 0.0978
ResNet18 - UNI,ResNet18,UNI,true_class,all,top_10_margin_drop,272,10,1.0522442915860344,0.9848808876293547,0.06736340395667975,18561.0,0.9981566724073817,-0.21750466014970748,0.3473136148470288,-0.4869633787562107,0.5945387765483254,0.95,5000,0.9981566724073817,False,p = 0.9982,p = 0.9982
ResNet18 - UNI,ResNet18,UNI,true_class,all,top_20_margin_drop,272,10,1.809082648552516,1.4756128825247288,0.33346976602778716,16568.0,0.12426881555810636,-0.029840267635881806,0.682430241328171,-0.39305874404035035,0.9885383043467579,0.95,5000,0.12426881555810636,False,p = 0.1243,p = 0.1243
ResNet18 - UNI,ResNet18,UNI,true_class,all,top_30_margin_drop,272,10,2.3831194803556977,2.0344276333994724,0.348691846956225,16037.0,0.05165258656794692,-0.07079442999161312,0.7615183369913959,-0.6169103754339149,1.148067598239331,0.95,5000,0.05165258656794692,False,p = 0.0517,p = 0.0517
ResNet18 - UNI,ResNet18,UNI,true_class,both_correct,attribution_occlusion_spearman,195,10,0.03193054796141403,0.16152852026891876,-0.1295979723075047,5076.0,1.3776946496202339e-08,-0.17086934662896103,-0.08833610284202315,-0.18450718080415818,-0.06874835112337108,0.95,5000,4.133083948860702e-08,True,p < 0.0001,p < 0.0001
ResNet18 - UNI,ResNet18,UNI,true_class,both_correct,top_target_logit_auc,195,10,2.717783353342078,2.276547297230707,0.44123605611137096,5575.0,4.56456271607193e-07,0.27130625555375343,0.608390817760275,0.0014704560588111163,0.7759935265183328,0.95,5000,9.12912543214386e-07,True,p < 0.0001,p < 0.0001
ResNet18 - UNI,ResNet18,UNI,true_class,both_correct,random_target_logit_auc,195,10,1.9865425982101799,2.8569208016800576,-0.8703782034698779,3696.0,1.1279534590354085e-13,-1.0667574505818387,-0.6709163453176091,-1.4012508122194314,-0.45445055710605375,0.95,5000,3.3838603771062255e-13,True,p < 0.0001,p < 0.0001
ResNet18 - UNI,ResNet18,UNI,true_class,both_correct,bottom_target_logit_auc,195,10,3.0792784850891586,3.048633773009746,0.030644712079411947,9552.0,0.9969665826195799,-0.15317959912216805,0.2096943395391392,-0.5313970739918366,0.46696052388955955,0.95,5000,0.9969665826195799,False,p = 0.9970,p = 0.9970
ResNet18 - UNI,ResNet18,UNI,true_class,both_correct,top_minus_random_target_logit_auc,195,10,0.7312407551318979,-0.5803735044493507,1.3116142595812486,294.0,8.307811051108831e-32,1.1834163516097083,1.4381129378260304,1.0932661081298558,1.5473312284977114,0.95,5000,2.4923433153326493e-31,True,p < 0.0001,p < 0.0001
ResNet18 - UNI,ResNet18,UNI,true_class,both_correct,top_margin_auc,195,10,1.8830452660719554,1.6714770930088485,0.21156817306310705,8312.0,0.11520415561417055,-0.008600585450155646,0.4419667549438964,-0.183236738754756,0.515757251833622,0.95,5000,0.11520415561417055,False,p = 0.1152,p = 0.1152
ResNet18 - UNI,ResNet18,UNI,true_class,both_correct,top_minus_random_margin_auc,195,10,0.8216546425509912,-0.8144481309092579,1.636102773460249,620.0,1.0080824787727049e-29,1.4483278087849896,1.827937883355359,1.3118839824366895,2.0602098002664087,0.95,5000,3.0242474363181145e-29,True,p < 0.0001,p < 0.0001
ResNet18 - UNI,ResNet18,UNI,true_class,both_correct,top_5_target_logit_drop,195,10,0.58474760055542,0.6080472628275554,-0.023299662272135417,9390.0,0.8343694935880472,-0.20032707724815757,0.15265766471624323,-0.2641798661637873,0.21435838330592483,0.95,5000,0.8343694935880472,False,p = 0.8344,p = 0.8344
ResNet18 - UNI,ResNet18,UNI,true_class,both_correct,top_10_target_logit_drop,195,10,1.1105748073412822,0.8720201412836711,0.23855466605761114,8036.0,0.05422994558768484,0.0016509372626360267,0.4683342179197531,-0.057041752575555944,0.5417435592422508,0.95,5000,0.05422994558768484,False,p = 0.0542,p = 0.0542
ResNet18 - UNI,ResNet18,UNI,true_class,both_correct,top_20_target_logit_drop,195,10,1.9705991799632707,1.3090410492359064,0.6615581307273645,5880.0,3.204663333806592e-06,0.4081982409056181,0.9223485423509888,0.30227559386655617,1.033831753155648,0.95,5000,6.409326667613184e-06,True,p < 0.0001,p < 0.0001
ResNet18 - UNI,ResNet18,UNI,true_class,both_correct,top_30_target_logit_drop,195,10,2.725270582640018,1.7859068770439197,0.9393637055960985,4903.0,3.738261456234695e-09,0.6443504305823874,1.243083256483555,0.47110654307043986,1.4248011247990082,0.95,5000,9.15150332790131e-09,True,p < 0.0001,p < 0.0001
ResNet18 - UNI,ResNet18,UNI,true_class,both_correct,top_5_margin_drop,195,10,0.6710236488244472,0.7805262742898403,-0.10950262546539306,8632.0,0.24212268106169887,-0.34823915914083137,0.12700927650317123,-0.3986211303911546,0.19501789604677752,0.95,5000,0.24212268106169887,False,p = 0.2421,p = 0.2421
ResNet18 - UNI,ResNet18,UNI,true_class,both_correct,top_10_margin_drop,195,10,1.3045881094076694,1.120532946097545,0.18405516331012434,8738.0,0.3004979531355342,-0.11457185159126912,0.5050921289737407,-0.21469113624280667,0.589167613413124,0.95,5000,0.3004979531355342,False,p = 0.3005,p = 0.3005
ResNet18 - UNI,ResNet18,UNI,true_class,both_correct,top_20_margin_drop,195,10,2.301685353731498,1.6973387929109427,0.604346560820555,7162.0,0.0024245972926884808,0.22603108134025188,1.0114902513531538,0.08240337727550774,1.0901393847266994,0.95,5000,0.0024245972926884808,True,p = 0.0024,p = 0.0024
ResNet18 - UNI,ResNet18,UNI,true_class,both_correct,top_30_margin_drop,195,10,3.132563530176114,2.3765185340856894,0.7560449960904244,6579.0,0.00016232160680242292,0.28395099076705105,1.2129626909356843,-0.04569404163445254,1.4181118011294764,0.95,5000,0.00032464321360484584,True,p = 0.0002,p = 0.0003
ResNet18 - UNI,ResNet18,UNI,true_class,both_incorrect,attribution_occlusion_spearman,41,9,0.1436687774051568,0.12755517002850703,0.016113607376649783,425.0,0.9489011496671083,-0.08844946656770515,0.12948390566565704,-0.1490279862176069,0.16321204608779985,0.95,5000,1.0,False,p = 0.9489,p = 1.0000
ResNet18 - UNI,ResNet18,UNI,true_class,both_incorrect,top_target_logit_auc,43,9,0.22747438809466225,0.29143184694680824,-0.06395745885214597,416.0,0.4989088558659205,-0.3126998417168892,0.17950446473076173,-0.44970856709568935,0.33832081667740793,0.95,5000,0.4989088558659205,False,p = 0.4989,p = 0.4989
ResNet18 - UNI,ResNet18,UNI,true_class,both_incorrect,random_target_logit_auc,43,9,0.41216280700010793,0.61227767013655,-0.20011486313644217,352.0,0.14693411427560932,-0.4649756415198365,0.0724294810509611,-0.560806701406713,0.12421706131174766,0.95,5000,0.29386822855121864,False,p = 0.1469,p = 0.2939
ResNet18 - UNI,ResNet18,UNI,true_class,both_incorrect,bottom_target_logit_auc,43,9,0.7938753253303816,0.901094549032318,-0.10721922370193657,395.0,0.3529712356851178,-0.4227779444154937,0.20693142006179044,-0.683458360764261,0.4783350747944811,0.95,5000,1.0,False,p = 0.3530,p = 1.0000
ResNet18 - UNI,ResNet18,UNI,true_class,both_incorrect,top_minus_random_target_logit_auc,43,9,-0.18468841890544566,-0.32084582318974186,0.13615740428429612,371.0,0.2227998330367882,-0.11047033488109148,0.379810066730986,-0.23520921079474955,0.549643745363522,0.95,5000,0.6683994991103646,False,p = 0.2228,p = 0.6684
ResNet18 - UNI,ResNet18,UNI,true_class,both_incorrect,top_margin_auc,43,9,-2.055807602821394,-1.7814358366783276,-0.27437176614306696,432.0,0.6281421389451225,-0.7174297976978988,0.13135308286998143,-1.1840150189695045,0.48709097636961585,0.95,5000,0.6281421389451225,False,p = 0.6281,p = 0.6281
ResNet18 - UNI,ResNet18,UNI,true_class,both_incorrect,top_minus_random_margin_auc,43,9,-0.7102796402781508,-0.32710115457776684,-0.3831784857003841,339.0,0.10746957716969519,-0.7992696414793686,0.03178507020426254,-1.0578501779191811,0.23692387941009949,0.95,5000,0.21493915433939037,False,p = 0.1075,p = 0.2149
ResNet18 - UNI,ResNet18,UNI,true_class,both_incorrect,top_5_target_logit_drop,43,9,0.46860675201859586,0.2487241261053917,0.21988262591320415,470.0,0.9761677595085985,-0.26030707392668295,0.7555660175722698,-0.7504270712534586,1.2880976842603065,0.95,5000,1.0,False,p = 0.9762,p = 1.0000
ResNet18 - UNI,ResNet18,UNI,true_class,both_incorrect,top_10_target_logit_drop,43,9,0.8499719181726145,0.4463415297484675,0.403630388424147,404.0,0.4119664857769294,-0.22161302133571617,1.0539738674713082,-0.797882609456394,1.708863555985713,0.95,5000,0.8239329715538588,False,p = 0.4120,p = 0.8239
ResNet18 - UNI,ResNet18,UNI,true_class,both_incorrect,top_20_target_logit_drop,43,9,1.2014582015054172,0.7070638508100041,0.49439435069541293,385.0,0.29392051919694495,-0.25557652819484755,1.2377534082187478,-0.8264554447965412,2.1396738867614182,0.95,5000,0.5878410383938899,False,p = 0.2939,p = 0.5878
ResNet18 - UNI,ResNet18,UNI,true_class,both_incorrect,top_30_target_logit_drop,43,9,1.3663372222420782,0.9356819138277409,0.43065530841433725,399.0,0.37851510970267555,-0.36827172676404546,1.2418467539254303,-1.0108563009409626,2.2407696847757204,0.95,5000,0.7570302194053511,False,p = 0.3785,p = 0.7570
ResNet18 - UNI,ResNet18,UNI,true_class,both_incorrect,top_5_margin_drop,43,9,0.06932671957237774,0.13612557011981344,-0.06679885054743569,407.0,0.4328350866492201,-0.6714453861463898,0.5576145570638567,-1.1858000635060053,1.1891859619544647,0.95,5000,0.8656701732984402,False,p = 0.4328,p = 0.8657
ResNet18 - UNI,ResNet18,UNI,true_class,both_incorrect,top_10_margin_drop,43,9,0.1210586192996003,0.38794040957162546,-0.2668817902720252,361.0,0.18002465875906637,-1.0510400751302407,0.5660449340592981,-1.714699805129406,1.4987379312895368,0.95,5000,0.36004931751813274,False,p = 0.1800,p = 0.3600
ResNet18 - UNI,ResNet18,UNI,true_class,both_incorrect,top_20_margin_drop,43,9,0.0437800828800645,0.5018624898999237,-0.45808240701985914,347.0,0.13063861592263493,-1.3664451572784155,0.5154659942832103,-2.0229233756235665,1.3988977987582618,0.95,5000,0.3919158477679048,False,p = 0.1306,p = 0.3919
ResNet18 - UNI,ResNet18,UNI,true_class,both_incorrect,top_30_margin_drop,43,9,-0.2414799512818802,0.6272859822872073,-0.8687659335690875,295.0,0.03109551345141881,-1.859898055084916,0.13276200259840693,-2.7277723099176696,1.2841862697738353,0.95,5000,0.09328654035425643,False,p = 0.0311,p = 0.0933
ResNet18 - UNI,ResNet18,UNI,true_class,mixed,attribution_occlusion_spearman,34,9,0.13908851971119326,0.1385449767568097,0.000543542954383581,297.0,1.0,-0.09090682522259963,0.09391697968850031,-0.1064039365517607,0.11420237749532791,0.95,5000,1.0,False,p = 1.0000,p = 1.0000
ResNet18 - UNI,ResNet18,UNI,true_class,mixed,top_target_logit_auc,34,9,0.9950044771183884,1.0649448636029022,-0.069940386484514,271.0,0.6606290930649266,-0.4000748501409885,0.2617163524681334,-0.5535838395035231,0.42966548615590516,0.95,5000,1.0,False,p = 0.6606,p = 1.0000
ResNet18 - UNI,ResNet18,UNI,true_class,mixed,random_target_logit_auc,34,9,1.0321120879831998,1.603926618547891,-0.5718145305646912,151.0,0.011234543286263943,-0.9885260205276939,-0.18354149264872413,-1.2120251051768198,0.029683522865442322,0.95,5000,0.03370362985879183,True,p = 0.0112,p = 0.0337
ResNet18 - UNI,ResNet18,UNI,true_class,mixed,bottom_target_logit_auc,34,9,1.6157612121499638,1.8645171084098846,-0.24875589625992092,248.0,0.4069843718316406,-0.711690501377418,0.21346679277526306,-1.1018261590394571,0.6077607197055009,0.95,5000,0.4069843718316406,False,p = 0.4070,p = 0.4070
ResNet18 - UNI,ResNet18,UNI,true_class,mixed,top_minus_random_target_logit_auc,34,9,-0.03710761086481126,-0.5389817549449885,0.5018741440801772,87.0,0.0001502245431765914,0.26443135319479666,0.7235140354124836,0.19318099099793698,0.8454840315269877,0.95,5000,0.00024757394930929877,True,p = 0.0002,p = 0.0002
ResNet18 - UNI,ResNet18,UNI,true_class,mixed,top_margin_auc,34,9,-0.8891011309097795,-0.41491208225488657,-0.474189048654893,199.0,0.09414004837162793,-1.0443603873066605,0.10619681632365348,-1.1346325178526582,0.4254275245265293,0.95,5000,0.2824201451148838,False,p = 0.0941,p = 0.2824
ResNet18 - UNI,ResNet18,UNI,true_class,mixed,top_minus_random_margin_auc,34,9,-0.5783243961454205,-0.7852415235274854,0.206917127382065,246.0,0.3879865809576586,-0.14109544047103129,0.5892879038886162,-0.30710080250139954,0.7719458399210011,0.95,5000,0.3879865809576586,False,p = 0.3880,p = 0.3880
ResNet18 - UNI,ResNet18,UNI,true_class,mixed,top_5_target_logit_drop,34,9,0.5572100698071367,0.44928331076003175,0.10792675904710503,290.0,0.9059782412368804,-0.43518682308495044,0.6538659688003142,-0.8171281806901699,1.0337455207151574,0.95,5000,0.9059782412368804,False,p = 0.9060,p = 0.9060
ResNet18 - UNI,ResNet18,UNI,true_class,mixed,top_10_target_logit_drop,34,9,1.0044404259225463,0.6528884919141146,0.35155193400843177,269.0,0.6362982825376093,-0.288672773676979,1.0753505622296975,-0.7861577001703448,1.5561071739389913,0.95,5000,0.6362982825376093,False,p = 0.6363,p = 0.6363
ResNet18 - UNI,ResNet18,UNI,true_class,mixed,top_20_target_logit_drop,34,9,1.5904316798619487,1.095598302918541,0.4948333769434077,262.0,0.5542359455721453,-0.28099401480559333,1.3832890507463804,-0.946124514207364,2.0741100955702745,0.95,5000,0.5542359455721453,False,p = 0.5542,p = 0.5542
ResNet18 - UNI,ResNet18,UNI,true_class,mixed,top_30_target_logit_drop,34,9,1.9757074821082985,1.4769226425217794,0.49878483958651915,259.0,0.5206828033551574,-0.3372149938532589,1.4147406585240616,-0.9904319990552416,2.1171520074395174,0.95,5000,0.5206828033551574,False,p = 0.5207,p = 0.5207
ResNet18 - UNI,ResNet18,UNI,true_class,mixed,top_5_margin_drop,34,9,0.40392738230088177,0.5721823318916208,-0.16825494959073908,254.0,0.4671200201846659,-0.8846917345462476,0.5517859703039415,-1.3797562638918555,1.0085790425683017,0.95,5000,0.5640056044526318,False,p = 0.4671,p = 0.5640
ResNet18 - UNI,ResNet18,UNI,true_class,mixed,top_10_margin_drop,34,9,0.7826542749124414,0.9618305686642142,-0.17917629375177271,256.0,0.48818062560167164,-1.0214376286986995,0.7195550276952627,-1.7044213633467165,1.310835563439424,0.95,5000,0.5920214561800208,False,p = 0.4882,p = 0.5920
ResNet18 - UNI,ResNet18,UNI,true_class,mixed,top_20_margin_drop,34,9,1.2164497901411617,1.4354574224528145,-0.21900763231165268,256.0,0.48818062560167164,-1.2929515768499933,0.8905926235458426,-2.2265771404504773,1.7189452004432624,0.95,5000,0.9763612512033433,False,p = 0.4882,p = 0.9764
ResNet18 - UNI,ResNet18,UNI,true_class,mixed,top_30_margin_drop,34,9,1.4041837699273054,1.8520560264587402,-0.4478722565314349,251.0,0.43647122976835817,-1.7563036199878244,0.8728087337578042,-2.6800231357528403,1.761473868838844,0.95,5000,0.8729424595367163,False,p = 0.4365,p = 0.8729
ResNet18 - UNI,ResNet18,UNI,shared_prediction,all,attribution_occlusion_spearman,234,10,0.034177845907487514,0.170283234332765,-0.13610538842527747,7017.0,8.431707067244736e-11,-0.17399372350077197,-0.09786121981982712,-0.18849779818910578,-0.07484275851571055,0.95,5000,1.686341413448947e-10,True,p < 0.0001,p < 0.0001
ResNet18 - UNI,ResNet18,UNI,shared_prediction,all,top_target_logit_auc,234,10,2.5969233268131626,2.1656290500711366,0.4312942767420258,7929.0,1.989476349472762e-08,0.2815563352594478,0.5749050755720012,0.02115179815966826,0.7482947564129413,0.95,5000,3.978952698945524e-08,True,p < 0.0001,p < 0.0001
ResNet18 - UNI,ResNet18,UNI,shared_prediction,all,random_target_logit_auc,234,10,1.9013227928704464,2.737469421788795,-0.836146628918349,5324.0,4.441614737097563e-16,-1.0069264184585454,-0.6656182710148801,-1.345087036236739,-0.45051001775255783,0.95,5000,1.3324844211292689e-15,True,p < 0.0001,p < 0.0001
ResNet18 - UNI,ResNet18,UNI,shared_prediction,all,bottom_target_logit_auc,234,10,2.9477291083791193,2.9395416448290783,0.008187463550040398,13303.0,0.6680728545173735,-0.1597970211404399,0.17174137571114156,-0.5689376361875306,0.4774975925787841,0.95,5000,0.6680728545173735,False,p = 0.6681,p = 0.6681
ResNet18 - UNI,ResNet18,UNI,shared_prediction,all,top_minus_random_target_logit_auc,234,10,0.6956005339427158,-0.5718403717176591,1.267440905660375,491.0,1.91074715955711e-37,1.1549509893589291,1.381522289478104,1.0751314513596006,1.4725881318929,0.95,5000,5.73224147867133e-37,True,p < 0.0001,p < 0.0001
ResNet18 - UNI,ResNet18,UNI,shared_prediction,all,top_margin_auc,234,10,1.7072559383689847,1.4539223640074586,0.25333357436152604,11335.0,0.01995150071836027,0.053299584468969964,0.45589741604323053,-0.09197760997469324,0.5404077082270377,0.95,5000,0.01995150071836027,True,p = 0.0200,p = 0.0200
ResNet18 - UNI,ResNet18,UNI,shared_prediction,all,top_minus_random_margin_auc,234,10,0.7598638716244345,-0.8274077317363018,1.5872716033607361,782.0,6.80247621659169e-36,1.4200487692022008,1.757628462407113,1.3052947412857898,1.9371333019164554,0.95,5000,2.040742864977507e-35,True,p < 0.0001,p < 0.0001
ResNet18 - UNI,ResNet18,UNI,shared_prediction,all,top_5_target_logit_drop,234,10,0.6225653876606215,0.6173737945719662,0.005191593088655389,13489.0,0.8030773947926506,-0.14693477475362965,0.15925339725282442,-0.21717112088029758,0.2336840552945262,0.95,5000,0.8030773947926506,False,p = 0.8031,p = 0.8031
ResNet18 - UNI,ResNet18,UNI,shared_prediction,all,top_10_target_logit_drop,234,10,1.1412056491543086,0.8772586482202905,0.263947000934018,11018.0,0.008461987654239988,0.0774840391201214,0.4591309808465277,0.004159632426332004,0.5297434476344749,0.95,5000,0.008461987654239988,True,p = 0.0085,p = 0.0085
ResNet18 - UNI,ResNet18,UNI,shared_prediction,all,top_20_target_logit_drop,234,10,1.941404535697821,1.3049513206013248,0.6364532150964961,8299.0,1.472325696103679e-07,0.4178781346314484,0.8599788557077384,0.2955031566547036,0.960397235277438,0.95,5000,2.944651392207358e-07,True,p < 0.0001,p < 0.0001
ResNet18 - UNI,ResNet18,UNI,shared_prediction,all,top_30_target_logit_drop,234,10,2.6640493290451093,1.740179251974974,0.9238700770701354,6635.0,6.828795511482592e-12,0.6574783621371811,1.1746817496294775,0.48055638522739336,1.3490450835829517,0.95,5000,2.0486386534447775e-11,True,p < 0.0001,p < 0.0001
ResNet18 - UNI,ResNet18,UNI,shared_prediction,all,top_5_margin_drop,234,10,0.7095776174822425,0.8423512269798507,-0.13277360949760827,12406.0,0.19563069687971746,-0.3489232203198803,0.08878694802013198,-0.4264955783047247,0.1859066252477015,0.95,5000,0.2198477362817868,False,p = 0.1956,p = 0.2198
ResNet18 - UNI,ResNet18,UNI,shared_prediction,all,top_10_margin_drop,234,10,1.3215242211635296,1.172322327000463,0.1492018941630665,12712.0,0.3178370857805327,-0.13013424114921152,0.4277485959868653,-0.22226090723612518,0.5513215453737796,0.95,5000,0.3178370857805327,False,p = 0.3178,p = 0.3178
ResNet18 - UNI,ResNet18,UNI,shared_prediction,all,top_20_margin_drop,234,10,2.210512649554473,1.740949855910407,0.46956279364406556,10974.0,0.007461711270284372,0.12702128087990328,0.8185336189455965,0.022184278790932554,0.916730288381547,0.95,5000,0.007461711270284372,True,p = 0.0075,p = 0.0075
ResNet18 - UNI,ResNet18,UNI,shared_prediction,all,top_30_margin_drop,234,10,2.98948384120933,2.354275633636703,0.6352082075726273,9943.0,0.00024247940384627682,0.21974070798128087,1.0546748756789244,-0.026655142534278677,1.1857973846302032,0.95,5000,0.00048495880769255364,True,p = 0.0002,p = 0.0005
ResNet18 - UNI,ResNet18,UNI,shared_prediction,both_correct,attribution_occlusion_spearman,195,10,0.03193054796141403,0.16152852026891876,-0.1295979723075047,5076.0,1.3776946496202339e-08,-0.17167208272957624,-0.08846712649933067,-0.18287142803975173,-0.06980209414253795,0.95,5000,4.133083948860702e-08,True,p < 0.0001,p < 0.0001
ResNet18 - UNI,ResNet18,UNI,shared_prediction,both_correct,top_target_logit_auc,195,10,2.717783353342078,2.276547297230707,0.44123605611137096,5575.0,4.56456271607193e-07,0.2691120208575605,0.6079753325657964,-0.004969659718424243,0.7832326443711118,0.95,5000,9.12912543214386e-07,True,p < 0.0001,p < 0.0001
ResNet18 - UNI,ResNet18,UNI,shared_prediction,both_correct,random_target_logit_auc,195,10,1.9865425982101799,2.8569208016800576,-0.8703782034698779,3696.0,1.1279534590354085e-13,-1.0687654978332872,-0.6729801737025427,-1.402638211366777,-0.45660629769714656,0.95,5000,3.3838603771062255e-13,True,p < 0.0001,p < 0.0001
ResNet18 - UNI,ResNet18,UNI,shared_prediction,both_correct,bottom_target_logit_auc,195,10,3.0792784850891586,3.048633773009746,0.030644712079411947,9552.0,0.9969665826195799,-0.15726187933895444,0.20637847348383795,-0.5735488841812145,0.47854595210404877,0.95,5000,0.9969665826195799,False,p = 0.9970,p = 0.9970
ResNet18 - UNI,ResNet18,UNI,shared_prediction,both_correct,top_minus_random_target_logit_auc,195,10,0.7312407551318979,-0.5803735044493507,1.3116142595812486,294.0,8.307811051108831e-32,1.1834849513758643,1.4454632569011054,1.089531134435944,1.5485810982782804,0.95,5000,2.4923433153326493e-31,True,p < 0.0001,p < 0.0001
ResNet18 - UNI,ResNet18,UNI,shared_prediction,both_correct,top_margin_auc,195,10,1.8830452660719554,1.6714770930088485,0.21156817306310705,8312.0,0.11520415561417055,-0.0121583797102555,0.44449030405550416,-0.17351392497225385,0.5199584648915361,0.95,5000,0.11520415561417055,False,p = 0.1152,p = 0.1152
ResNet18 - UNI,ResNet18,UNI,shared_prediction,both_correct,top_minus_random_margin_auc,195,10,0.8216546425509912,-0.8144481309092579,1.636102773460249,620.0,1.0080824787727049e-29,1.4415182956726027,1.8319930280847532,1.3150869327504138,2.0594348736996277,0.95,5000,3.0242474363181145e-29,True,p < 0.0001,p < 0.0001
ResNet18 - UNI,ResNet18,UNI,shared_prediction,both_correct,top_5_target_logit_drop,195,10,0.58474760055542,0.6080472628275554,-0.023299662272135417,9390.0,0.8343694935880472,-0.198591616596931,0.15192556816797986,-0.2683134879503452,0.21637195195798695,0.95,5000,0.8343694935880472,False,p = 0.8344,p = 0.8344
ResNet18 - UNI,ResNet18,UNI,shared_prediction,both_correct,top_10_target_logit_drop,195,10,1.1105748073412822,0.8720201412836711,0.23855466605761114,8036.0,0.05422994558768484,0.016563793888840928,0.46553118170453944,-0.04889241882778219,0.5430754064299855,0.95,5000,0.05422994558768484,False,p = 0.0542,p = 0.0542
ResNet18 - UNI,ResNet18,UNI,shared_prediction,both_correct,top_20_target_logit_drop,195,10,1.9705991799632707,1.3090410492359064,0.6615581307273645,5880.0,3.204663333806592e-06,0.40031075365936913,0.9338863636276279,0.3169187003511166,1.0310790890861863,0.95,5000,6.409326667613184e-06,True,p < 0.0001,p < 0.0001
ResNet18 - UNI,ResNet18,UNI,shared_prediction,both_correct,top_30_target_logit_drop,195,10,2.725270582640018,1.7859068770439197,0.9393637055960985,4903.0,3.738261456234695e-09,0.6357185555278109,1.2457338327121656,0.47421773943021717,1.4129910968084378,0.95,5000,9.15150332790131e-09,True,p < 0.0001,p < 0.0001
ResNet18 - UNI,ResNet18,UNI,shared_prediction,both_correct,top_5_margin_drop,195,10,0.6710236488244472,0.7805262742898403,-0.10950262546539306,8632.0,0.24212268106169887,-0.35153243040427185,0.13128587485888052,-0.40056021194965175,0.1949430192665841,0.95,5000,0.24212268106169887,False,p = 0.2421,p = 0.2421
ResNet18 - UNI,ResNet18,UNI,shared_prediction,both_correct,top_10_margin_drop,195,10,1.3045881094076694,1.120532946097545,0.18405516331012434,8738.0,0.3004979531355342,-0.13302361287367648,0.4960499027371401,-0.21318195875079649,0.5873143869485945,0.95,5000,0.3004979531355342,False,p = 0.3005,p = 0.3005
ResNet18 - UNI,ResNet18,UNI,shared_prediction,both_correct,top_20_margin_drop,195,10,2.301685353731498,1.6973387929109427,0.604346560820555,7162.0,0.0024245972926884808,0.22135290359839416,0.9878592320588907,0.08698314456762418,1.1010515729329375,0.95,5000,0.0024245972926884808,True,p = 0.0024,p = 0.0024
ResNet18 - UNI,ResNet18,UNI,shared_prediction,both_correct,top_30_margin_drop,195,10,3.132563530176114,2.3765185340856894,0.7560449960904244,6579.0,0.00016232160680242292,0.26572985186026654,1.2366863216421535,-0.07308429805972777,1.414705571207965,0.95,5000,0.00032464321360484584,True,p = 0.0002,p = 0.0003
ResNet18 - UNI,ResNet18,UNI,shared_prediction,both_incorrect,attribution_occlusion_spearman,39,9,0.045414335637854956,0.21405680465199622,-0.16864246901414134,162.0,0.0010550297411100473,-0.2602224288533823,-0.07482855679090288,-0.3099539009722937,-0.02187949853196595,0.95,5000,0.0021100594822200947,True,p = 0.0011,p = 0.0021
ResNet18 - UNI,ResNet18,UNI,shared_prediction,both_incorrect,top_target_logit_auc,39,9,1.9926231941685846,1.6110378142732837,0.3815853798953004,220.0,0.016812384987133555,0.09734855758515784,0.660137640194824,-0.043540858769596624,0.8266526715122159,0.95,5000,0.03362476997426711,True,p = 0.0168,p = 0.0336
ResNet18 - UNI,ResNet18,UNI,shared_prediction,both_incorrect,random_target_logit_auc,39,9,1.4752237661717795,2.1402125223324853,-0.6649887561607056,152.0,0.0005927568454353604,-1.015583433877104,-0.33001713657130805,-1.233232250937377,-0.17921084136731746,0.95,5000,0.0017782705363060813,True,p = 0.0006,p = 0.0018
ResNet18 - UNI,ResNet18,UNI,shared_prediction,both_incorrect,bottom_target_logit_auc,39,9,2.2899822248289223,2.394081003925739,-0.10409877909681736,328.0,0.39491474161695805,-0.45744373322583914,0.2800634227673976,-0.848436043675451,0.6669565832606462,0.95,5000,0.39491474161695805,False,p = 0.3949,p = 0.3949
ResNet18 - UNI,ResNet18,UNI,shared_prediction,both_incorrect,top_minus_random_target_logit_auc,39,9,0.517399427996805,-0.529174708059201,1.046574136056006,22.0,1.949956640601158e-09,0.8286021865049427,1.2533630644041707,0.7230491849447874,1.3891987972950715,0.95,5000,5.8498699218034744e-09,True,p < 0.0001,p < 0.0001
ResNet18 - UNI,ResNet18,UNI,shared_prediction,both_incorrect,top_margin_auc,39,9,0.8283092998541318,0.36614871900051077,0.4621605808536212,224.0,0.019712610832357313,0.10507183608718411,0.7919289301603267,-0.09557887303064858,0.9814861206803465,0.95,5000,0.03942522166471463,True,p = 0.0197,p = 0.0394
ResNet18 - UNI,ResNet18,UNI,shared_prediction,both_incorrect,top_minus_random_margin_auc,39,9,0.45091001699165173,-0.8922057358715205,1.3431157528631723,11.0,2.000888343900442e-10,1.0881696274687345,1.5839120865165166,1.0197897528060744,1.7050311326080823,0.95,5000,6.002665031701326e-10,True,p < 0.0001,p < 0.0001
ResNet18 - UNI,ResNet18,UNI,shared_prediction,both_incorrect,top_5_target_logit_drop,39,9,0.8116543231866299,0.6640064532940204,0.14764786989260945,299.0,0.20911925441032508,-0.12126773316890757,0.4031796281154338,-0.24723808167611824,0.576504162887823,0.95,5000,0.6273577632309753,False,p = 0.2091,p = 0.6274
ResNet18 - UNI,ResNet18,UNI,shared_prediction,both_incorrect,top_10_target_logit_drop,39,9,1.2943598582194402,0.9034511829033877,0.39090867531605256,226.0,0.02131569682751433,0.08938479389135656,0.690368533707582,-0.05364325686235619,0.8289219437057118,0.95,5000,0.06394709048254299,False,p = 0.0213,p = 0.0639
ResNet18 - UNI,ResNet18,UNI,shared_prediction,both_incorrect,top_20_target_logit_drop,39,9,1.7954313143705711,1.2845026774284167,0.5109286369421543,200.0,0.0071616245368204545,0.17639471571414903,0.8396165089347423,-0.012650250097283428,0.9469202015725665,0.95,5000,0.021484873610461364,True,p = 0.0072,p = 0.0215
ResNet18 - UNI,ResNet18,UNI,shared_prediction,both_incorrect,top_30_target_logit_drop,39,9,2.3579430610705643,1.5115411266302452,0.8464019344403193,112.0,4.081365477759391e-05,0.5083084997076256,1.1720336485749634,0.3136190272032559,1.3197855013093547,0.95,5000,0.00012244096433278173,True,p < 0.0001,p = 0.0001
ResNet18 - UNI,ResNet18,UNI,shared_prediction,both_incorrect,top_5_margin_drop,39,9,0.9023474607712183,1.1514759904299028,-0.24912852965868437,345.0,0.5387090673102648,-0.7686622566519639,0.25641184422450164,-1.2656046375110384,0.7339796660201886,0.95,5000,1.0,False,p = 0.5387,p = 1.0000
ResNet18 - UNI,ResNet18,UNI,shared_prediction,both_incorrect,top_10_margin_drop,39,9,1.4062047799428303,1.431269231515053,-0.025064451572222587,375.0,0.841433030407643,-0.6687024533748626,0.6274758100127541,-1.1285923342461939,1.111855068703492,0.95,5000,1.0,False,p = 0.8414,p = 1.0000
ResNet18 - UNI,ResNet18,UNI,shared_prediction,both_incorrect,top_20_margin_drop,39,9,1.7546491286693475,1.9590051709077296,-0.2043560422383822,376.0,0.8522410723089706,-0.8489992273541597,0.4634235783265185,-1.1065638032134004,0.7452813254979742,0.95,5000,1.0,False,p = 0.8522,p = 1.0000
ResNet18 - UNI,ResNet18,UNI,shared_prediction,both_incorrect,top_30_margin_drop,39,9,2.2740853963754115,2.24306113139177,0.031024264983641796,365.0,0.7352661001932574,-0.7022948778592623,0.7318096345815895,-0.9173092004671995,1.056495257485814,0.95,5000,1.0,False,p = 0.7353,p = 1.0000
DINOv2 - UNI,DINOv2,UNI,true_class,all,attribution_occlusion_spearman,272,10,0.05121399760179356,0.1530889757388255,-0.10187497813703196,10809.0,2.3429146263183464e-09,-0.13218795066953212,-0.07139021254774618,-0.14989748930736407,-0.06278341103485033,0.95,5000,7.028743878955039e-09,True,p < 0.0001,p < 0.0001
DINOv2 - UNI,DINOv2,UNI,true_class,all,top_target_logit_auc,272,10,1.7663633930325673,1.811273594636762,-0.044910201604194726,17490.0,0.40819349324654297,-0.16702575248865978,0.08125225244513785,-0.32098184568892657,0.2399862390112923,0.95,5000,0.40819349324654297,False,p = 0.4082,p = 0.4082
DINOv2 - UNI,DINOv2,UNI,true_class,all,random_target_logit_auc,272,10,2.0352985381756508,2.3454448572577618,-0.3101463190821104,12374.0,1.871208044872621e-06,-0.4350707723545929,-0.18847209203725962,-0.6591646808960516,-0.017041439011671024,0.95,5000,1.871208044872621e-06,True,p < 0.0001,p < 0.0001
DINOv2 - UNI,DINOv2,UNI,true_class,all,bottom_target_logit_auc,272,10,2.2282070998047647,2.5611185037912736,-0.332911403986509,12331.0,1.5868766551015335e-06,-0.465697315351482,-0.20031556830830075,-0.7221670039333912,0.0020415209069106414,0.95,5000,4.760629965304601e-06,True,p < 0.0001,p < 0.0001
DINOv2 - UNI,DINOv2,UNI,true_class,all,top_minus_random_target_logit_auc,272,10,-0.2689351451430839,-0.5341712626209997,0.26523611747791564,9355.0,1.3241642843905824e-12,0.1946948975372502,0.33331122780042005,0.10978062154606928,0.4277307810404729,0.95,5000,1.3241642843905824e-12,True,p < 0.0001,p < 0.0001
DINOv2 - UNI,DINOv2,UNI,true_class,all,top_margin_auc,272,10,0.3981049580006477,0.8648135344223941,-0.46670857642174646,11235.0,1.6615272139276593e-08,-0.6261721517412704,-0.30624853772508465,-0.6906329444521636,-0.2532249919252333,0.95,5000,4.9845816417829775e-08,True,p < 0.0001,p < 0.0001
DINOv2 - UNI,DINOv2,UNI,true_class,all,top_minus_random_margin_auc,272,10,-0.3672167867764595,-0.7337534815223667,0.36653669474590733,9792.0,1.4260766996458708e-11,0.2730356393671075,0.45955940069188306,0.2015529569094502,0.5454785698949736,0.95,5000,1.4260766996458708e-11,True,p < 0.0001,p < 0.0001
DINOv2 - UNI,DINOv2,UNI,true_class,all,top_5_target_logit_drop,272,10,0.3693031693931998,0.5313970082343611,-0.1620938388411613,13345.0,5.842069203653241e-05,-0.3176599674036398,0.001984236174372458,-0.62205190317905,0.31337796901709364,0.95,5000,0.00017526207610959723,True,p < 0.0001,p = 0.0002
DINOv2 - UNI,DINOv2,UNI,true_class,all,top_10_target_logit_drop,272,10,0.49141971662859707,0.7773339046124259,-0.2859141879838289,13123.0,2.78879775121858e-05,-0.46954893207516496,-0.09725101114599978,-0.804456595961791,0.24524101883501365,0.95,5000,5.57759550243716e-05,True,p < 0.0001,p < 0.0001
DINOv2 - UNI,DINOv2,UNI,true_class,all,top_20_target_logit_drop,272,10,0.7775420177221188,1.187195192959788,-0.40965317523766903,13797.0,0.0002415844688529654,-0.6450814858867648,-0.17290571421683448,-1.0521480801709457,0.2553082142380198,0.95,5000,0.0002415844688529654,True,p = 0.0002,p = 0.0002
DINOv2 - UNI,DINOv2,UNI,true_class,all,top_30_target_logit_drop,272,10,1.1390727170715655,1.6128732836908004,-0.4738005666192347,13903.0,0.00033145214492199664,-0.7504728693332734,-0.20222606033280263,-1.2509511339064638,0.2670029442172381,0.95,5000,0.00033145214492199664,True,p = 0.0003,p = 0.0003
DINOv2 - UNI,DINOv2,UNI,true_class,all,top_5_margin_drop,272,10,0.2520541176199913,0.6526111113455366,-0.40055699372554526,12164.0,8.283058298880514e-07,-0.5749806676114745,-0.2238249652361607,-0.8127675447352539,0.04225666011173376,0.95,5000,2.4849174896641542e-06,True,p < 0.0001,p < 0.0001
DINOv2 - UNI,DINOv2,UNI,true_class,all,top_10_margin_drop,272,10,0.41380833461880684,0.9848808876293547,-0.5710725530105478,11568.0,7.142420880899727e-08,-0.7943606165128158,-0.3466526716454507,-1.046077271228035,-0.11133720178789855,0.95,5000,2.1427262642699182e-07,True,p < 0.0001,p < 0.0001
DINOv2 - UNI,DINOv2,UNI,true_class,all,top_20_margin_drop,272,10,0.7944206981097951,1.4756128825247288,-0.6811921844149337,12704.0,6.399891155030823e-06,-0.958092172372648,-0.4035935738507439,-1.302308092150004,-0.07989453112580108,0.95,5000,1.919967346509247e-05,True,p < 0.0001,p < 0.0001
DINOv2 - UNI,DINOv2,UNI,true_class,all,top_30_margin_drop,272,10,1.3045126997372682,2.0344276333994724,-0.7299149336622042,13352.0,5.977175077261944e-05,-1.0578583385083167,-0.39959785359199435,-1.4502165687741628,-0.05973977200565023,0.95,5000,0.00012646496841154699,True,p < 0.0001,p = 0.0001
DINOv2 - UNI,DINOv2,UNI,true_class,both_correct,attribution_occlusion_spearman,188,10,0.04470436548658913,0.15786214683923033,-0.1131577813526412,4770.0,3.684648668636313e-08,-0.152318606580834,-0.07638758544364206,-0.16047762744526564,-0.06753944462859006,0.95,5000,7.369297337272627e-08,True,p < 0.0001,p < 0.0001
DINOv2 - UNI,DINOv2,UNI,true_class,both_correct,top_target_logit_auc,188,10,2.177034182982777,2.3141194974468586,-0.13708531446408162,7595.0,0.08470517692464422,-0.2848499859987505,0.007998944812892731,-0.5053419819539029,0.2442286194120971,0.95,5000,0.08470517692464422,False,p = 0.0847,p = 0.0847
DINOv2 - UNI,DINOv2,UNI,true_class,both_correct,random_target_logit_auc,188,10,2.484649830162178,2.914930179227698,-0.43028034906552,4845.0,6.482758624735988e-08,-0.5788554602332086,-0.2860149107378365,-0.8583701872711919,-0.03585983134741353,0.95,5000,1.2965517249471975e-07,True,p < 0.0001,p < 0.0001
DINOv2 - UNI,DINOv2,UNI,true_class,both_correct,bottom_target_logit_auc,188,10,2.6998621536854737,3.0976287190624054,-0.39776656537693234,5247.0,1.1338438899084192e-06,-0.5544581907099867,-0.24247805381223492,-0.8730328697122317,0.030098461277599676,0.95,5000,3.4015316697252575e-06,True,p < 0.0001,p < 0.0001
DINOv2 - UNI,DINOv2,UNI,true_class,both_correct,top_minus_random_target_logit_auc,188,10,-0.30761564717940154,-0.60081068178084,0.2931950346014383,3796.0,9.824176377663518e-12,0.22136220933743778,0.3710892257736586,0.16468543745612585,0.4250123662670117,0.95,5000,9.824176377663518e-12,True,p < 0.0001,p < 0.0001
DINOv2 - UNI,DINOv2,UNI,true_class,both_correct,top_margin_auc,188,10,0.9394472422355666,1.6922192226223491,-0.7527719803867822,3391.0,1.9649970676864048e-13,-0.9267829071250844,-0.5856478680392849,-1.0884601097546411,-0.41998529943542484,0.95,5000,5.894991203059214e-13,True,p < 0.0001,p < 0.0001
DINOv2 - UNI,DINOv2,UNI,true_class,both_correct,top_minus_random_margin_auc,188,10,-0.44363644856147144,-0.8630952176945088,0.419458769133037,4063.0,1.1062413232267864e-10,0.3047249335065073,0.5339776614602739,0.259329735321274,0.5854034421634999,0.95,5000,1.1062413232267864e-10,True,p < 0.0001,p < 0.0001
DINOv2 - UNI,DINOv2,UNI,true_class,both_correct,top_5_target_logit_drop,188,10,0.4360704437849369,0.6272057783096394,-0.19113533452470252,6137.0,0.0002373114526124155,-0.3827232404354405,0.008521756442620272,-0.68469805298107,0.2968541004953262,0.95,5000,0.0007119343578372465,True,p = 0.0002,p = 0.0007
DINOv2 - UNI,DINOv2,UNI,true_class,both_correct,top_10_target_logit_drop,188,10,0.6403255814567526,0.891777735441289,-0.2514521539845365,6443.0,0.0010908182707318112,-0.471055043385701,-0.018248486883462766,-0.7722199058941295,0.2770778058380076,0.95,5000,0.0021816365414636225,True,p = 0.0011,p = 0.0022
DINOv2 - UNI,DINOv2,UNI,true_class,both_correct,top_20_target_logit_drop,188,10,0.9418698741876065,1.3335065030037088,-0.3916366288161024,6691.0,0.0033458371939304064,-0.6702975072105356,-0.10901768820637729,-1.0417993456778734,0.23119489161398765,0.95,5000,0.0033458371939304064,True,p = 0.0033,p = 0.0033
DINOv2 - UNI,DINOv2,UNI,true_class,both_correct,top_30_target_logit_drop,188,10,1.359502887036255,1.816300742011121,-0.4567978549748659,6661.0,0.00293760070011296,-0.7733168021954119,-0.12857864287562995,-1.2289399216475647,0.25146270476407523,0.95,5000,0.00293760070011296,True,p = 0.0029,p = 0.0029
DINOv2 - UNI,DINOv2,UNI,true_class,both_correct,top_5_margin_drop,188,10,0.3900373318093888,0.8274827368081884,-0.4374454049987996,5692.0,1.9440666222441367e-05,-0.6575482349208694,-0.22285679117479232,-0.852903890647317,-0.04498256713353158,0.95,5000,5.83219986673241e-05,True,p < 0.0001,p < 0.0001
DINOv2 - UNI,DINOv2,UNI,true_class,both_correct,top_10_margin_drop,188,10,0.6974022829152168,1.1927663417572671,-0.49536405884205026,5882.0,5.896851387607227e-05,-0.7590848430832648,-0.22527694013366079,-0.9738962057780094,0.00788396379077861,0.95,5000,0.00017690554162821682,True,p < 0.0001,p = 0.0002
DINOv2 - UNI,DINOv2,UNI,true_class,both_correct,top_20_margin_drop,188,10,1.1377006686748343,1.7989327308345349,-0.6612320621597007,6156.0,0.0002620911119270015,-0.9954828065602067,-0.3318969116803817,-1.3008855602492218,0.015748391582879894,0.95,5000,0.000524182223854003,True,p = 0.0003,p = 0.0005
DINOv2 - UNI,DINOv2,UNI,true_class,both_correct,top_30_margin_drop,188,10,1.7923602594974193,2.4951219647488694,-0.7027617052514502,6541.0,0.001719621247121587,-1.1055180521245966,-0.30502498549349766,-1.4910015086704014,0.04517978632193875,0.95,5000,0.001719621247121587,True,p = 0.0017,p = 0.0017
DINOv2 - UNI,DINOv2,UNI,true_class,both_incorrect,attribution_occlusion_spearman,44,9,0.05650101090868313,0.1027247951468401,-0.04622378423815698,401.0,0.27819965899993804,-0.1154481409351394,0.023066752365379965,-0.18781747345683,0.07209723285387291,0.95,5000,0.8345989769998141,False,p = 0.2782,p = 0.8346
DINOv2 - UNI,DINOv2,UNI,true_class,both_incorrect,top_target_logit_auc,44,9,0.5877621311588551,0.39194892386718005,0.19581320729167515,393.0,0.23879677083414208,-0.06682681068272693,0.462886689656076,-0.20735502810662895,0.7352257188881093,0.95,5000,0.47759354166828416,False,p = 0.2388,p = 0.4776
DINOv2 - UNI,DINOv2,UNI,true_class,both_incorrect,random_target_logit_auc,44,9,0.7369398634351619,0.6089478411215665,0.1279920223135956,402.0,0.28341325604878875,-0.11785369520576001,0.3567953667866886,-0.22692072139673714,0.41677485221108146,0.95,5000,0.29386822855121864,False,p = 0.2834,p = 0.2939
DINOv2 - UNI,DINOv2,UNI,true_class,both_incorrect,bottom_target_logit_auc,44,9,0.870227458675138,0.8547130585690451,0.015514400106092811,481.0,0.876064671364702,-0.2530538702482061,0.27751121471180906,-0.37388830851918553,0.32098585267049745,0.95,5000,1.0,False,p = 0.8761,p = 1.0000
DINOv2 - UNI,DINOv2,UNI,true_class,both_incorrect,top_minus_random_target_logit_auc,44,9,-0.1491777322763069,-0.21699891725438647,0.06782118497807953,484.0,0.9034548557265225,-0.14680047290690718,0.3000574617939028,-0.27425435052071556,0.5287683151877853,0.95,5000,1.0,False,p = 0.9035,p = 1.0000
DINOv2 - UNI,DINOv2,UNI,true_class,both_incorrect,top_margin_auc,44,9,-1.1443141263316978,-1.6007540125399826,0.4564398862082851,338.0,0.06747004004739665,0.06522269338792709,0.8427550160986456,-0.1998866009542957,1.2806070945822128,0.95,5000,0.1349400800947933,False,p = 0.0675,p = 0.1349
DINOv2 - UNI,DINOv2,UNI,true_class,both_incorrect,top_minus_random_margin_auc,44,9,-0.1354366092858568,-0.22424230722456498,0.08880569793870814,484.0,0.9034548557265225,-0.17173282870143822,0.37417400187256605,-0.2563694800741308,0.58025931457774,0.95,5000,0.9034548557265225,False,p = 0.9035,p = 0.9035
DINOv2 - UNI,DINOv2,UNI,true_class,both_incorrect,top_5_target_logit_drop,44,9,0.13230704655870795,0.07382785241034898,0.058479194148358976,488.0,0.940145439269827,-0.33552722540493546,0.46855445960536546,-0.8711625240717287,0.8411914427469003,0.95,5000,1.0,False,p = 0.9401,p = 1.0000
DINOv2 - UNI,DINOv2,UNI,true_class,both_incorrect,top_10_target_logit_drop,44,9,-0.01708098128437996,0.15125617173246364,-0.16833715301684363,449.0,0.5988264708680617,-0.7047841606661676,0.34880599664439527,-1.2773839107687983,0.6793401237841044,0.95,5000,0.8239329715538588,False,p = 0.5988,p = 0.8239
DINOv2 - UNI,DINOv2,UNI,true_class,both_incorrect,top_20_target_logit_drop,44,9,0.25240429147908633,0.349601690333326,-0.09719739885423967,490.0,0.9585423664533437,-0.7900952630881709,0.5756411119924114,-1.537179437404127,0.996334026805744,0.95,5000,0.9585423664533437,False,p = 0.9585,p = 0.9585
DINOv2 - UNI,DINOv2,UNI,true_class,both_incorrect,top_30_target_logit_drop,44,9,0.5107444026930765,0.5546865291385488,-0.04394212644547222,482.0,0.8851802090905494,-0.7797182771864092,0.6808230262905868,-1.6652976607521757,1.2237268180882916,0.95,5000,0.8851802090905494,False,p = 0.8852,p = 0.8852
DINOv2 - UNI,DINOv2,UNI,true_class,both_incorrect,top_5_margin_drop,44,9,-0.3383876925165003,-0.01798210834914987,-0.32040558416735043,378.0,0.17569110415604428,-0.78106368671764,0.16231111853637403,-1.30391950044367,0.50097224310293,0.95,5000,0.5270733124681328,False,p = 0.1757,p = 0.5271
DINOv2 - UNI,DINOv2,UNI,true_class,both_incorrect,top_10_margin_drop,44,9,-0.6725982237945903,0.11796363917264067,-0.7905618629672311,288.0,0.01490898651900352,-1.4125085519796066,-0.23648687709461633,-1.975624045940888,0.030338387800299235,0.95,5000,0.04472695955701056,True,p = 0.0149,p = 0.0447
DINOv2 - UNI,DINOv2,UNI,true_class,both_incorrect,top_20_margin_drop,44,9,-0.4396830174055966,0.16689026897603815,-0.6065732863816348,386.0,0.20763397786879523,-1.397203944962133,0.11030296493660316,-2.0623671665527104,0.3981707778149499,0.95,5000,0.41526795573759046,False,p = 0.2076,p = 0.4153
DINOv2 - UNI,DINOv2,UNI,true_class,both_incorrect,top_30_margin_drop,44,9,-0.3057760840112513,0.27210443128239026,-0.5778805152936415,413.0,0.34502023502784596,-1.4043533636087722,0.21104965440251608,-1.9927759993381988,0.5343824654214059,0.95,5000,0.6900404700556919,False,p = 0.3450,p = 0.6900
DINOv2 - UNI,DINOv2,UNI,true_class,mixed,attribution_occlusion_spearman,40,10,0.07599355390567578,0.18605567021810676,-0.11006211631243099,230.0,0.014677642795504653,-0.18846363225341076,-0.030744052267529427,-0.2089867233322636,-0.011316008718117032,0.95,5000,0.029355285591009306,True,p = 0.0147,p = 0.0294
DINOv2 - UNI,DINOv2,UNI,true_class,mixed,top_target_logit_auc,40,10,1.1326720683276652,1.0091549892758487,0.12351707905181679,375.0,0.6463036218483467,-0.22395960241940335,0.4698367120372712,-0.3703394638197118,0.6511582368985621,0.95,5000,1.0,False,p = 0.6463,p = 1.0000
DINOv2 - UNI,DINOv2,UNI,true_class,mixed,random_target_logit_auc,40,10,1.3515420080535112,1.5790105617488734,-0.227468553695362,319.0,0.22650754260575923,-0.595625331551535,0.13952695677644808,-0.7454664330920785,0.27587299879757426,0.95,5000,0.39268896378825957,False,p = 0.2265,p = 0.3927
DINOv2 - UNI,DINOv2,UNI,true_class,mixed,bottom_target_logit_auc,40,10,1.5052059518080205,1.9165664817614014,-0.41136052995338107,255.0,0.0368489142110775,-0.7877685811189004,-0.03753155383034052,-0.9539287578224794,0.08747357094356494,0.95,5000,0.1105467426332325,False,p = 0.0368,p = 0.1105
DINOv2 - UNI,DINOv2,UNI,true_class,mixed,top_minus_random_target_logit_auc,40,10,-0.21886993972584606,-0.5698555724730249,0.35098563274717887,131.0,8.252464976976626e-05,0.1981562252725998,0.4993598858081967,0.14639108881305438,0.5593562600939935,0.95,5000,0.00024757394930929877,True,p < 0.0001,p = 0.0002
DINOv2 - UNI,DINOv2,UNI,true_class,mixed,top_margin_auc,40,10,-0.44954278513789186,-0.31186889845877885,-0.1376738866791129,346.0,0.3974238318751304,-0.6285612297561016,0.35765886800084207,-0.8334618358394581,0.6810717136512845,0.95,5000,0.7948476637502608,False,p = 0.3974,p = 0.7948
DINOv2 - UNI,DINOv2,UNI,true_class,mixed,top_minus_random_margin_auc,40,10,-0.2630025716265664,-0.6863096132408828,0.4233070416143164,148.0,0.00024816789118631277,0.22529324470038412,0.6188386353446693,0.1835965375942444,0.664329390688882,0.95,5000,0.0007445036735589383,True,p = 0.0002,p = 0.0007
DINOv2 - UNI,DINOv2,UNI,true_class,mixed,top_5_target_logit_drop,40,10,0.316192714869976,0.584421860286966,-0.26822914541698994,205.0,0.005096850996778812,-0.5866899215802549,0.10713197192642807,-0.6811414133892544,0.1742701589954206,0.95,5000,0.015290552990336437,True,p = 0.0051,p = 0.0153
DINOv2 - UNI,DINOv2,UNI,true_class,mixed,top_10_target_logit_drop,40,10,0.35091291964054105,0.9281334058847278,-0.5772204862441868,151.0,0.00029818139228154905,-0.9504269791767,-0.12942635067156522,-1.0951765966137152,0.003988149850554778,0.95,5000,0.0008945441768446472,True,p = 0.0003,p = 0.0009
DINOv2 - UNI,DINOv2,UNI,true_class,mixed,top_20_target_logit_drop,40,10,0.582852591201663,1.4208848886424676,-0.8380322974408045,154.0,0.0003571899414964719,-1.2856502155488123,-0.35655446249176775,-1.4664179228628291,-0.2258617078081327,0.95,5000,0.0010715698244894156,True,p = 0.0004,p = 0.0011
DINOv2 - UNI,DINOv2,UNI,true_class,mixed,top_30_target_logit_drop,40,10,0.7942120640538632,1.82076965959277,-1.0265575955389068,161.0,0.0005381573264457984,-1.6008114615804514,-0.4432810478017201,-1.8026518860849603,-0.24437728913047885,0.95,5000,0.0016144719793373952,True,p = 0.0005,p = 0.0016
DINOv2 - UNI,DINOv2,UNI,true_class,mixed,top_5_margin_drop,40,10,0.2530190020799637,0.568367013335228,-0.3153480112552643,235.0,0.017831046616265667,-0.683353392779827,0.06952440455555911,-0.8178291117873143,0.198012043412769,0.95,5000,0.053493139848797,False,p = 0.0178,p = 0.0535
DINOv2 - UNI,DINOv2,UNI,true_class,mixed,top_10_margin_drop,40,10,0.27596399188041687,0.9614282265305519,-0.6854642346501351,202.0,0.004444812017027289,-1.1643559395894407,-0.17374199569225363,-1.3158524793950286,-0.017589400082678106,0.95,5000,0.013334436051081866,True,p = 0.0044,p = 0.0133
DINOv2 - UNI,DINOv2,UNI,true_class,mixed,top_20_margin_drop,40,10,0.5385189235210419,1.3956044703722,-0.8570855468511581,236.0,0.01852677657188906,-1.5424231918901203,-0.16343502424657355,-1.6854330237841963,-0.017715340623998772,0.95,5000,0.055580329715667176,False,p = 0.0185,p = 0.0556
DINOv2 - UNI,DINOv2,UNI,true_class,mixed,top_30_margin_drop,40,10,0.7829468309879303,1.8077197983860969,-1.0247729673981667,229.0,0.0141080951798358,-1.7684974190220235,-0.2655330219492316,-1.934034558657616,-0.10898610080281969,0.95,5000,0.0423242855395074,True,p = 0.0141,p = 0.0423
DINOv2 - UNI,DINOv2,UNI,shared_prediction,all,attribution_occlusion_spearman,229,10,0.0501849748122163,0.17142420192312954,-0.12123922711091323,6551.0,4.326671267718738e-11,-0.15432740770768397,-0.08905326116763214,-0.1668745220611753,-0.07573382821610432,0.95,5000,1.2980013803156213e-10,True,p < 0.0001,p < 0.0001
DINOv2 - UNI,DINOv2,UNI,shared_prediction,all,top_target_logit_auc,229,10,2.0375258279561703,2.1734433213773485,-0.13591749342117765,11160.0,0.04547879615081937,-0.26548336787540744,0.0006217427105097959,-0.4889177021796183,0.20889278184061505,0.95,5000,0.04547879615081937,True,p = 0.0455,p = 0.0455
DINOv2 - UNI,DINOv2,UNI,shared_prediction,all,random_target_logit_auc,229,10,2.3495957366579243,2.7561800911990058,-0.40658435454108144,7483.0,1.4803466860470385e-08,-0.5378998213927525,-0.2788012081389183,-0.84790057697951,-0.028659816615470395,0.95,5000,2.960693372094077e-08,True,p < 0.0001,p < 0.0001
DINOv2 - UNI,DINOv2,UNI,shared_prediction,all,bottom_target_logit_auc,229,10,2.5563744290556967,2.9486441597049673,-0.39226973064927045,7918.0,1.6913642764885305e-07,-0.5355742188918865,-0.2494916470600985,-0.8860585697960907,0.015429905803362712,0.95,5000,3.382728552977061e-07,True,p < 0.0001,p < 0.0001
DINOv2 - UNI,DINOv2,UNI,shared_prediction,all,top_minus_random_target_logit_auc,229,10,-0.31206990870175366,-0.5827367698216576,0.2706668611199038,5912.0,4.861616570776822e-13,0.20392393039646217,0.33423894442976293,0.13642689206720784,0.41234579781405273,0.95,5000,4.861616570776822e-13,True,p < 0.0001,p < 0.0001
DINOv2 - UNI,DINOv2,UNI,shared_prediction,all,top_margin_auc,229,10,0.7791158174778697,1.4510280379887233,-0.6719122205108535,5662.0,7.534577027964519e-14,-0.8241483002512279,-0.5217242795843875,-0.998009609936665,-0.3678774197013476,0.95,5000,1.5069154055929038e-13,True,p < 0.0001,p < 0.0001
DINOv2 - UNI,DINOv2,UNI,shared_prediction,all,top_minus_random_margin_auc,229,10,-0.4439041442202209,-0.8636387333444698,0.4197345891242489,5488.0,1.9853996927755688e-14,0.32087062325699195,0.5160952405413455,0.3031389230439031,0.5508421719264504,0.95,5000,1.9853996927755688e-14,True,p < 0.0001,p < 0.0001
DINOv2 - UNI,DINOv2,UNI,shared_prediction,all,top_5_target_logit_drop,229,10,0.4959920335024205,0.6310387683227072,-0.13504673482028678,9726.0,0.0006058464028904409,-0.2962711876006105,0.037780486854143,-0.5459975865484408,0.250813648439356,0.95,5000,0.0018175392086713228,True,p = 0.0006,p = 0.0018
DINOv2 - UNI,DINOv2,UNI,shared_prediction,all,top_10_target_logit_drop,229,10,0.6993749034977376,0.8855858230434651,-0.18621091954572752,10101.0,0.0022480001881948477,-0.37965898110356383,0.018245181890293807,-0.6590066649937277,0.2764392279430833,0.95,5000,0.0044960003763896954,True,p = 0.0022,p = 0.0045
DINOv2 - UNI,DINOv2,UNI,shared_prediction,all,top_20_target_logit_drop,229,10,1.0111278271440856,1.3126286858465017,-0.3015008587024162,10510.0,0.00810090916664671,-0.5479449669646472,-0.0649664448972747,-0.9055319729739347,0.3110265107337429,0.95,5000,0.00810090916664671,True,p = 0.0081,p = 0.0081
DINOv2 - UNI,DINOv2,UNI,shared_prediction,all,top_30_target_logit_drop,229,10,1.4027841260664848,1.7463695103684889,-0.3435853843020039,10540.0,0.008846133492389205,-0.6222142050864264,-0.06345266061041946,-1.0704773698629049,0.3544584612511717,0.95,5000,0.008846133492389205,True,p = 0.0088,p = 0.0088
DINOv2 - UNI,DINOv2,UNI,shared_prediction,all,top_5_margin_drop,229,10,0.46360606814055466,0.8995511984721022,-0.4359451303315475,8568.0,4.588524702764338e-06,-0.6249872134111853,-0.24071380892304894,-0.7011424915841794,-0.20201657994709968,0.95,5000,1.3765574108293015e-05,True,p < 0.0001,p < 0.0001
DINOv2 - UNI,DINOv2,UNI,shared_prediction,all,top_10_margin_drop,229,10,0.7804025138309428,1.2472354821763185,-0.4668329683453756,8872.0,1.8699617993213588e-05,-0.6983150161119527,-0.23084744571598356,-0.7963124838010631,-0.15134795558985617,0.95,5000,5.6098853979640764e-05,True,p < 0.0001,p < 0.0001
DINOv2 - UNI,DINOv2,UNI,shared_prediction,all,top_20_margin_drop,229,10,1.2150353266162122,1.8272067027321028,-0.6121713761158906,9095.0,4.956079599999072e-05,-0.8903479819995347,-0.34555574087466745,-1.135206449339102,-0.12837804236164627,0.95,5000,9.912159199998144e-05,True,p < 0.0001,p < 0.0001
DINOv2 - UNI,DINOv2,UNI,shared_prediction,all,top_30_margin_drop,229,10,1.793185656247701,2.4445909183618806,-0.6514052621141792,9558.0,0.00032268566387303913,-0.9872915650754516,-0.30633583143028115,-1.25353100012061,-0.08881999199037205,0.95,5000,0.00048495880769255364,True,p = 0.0003,p = 0.0005
DINOv2 - UNI,DINOv2,UNI,shared_prediction,both_correct,attribution_occlusion_spearman,188,10,0.04470436548658913,0.15786214683923033,-0.1131577813526412,4770.0,3.684648668636313e-08,-0.15162465874211417,-0.07614190634800426,-0.15952132884480832,-0.06890049195718112,0.95,5000,7.369297337272627e-08,True,p < 0.0001,p < 0.0001
DINOv2 - UNI,DINOv2,UNI,shared_prediction,both_correct,top_target_logit_auc,188,10,2.177034182982777,2.3141194974468586,-0.13708531446408162,7595.0,0.08470517692464422,-0.2853312368210073,0.01770818156449049,-0.5105871339183448,0.23242071506469136,0.95,5000,0.08470517692464422,False,p = 0.0847,p = 0.0847
DINOv2 - UNI,DINOv2,UNI,shared_prediction,both_correct,random_target_logit_auc,188,10,2.484649830162178,2.914930179227698,-0.43028034906552,4845.0,6.482758624735988e-08,-0.5758780811628899,-0.28610702064610344,-0.8527787231977584,-0.04493794899506304,0.95,5000,1.2965517249471975e-07,True,p < 0.0001,p < 0.0001
DINOv2 - UNI,DINOv2,UNI,shared_prediction,both_correct,bottom_target_logit_auc,188,10,2.6998621536854737,3.0976287190624054,-0.39776656537693234,5247.0,1.1338438899084192e-06,-0.5492083030891544,-0.24170411037300996,-0.8828530741030246,0.038435369075948606,0.95,5000,3.4015316697252575e-06,True,p < 0.0001,p < 0.0001
DINOv2 - UNI,DINOv2,UNI,shared_prediction,both_correct,top_minus_random_target_logit_auc,188,10,-0.30761564717940154,-0.60081068178084,0.2931950346014383,3796.0,9.824176377663518e-12,0.21819367782598578,0.3694202796568069,0.1617745834578887,0.4255810454999049,0.95,5000,9.824176377663518e-12,True,p < 0.0001,p < 0.0001
DINOv2 - UNI,DINOv2,UNI,shared_prediction,both_correct,top_margin_auc,188,10,0.9394472422355666,1.6922192226223491,-0.7527719803867822,3391.0,1.9649970676864048e-13,-0.9216220390307223,-0.5837059864667344,-1.0914865543576617,-0.4136597533410585,0.95,5000,5.894991203059214e-13,True,p < 0.0001,p < 0.0001
DINOv2 - UNI,DINOv2,UNI,shared_prediction,both_correct,top_minus_random_margin_auc,188,10,-0.44363644856147144,-0.8630952176945088,0.419458769133037,4063.0,1.1062413232267864e-10,0.31017587573689837,0.5376135424280815,0.26199736794436673,0.5862075607674149,0.95,5000,1.1062413232267864e-10,True,p < 0.0001,p < 0.0001
DINOv2 - UNI,DINOv2,UNI,shared_prediction,both_correct,top_5_target_logit_drop,188,10,0.4360704437849369,0.6272057783096394,-0.19113533452470252,6137.0,0.0002373114526124155,-0.3823500011433312,0.005398232894057881,-0.6776154506831873,0.27429210821465316,0.95,5000,0.0007119343578372465,True,p = 0.0002,p = 0.0007
DINOv2 - UNI,DINOv2,UNI,shared_prediction,both_correct,top_10_target_logit_drop,188,10,0.6403255814567526,0.891777735441289,-0.2514521539845365,6443.0,0.0010908182707318112,-0.4699557163851692,-0.017282448177959358,-0.7864524797554316,0.2775384467021622,0.95,5000,0.0021816365414636225,True,p = 0.0011,p = 0.0022
DINOv2 - UNI,DINOv2,UNI,shared_prediction,both_correct,top_20_target_logit_drop,188,10,0.9418698741876065,1.3335065030037088,-0.3916366288161024,6691.0,0.0033458371939304064,-0.6696499804649105,-0.10391885635859203,-1.035811555123755,0.2562367754510052,0.95,5000,0.0033458371939304064,True,p = 0.0033,p = 0.0033
DINOv2 - UNI,DINOv2,UNI,shared_prediction,both_correct,top_30_target_logit_drop,188,10,1.359502887036255,1.816300742011121,-0.4567978549748659,6661.0,0.00293760070011296,-0.7746803772021481,-0.14725000092739945,-1.2033465209574075,0.25597665104856104,0.95,5000,0.00293760070011296,True,p = 0.0029,p = 0.0029
DINOv2 - UNI,DINOv2,UNI,shared_prediction,both_correct,top_5_margin_drop,188,10,0.3900373318093888,0.8274827368081884,-0.4374454049987996,5692.0,1.9440666222441367e-05,-0.6593983256832716,-0.21112282414861183,-0.8546075919940518,-0.0186128568203081,0.95,5000,5.83219986673241e-05,True,p < 0.0001,p < 0.0001
DINOv2 - UNI,DINOv2,UNI,shared_prediction,both_correct,top_10_margin_drop,188,10,0.6974022829152168,1.1927663417572671,-0.49536405884205026,5882.0,5.896851387607227e-05,-0.7634989855137277,-0.22717150860327368,-0.9534647255528247,0.02051935553832683,0.95,5000,0.00017690554162821682,True,p < 0.0001,p = 0.0002
DINOv2 - UNI,DINOv2,UNI,shared_prediction,both_correct,top_20_margin_drop,188,10,1.1377006686748343,1.7989327308345349,-0.6612320621597007,6156.0,0.0002620911119270015,-1.0001115786902448,-0.3305806643864576,-1.294389149352768,-0.015497828105155183,0.95,5000,0.000524182223854003,True,p = 0.0003,p = 0.0005
DINOv2 - UNI,DINOv2,UNI,shared_prediction,both_correct,top_30_margin_drop,188,10,1.7923602594974193,2.4951219647488694,-0.7027617052514502,6541.0,0.001719621247121587,-1.1029861508373249,-0.3050472335057691,-1.453422985508762,0.009066655002697207,0.95,5000,0.001719621247121587,True,p = 0.0017,p = 0.0017
DINOv2 - UNI,DINOv2,UNI,shared_prediction,both_incorrect,attribution_occlusion_spearman,41,9,0.07531557367118968,0.23361118621027707,-0.15829561253908742,130.0,4.014110436401097e-05,-0.223701175649364,-0.09429630368896764,-0.26413919927063506,-0.020848358667999074,0.95,5000,0.00012042331309203291,True,p < 0.0001,p = 0.0001
DINOv2 - UNI,DINOv2,UNI,shared_prediction,both_incorrect,top_target_logit_auc,41,9,1.3978289805170967,1.5283915872049587,-0.13056260668786196,352.0,0.3156751996402818,-0.38377320206797944,0.12480506622243842,-0.6327812860492845,0.31017270334641517,0.95,5000,0.3156751996402818,False,p = 0.3157,p = 0.3157
DINOv2 - UNI,DINOv2,UNI,shared_prediction,both_incorrect,random_target_logit_auc,41,9,1.7303233079067089,2.0282528582869506,-0.2979295503802417,305.0,0.10577401981299772,-0.5804482551682285,-0.026952761244483304,-0.9395661685909285,0.16906191092393444,0.95,5000,0.1548156134376768,False,p = 0.1058,p = 0.1548
DINOv2 - UNI,DINOv2,UNI,shared_prediction,both_incorrect,bottom_target_logit_auc,41,9,1.8984307161191616,2.265495448505006,-0.36706473238584475,288.0,0.06536346826487716,-0.6806939967394602,-0.06423240208226015,-1.084377816777342,0.16742132302847745,0.95,5000,0.1307269365297543,False,p = 0.0654,p = 0.1307
DINOv2 - UNI,DINOv2,UNI,shared_prediction,both_incorrect,top_minus_random_target_logit_auc,41,9,-0.3324943273896124,-0.4998612710819919,0.16736694369237956,249.0,0.017863041406599223,0.04396691936988207,0.290212635583778,-0.025511844047896366,0.433603216707706,0.95,5000,0.017863041406599223,True,p = 0.0179,p = 0.0179
DINOv2 - UNI,DINOv2,UNI,shared_prediction,both_incorrect,top_margin_auc,41,9,0.0439375771255028,0.34507821576624387,-0.301140638640741,294.0,0.07789686875457846,-0.6028846186281341,0.006670426607313508,-0.9492298730354151,0.24714948908510476,0.95,5000,0.07789686875457846,False,p = 0.0779,p = 0.0779
DINOv2 - UNI,DINOv2,UNI,shared_prediction,both_incorrect,top_minus_random_margin_auc,41,9,-0.445131626753023,-0.866130951446731,0.420999324693708,64.0,1.4172928786138073e-07,0.29110837569677483,0.5538539077439799,0.21844811566944858,0.6014666266160407,0.95,5000,1.4172928786138073e-07,True,p < 0.0001,p < 0.0001
DINOv2 - UNI,DINOv2,UNI,shared_prediction,both_incorrect,top_5_target_logit_drop,41,9,0.770754444889906,0.6486144298460426,0.12214001504386343,418.0,0.8777524232682481,-0.13669941454398918,0.4076112394289272,-0.22445120573753388,0.5428783287020285,0.95,5000,1.0,False,p = 0.8778,p = 1.0000
DINOv2 - UNI,DINOv2,UNI,shared_prediction,both_incorrect,top_10_target_logit_drop,41,9,0.9701376484661568,0.8571936393656382,0.11294400910051858,407.0,0.7680801663736929,-0.16626265319745692,0.42202247012315636,-0.3362268356978892,0.504228225565619,0.95,5000,1.0,False,p = 0.7681,p = 1.0000
DINOv2 - UNI,DINOv2,UNI,shared_prediction,both_incorrect,top_20_target_logit_drop,41,9,1.3287008797250144,1.2168962559549183,0.11180462377009599,413.0,0.8274844261859471,-0.3037832791508152,0.5183942015765508,-0.75233768682306,0.718129473505917,0.95,5000,0.8274844261859471,False,p = 0.8275,p = 0.8275
DINOv2 - UNI,DINOv2,UNI,shared_prediction,both_incorrect,top_30_target_logit_drop,41,9,1.6012444416197336,1.4257092286900777,0.17553521292965588,408.0,0.7778987687379413,-0.367873632980556,0.7410245634251975,-0.9399740242872918,1.026968166100628,0.95,5000,0.7778987687379413,False,p = 0.7779,p = 0.7779
DINOv2 - UNI,DINOv2,UNI,shared_prediction,both_incorrect,top_5_margin_drop,41,9,0.8009456396102905,1.2300114617115114,-0.42906582210122085,321.0,0.15938207093404344,-0.8755107189097054,0.0022804679303629464,-1.3554577317641983,0.5507040256675745,0.95,5000,0.4781462128021303,False,p = 0.1594,p = 0.4781
DINOv2 - UNI,DINOv2,UNI,shared_prediction,both_incorrect,top_10_margin_drop,41,9,1.1609889385176868,1.4969964187319686,-0.3360074802142818,331.0,0.20180805521795264,-0.7748491987222579,0.09458097913643188,-1.1342499334614016,0.5946045730686319,0.95,5000,0.6054241656538579,False,p = 0.2018,p = 0.6054
DINOv2 - UNI,DINOv2,UNI,shared_prediction,both_incorrect,top_20_margin_drop,41,9,1.5696430264449701,1.9568532080185124,-0.38721018157354214,285.0,0.05973611430181336,-0.7515143567105619,0.0012228764411878264,-0.9817880764456369,0.3413611303111091,0.95,5000,0.17920834290544008,False,p = 0.0597,p = 0.1792
DINOv2 - UNI,DINOv2,UNI,shared_prediction,both_incorrect,top_30_margin_drop,41,9,1.7969704023221644,2.2128875837093447,-0.41591718138718026,274.0,0.04236528197543521,-0.9429307827498852,0.16125653825881966,-1.2016386174366203,0.5348377661693703,0.95,5000,0.12709584592630563,False,p = 0.0424,p = 0.1271
