cohort_id,case_id,class_name,true_class,fold,cohort_stratum,all_seeds_correct,any_seed_incorrect,pairwise_prediction_agreement,mean_predicted_class_spearman_same_prediction_a,mean_common_true_class_spearman_a,mean_predicted_class_spearman_same_prediction_b,mean_common_true_class_spearman_b,method_a,method_b
00fdaf01f42318eb,CRC-Prim-HE-09,03_COMPLEX,2,8,incorrect_any_model,False,True,0.6444444444444445,0.7207094798538637,0.6131189664821919,0.9242608158264183,0.8757583179048007,intervention_activation_patch,gradient_attention_rollout
0182d47bc6239a0a,CRC-Prim-HE-10,04_LYMPHO,3,9,correct_high_confidence,True,False,1.0,0.6032686626265223,0.6032686626265223,0.8550340224596934,0.8550340224596934,intervention_activation_patch,gradient_attention_rollout
055885cb26f57d55,CRC-Prim-HE-09,05_DEBRIS,4,8,incorrect_any_model,True,False,1.0,0.6062664791643787,0.6062664791643787,0.8939503683811154,0.8939503683811154,intervention_activation_patch,gradient_attention_rollout
0563036f6d233d97,CRC-Prim-HE-08,04_LYMPHO,3,7,correct_high_confidence,True,False,1.0,0.7745077255326364,0.7745077255326364,0.8932403282802124,0.8932403282802124,intervention_activation_patch,gradient_attention_rollout
05911fcf995a92b8,CRC-Prim-HE-06,08_EMPTY,7,5,incorrect_any_model,False,True,1.0,0.5341887733848457,0.5118079881772902,0.9252241852096819,0.967862504106159,intervention_activation_patch,gradient_attention_rollout
05ec55e971259ba8,CRC-Prim-HE-01,04_LYMPHO,3,0,correct_high_confidence,True,False,1.0,0.692629646461209,0.692629646461209,0.9550365547754961,0.9550365547754961,intervention_activation_patch,gradient_attention_rollout
061bb79d23160ee1,CRC-Prim-HE-06,03_COMPLEX,2,5,incorrect_any_model,False,True,0.8,0.5909959923801571,0.5439166661648812,0.8654275142309951,0.9081272285043134,intervention_activation_patch,gradient_attention_rollout
08b7807e7f30af2b,CRC-Prim-HE-03,02_STROMA,1,2,correct_low_confidence,False,True,0.5333333333333333,0.8514652915108297,0.7949166034357816,0.9527682373222621,0.9399695590848599,intervention_activation_patch,gradient_attention_rollout
09ada73a877f5a27,CRC-Prim-HE-09,02_STROMA,1,8,incorrect_any_model,False,True,1.0,0.6249440544535206,0.7894433362158579,0.8849484992487169,0.9192614137936836,intervention_activation_patch,gradient_attention_rollout
0b7d64730d5c0c8d,CRC-Prim-HE-02,01_TUMOR,0,1,incorrect_any_model,True,False,1.0,0.8133679489901954,0.8133679489901954,0.9120445970917329,0.9120445970917329,intervention_activation_patch,gradient_attention_rollout
0bc72ae533aca28d,CRC-Prim-HE-04,01_TUMOR,0,3,incorrect_any_model,False,True,1.0,0.7986134252868906,0.8790553341908977,0.9458855092212599,0.9357445583986558,intervention_activation_patch,gradient_attention_rollout
0c403259b484b95d,CRC-Prim-HE-09,06_MUCOSA,5,8,correct_high_confidence,True,False,1.0,0.8828020137096977,0.8828020137096977,0.857265222892489,0.857265222892489,intervention_activation_patch,gradient_attention_rollout
0dd68f6af37c415e,CRC-Prim-HE-10,04_LYMPHO,3,9,incorrect_any_model,False,True,1.0,0.5258775181781618,0.37675495358102296,0.8629061245740003,0.8432318370534472,intervention_activation_patch,gradient_attention_rollout
0e568ddc977738b6,CRC-Prim-HE-06,08_EMPTY,7,5,incorrect_any_model,False,True,0.8,0.5556510936693836,0.5849571335069231,0.9269333478543051,0.9642894242169079,intervention_activation_patch,gradient_attention_rollout
0fd1929553a3bc9a,CRC-Prim-HE-06,01_TUMOR,0,5,correct_low_confidence,True,False,1.0,0.6749838269419958,0.6749838269419958,0.9031370434416122,0.9031370434416122,intervention_activation_patch,gradient_attention_rollout
10614386a7d0aba7,CRC-Prim-HE-06,04_LYMPHO,3,5,correct_high_confidence,True,False,1.0,0.36234654682740775,0.36234654682740775,0.8344295427399128,0.8344295427399128,intervention_activation_patch,gradient_attention_rollout
114823381141834d,CRC-Prim-HE-05,02_STROMA,1,4,incorrect_any_model,True,False,1.0,0.7919361241055293,0.7919361241055293,0.951635884862861,0.951635884862861,intervention_activation_patch,gradient_attention_rollout
11f56476dad8a712,CRC-Prim-HE-10,08_EMPTY,7,9,correct_high_confidence,True,False,1.0,0.4187050466499697,0.4187050466499697,0.9749369798680892,0.9749369798680892,intervention_activation_patch,gradient_attention_rollout
1289f7a4e7da9a8c,CRC-Prim-HE-08,02_STROMA,1,7,correct_high_confidence,True,False,1.0,0.902640558679889,0.902640558679889,0.9732630659969312,0.9732630659969312,intervention_activation_patch,gradient_attention_rollout
12c2dfb57f91416f,CRC-Prim-HE-09,04_LYMPHO,3,8,incorrect_any_model,False,True,1.0,0.6454197809728455,0.8361045409672152,0.9101242517051078,0.9233409214264908,intervention_activation_patch,gradient_attention_rollout
13605a3e685f4114,CRC-Prim-HE-03,02_STROMA,1,2,incorrect_any_model,False,True,1.0,0.7463286663126112,0.7877624431896627,0.9453288247486942,0.9167342334564961,intervention_activation_patch,gradient_attention_rollout
14f9264218a7b1c7,CRC-Prim-HE-10,08_EMPTY,7,9,correct_low_confidence,True,False,1.0,0.5423172418403546,0.5423172418403546,0.9925373892886584,0.9925373892886584,intervention_activation_patch,gradient_attention_rollout
1561a0129380bfdd,CRC-Prim-HE-07,05_DEBRIS,4,6,incorrect_any_model,False,True,1.0,0.5391348207261107,0.6541112324143507,0.9142024134917537,0.8670367035269139,intervention_activation_patch,gradient_attention_rollout
15a838224d91aacd,CRC-Prim-HE-07,03_COMPLEX,2,6,correct_high_confidence,True,False,1.0,0.6927341315229463,0.6927341315229463,0.8822978552347659,0.8822978552347659,intervention_activation_patch,gradient_attention_rollout
1619c7f77e7ca100,CRC-Prim-HE-10,02_STROMA,1,9,correct_high_confidence,True,False,1.0,0.5517665998842013,0.5517665998842013,0.9244002440231592,0.9244002440231592,intervention_activation_patch,gradient_attention_rollout
1646784e13982634,CRC-Prim-HE-05,05_DEBRIS,4,4,correct_low_confidence,True,False,1.0,0.6374949556004952,0.6374949556004952,0.9618729574349592,0.9618729574349592,intervention_activation_patch,gradient_attention_rollout
18374116b0bc583b,CRC-Prim-HE-03,03_COMPLEX,2,2,correct_high_confidence,True,False,1.0,0.6485351009308774,0.6485351009308774,0.8696694973707303,0.8696694973707303,intervention_activation_patch,gradient_attention_rollout
189f3e0c766af40b,CRC-Prim-HE-06,06_MUCOSA,5,5,incorrect_any_model,True,False,1.0,0.87505014394107,0.87505014394107,0.9078353569724129,0.9078353569724129,intervention_activation_patch,gradient_attention_rollout
18bb356ffc655fde,CRC-Prim-HE-01,05_DEBRIS,4,0,correct_high_confidence,True,False,1.0,0.7752270731711965,0.7752270731711965,0.9618128901957765,0.9618128901957765,intervention_activation_patch,gradient_attention_rollout
18bcccb79b01c4e5,CRC-Prim-HE-04,02_STROMA,1,3,correct_low_confidence,False,True,0.6444444444444445,0.8402837443918542,0.8174408567815653,0.9633869818511364,0.9419147317914541,intervention_activation_patch,gradient_attention_rollout
195af23f96ac85e4,CRC-Prim-HE-10,04_LYMPHO,3,9,correct_low_confidence,True,False,1.0,0.5839540253298304,0.5839540253298304,0.8537752667121775,0.8537752667121775,intervention_activation_patch,gradient_attention_rollout
19ee7b96b3ac6128,CRC-Prim-HE-09,02_STROMA,1,8,correct_high_confidence,True,False,1.0,0.8332584864646253,0.8332584864646253,0.9701535592761118,0.9701535592761118,intervention_activation_patch,gradient_attention_rollout
1a44a2f69fce97f0,CRC-Prim-HE-08,05_DEBRIS,4,7,incorrect_any_model,False,True,1.0,0.8038126304561252,0.7128870394417687,0.9564958061839862,0.9478042962596989,intervention_activation_patch,gradient_attention_rollout
1b61e3f45d1b6f75,CRC-Prim-HE-06,02_STROMA,1,5,correct_high_confidence,True,False,1.0,0.6516913182443916,0.6516913182443916,0.927047133834661,0.927047133834661,intervention_activation_patch,gradient_attention_rollout
1badba67a72ab5b8,CRC-Prim-HE-07,02_STROMA,1,6,incorrect_any_model,False,True,1.0,0.7067834459448663,0.722448225055231,0.878208076670731,0.9066725813063741,intervention_activation_patch,gradient_attention_rollout
1d514ba294e8641b,CRC-Prim-HE-02,02_STROMA,1,1,incorrect_any_model,False,True,1.0,0.6425420677858036,0.6790536497566428,0.9216716825998914,0.9361223161658261,intervention_activation_patch,gradient_attention_rollout
1d9ef80c2277cb86,CRC-Prim-HE-04,02_STROMA,1,3,incorrect_any_model,False,True,1.0,0.75794154354521,0.8222479166737211,0.9620152629579751,0.9623418785710304,intervention_activation_patch,gradient_attention_rollout
1e5be0d9c81038ee,CRC-Prim-HE-05,07_ADIPOSE,6,4,incorrect_any_model,False,True,1.0,0.40825189613021,0.4446685162562987,0.9679145316853801,0.9662345969235021,intervention_activation_patch,gradient_attention_rollout
1f9ab30ffaf6915d,CRC-Prim-HE-07,06_MUCOSA,5,6,correct_high_confidence,True,False,1.0,0.8118519436512309,0.8118519436512309,0.8960790011696468,0.8960790011696468,intervention_activation_patch,gradient_attention_rollout
2096314873b53cb1,CRC-Prim-HE-10,08_EMPTY,7,9,correct_low_confidence,True,False,1.0,0.5003049014887067,0.5003049014887067,0.9446909999194266,0.9446909999194266,intervention_activation_patch,gradient_attention_rollout
220af0321b7b1fc9,CRC-Prim-HE-05,01_TUMOR,0,4,correct_high_confidence,True,False,1.0,0.7199135962927249,0.7199135962927249,0.9314822990239959,0.9314822990239959,intervention_activation_patch,gradient_attention_rollout
227c6ddda5d22af7,CRC-Prim-HE-10,08_EMPTY,7,9,correct_high_confidence,True,False,1.0,0.4308910807363865,0.4308910807363865,0.9772220141473226,0.9772220141473226,intervention_activation_patch,gradient_attention_rollout
23322506a3beae96,CRC-Prim-HE-06,03_COMPLEX,2,5,correct_high_confidence,True,False,1.0,0.5478586124923077,0.5478586124923077,0.8479938657748666,0.8479938657748666,intervention_activation_patch,gradient_attention_rollout
236ad1ab9a20afc1,CRC-Prim-HE-03,06_MUCOSA,5,2,incorrect_any_model,True,False,1.0,0.9404407667807028,0.9404407667807028,0.9588769622127128,0.9588769622127128,intervention_activation_patch,gradient_attention_rollout
238d665311e5cf5f,CRC-Prim-HE-08,06_MUCOSA,5,7,correct_high_confidence,True,False,1.0,0.8765728950061527,0.8765728950061527,0.9237182896066145,0.9237182896066145,intervention_activation_patch,gradient_attention_rollout
23c05114b1f1297a,CRC-Prim-HE-06,02_STROMA,1,5,correct_high_confidence,True,False,1.0,0.6075782759112047,0.6075782759112047,0.9601316450047417,0.9601316450047417,intervention_activation_patch,gradient_attention_rollout
247d9532da3fb9b6,CRC-Prim-HE-06,06_MUCOSA,5,5,correct_high_confidence,True,False,1.0,0.8149574255125492,0.8149574255125492,0.8737763114078526,0.8737763114078526,intervention_activation_patch,gradient_attention_rollout
24d54f21e514ed2f,CRC-Prim-HE-10,02_STROMA,1,9,correct_low_confidence,True,False,1.0,0.620220477535425,0.620220477535425,0.9056631966856767,0.9056631966856767,intervention_activation_patch,gradient_attention_rollout
24dee988a31df0a8,CRC-Prim-HE-01,04_LYMPHO,3,0,incorrect_any_model,True,False,1.0,0.7530461944141676,0.7530461944141676,0.9625955351553614,0.9625955351553614,intervention_activation_patch,gradient_attention_rollout
25242e5434b80cea,CRC-Prim-HE-07,06_MUCOSA,5,6,correct_high_confidence,True,False,1.0,0.8913691594652785,0.8913691594652785,0.9161748927086131,0.9161748927086131,intervention_activation_patch,gradient_attention_rollout
274ca0978c294e96,CRC-Prim-HE-06,02_STROMA,1,5,incorrect_any_model,False,True,0.6444444444444445,0.5244948456849204,0.45697757444086384,0.8946304127219832,0.8903267484268208,intervention_activation_patch,gradient_attention_rollout
27f648e660bb6150,CRC-Prim-HE-07,07_ADIPOSE,6,6,correct_low_confidence,True,False,1.0,0.7934576729572173,0.7934576729572173,0.9793054902554541,0.9793054902554541,intervention_activation_patch,gradient_attention_rollout
290bb19ac8108af9,CRC-Prim-HE-02,04_LYMPHO,3,1,correct_low_confidence,False,True,0.4666666666666667,0.647395968246965,0.678688354061387,0.8697998572441753,0.8713357611689738,intervention_activation_patch,gradient_attention_rollout
292fc6c44026188d,CRC-Prim-HE-06,08_EMPTY,7,5,incorrect_any_model,False,True,0.6444444444444445,0.5551496313723276,0.5273289533565865,0.9143938155315716,0.9821536549020234,intervention_activation_patch,gradient_attention_rollout
2972f8fbf2a19801,CRC-Prim-HE-05,07_ADIPOSE,6,4,correct_high_confidence,True,False,1.0,0.8788078609657303,0.8788078609657303,0.9724620396121486,0.9724620396121486,intervention_activation_patch,gradient_attention_rollout
2a6c73dfb8b3978d,CRC-Prim-HE-05,07_ADIPOSE,6,4,correct_high_confidence,True,False,1.0,0.7804196903637814,0.7804196903637814,0.9690143713348934,0.9690143713348934,intervention_activation_patch,gradient_attention_rollout
2a78951b8bccd520,CRC-Prim-HE-08,02_STROMA,1,7,correct_high_confidence,True,False,1.0,0.8378534177770831,0.8378534177770831,0.9652123205132634,0.9652123205132634,intervention_activation_patch,gradient_attention_rollout
2bcf837c4e8f8d5b,CRC-Prim-HE-05,05_DEBRIS,4,4,correct_high_confidence,True,False,1.0,0.61905910150938,0.61905910150938,0.9668540049105677,0.9668540049105677,intervention_activation_patch,gradient_attention_rollout
2e3594a7d7c7df9e,CRC-Prim-HE-04,04_LYMPHO,3,3,correct_low_confidence,True,False,1.0,0.8424189388774808,0.8424189388774808,0.9695964143824914,0.9695964143824914,intervention_activation_patch,gradient_attention_rollout
312072231220d986,CRC-Prim-HE-09,03_COMPLEX,2,8,correct_low_confidence,False,True,0.8,0.6543904597612102,0.6439975986617499,0.8367187119543901,0.8299767044654646,intervention_activation_patch,gradient_attention_rollout
32bde1c820d8de33,CRC-Prim-HE-06,08_EMPTY,7,5,correct_high_confidence,True,False,1.0,0.4371596073926708,0.4371596073926708,0.9561403611294839,0.9561403611294839,intervention_activation_patch,gradient_attention_rollout
32eb03f4783f1cd8,CRC-Prim-HE-07,01_TUMOR,0,6,incorrect_any_model,True,False,1.0,0.76427743974187,0.76427743974187,0.9154550066805325,0.9154550066805325,intervention_activation_patch,gradient_attention_rollout
3461675807569ebd,CRC-Prim-HE-05,02_STROMA,1,4,correct_low_confidence,True,False,1.0,0.7731043774642248,0.7731043774642248,0.8715841760366781,0.8715841760366781,intervention_activation_patch,gradient_attention_rollout
36d16120094f3565,CRC-Prim-HE-10,08_EMPTY,7,9,correct_high_confidence,True,False,1.0,0.33197374534837254,0.33197374534837254,0.9439603825390629,0.9439603825390629,intervention_activation_patch,gradient_attention_rollout
3757a745ffe453db,CRC-Prim-HE-05,04_LYMPHO,3,4,incorrect_any_model,False,True,1.0,0.7434611114977077,0.6564068546176912,0.9248617486144888,0.9253117714611552,intervention_activation_patch,gradient_attention_rollout
37a5ac2201acb4df,CRC-Prim-HE-03,07_ADIPOSE,6,2,correct_high_confidence,True,False,1.0,0.867081822638519,0.867081822638519,0.9861358011901886,0.9861358011901886,intervention_activation_patch,gradient_attention_rollout
39f8deff00e87441,CRC-Prim-HE-04,01_TUMOR,0,3,correct_high_confidence,True,False,1.0,0.8952723753830792,0.8952723753830792,0.9180330812528058,0.9180330812528058,intervention_activation_patch,gradient_attention_rollout
3bb11e583afc1ccb,CRC-Prim-HE-09,04_LYMPHO,3,8,correct_high_confidence,True,False,1.0,0.6114481776431367,0.6114481776431367,0.9232926480497186,0.9232926480497186,intervention_activation_patch,gradient_attention_rollout
3c7fb6617412736f,CRC-Prim-HE-05,01_TUMOR,0,4,correct_high_confidence,True,False,1.0,0.7415891068233214,0.7415891068233214,0.8471748829689367,0.8471748829689367,intervention_activation_patch,gradient_attention_rollout
3ca77c8ff28c6a38,CRC-Prim-HE-09,04_LYMPHO,3,8,correct_high_confidence,True,False,1.0,0.5396864420509887,0.5396864420509887,0.9265224309169197,0.9265224309169197,intervention_activation_patch,gradient_attention_rollout
3dbf0a1ef913a401,CRC-Prim-HE-06,04_LYMPHO,3,5,correct_low_confidence,True,False,1.0,0.5439622995268552,0.5439622995268552,0.8208534258425484,0.8208534258425484,intervention_activation_patch,gradient_attention_rollout
3e98695c46510ed0,CRC-Prim-HE-06,07_ADIPOSE,6,5,correct_high_confidence,True,False,1.0,0.7940664963815477,0.7940664963815477,0.9705167252375375,0.9705167252375375,intervention_activation_patch,gradient_attention_rollout
3ead2e85ebb55c2b,CRC-Prim-HE-02,03_COMPLEX,2,1,incorrect_any_model,False,True,1.0,0.8091670151758267,0.7428010315064765,0.9019308465283811,0.8885420147494116,intervention_activation_patch,gradient_attention_rollout
3f6fb6ab1f062c93,CRC-Prim-HE-09,03_COMPLEX,2,8,correct_high_confidence,True,False,1.0,0.6535490649637973,0.6535490649637973,0.9242418591802205,0.9242418591802205,intervention_activation_patch,gradient_attention_rollout
41713f770826e98b,CRC-Prim-HE-10,07_ADIPOSE,6,9,incorrect_any_model,True,False,1.0,0.8344742210648846,0.8344742210648846,0.8899938994210206,0.8899938994210206,intervention_activation_patch,gradient_attention_rollout
422c2fc907ade074,CRC-Prim-HE-07,01_TUMOR,0,6,correct_low_confidence,True,False,1.0,0.7876841516344093,0.7876841516344093,0.9099973879959377,0.9099973879959377,intervention_activation_patch,gradient_attention_rollout
472807da8f0b9d8f,CRC-Prim-HE-04,05_DEBRIS,4,3,correct_high_confidence,True,False,1.0,0.8269683128607157,0.8269683128607157,0.9510149539446134,0.9510149539446134,intervention_activation_patch,gradient_attention_rollout
49f02bf56c581508,CRC-Prim-HE-06,08_EMPTY,7,5,correct_high_confidence,True,False,1.0,0.3472265577982914,0.3472265577982914,0.9561049087082446,0.9561049087082446,intervention_activation_patch,gradient_attention_rollout
4aad1550b23a673f,CRC-Prim-HE-03,03_COMPLEX,2,2,incorrect_any_model,False,True,1.0,0.7840933528954319,0.7442565092400713,0.9186415453855629,0.9405720731609057,intervention_activation_patch,gradient_attention_rollout
4bb5d08e6fc0f323,CRC-Prim-HE-04,04_LYMPHO,3,3,correct_high_confidence,True,False,1.0,0.8239147185090516,0.8239147185090516,0.9592261030404613,0.9592261030404613,intervention_activation_patch,gradient_attention_rollout
4be2dd4795c87a84,CRC-Prim-HE-03,06_MUCOSA,5,2,correct_high_confidence,True,False,1.0,0.9205708485238066,0.9205708485238066,0.915040627730983,0.915040627730983,intervention_activation_patch,gradient_attention_rollout
4d7d22e7ee67edc0,CRC-Prim-HE-06,08_EMPTY,7,5,correct_high_confidence,True,False,1.0,0.5579984006880748,0.5579984006880748,0.9668536861575295,0.9668536861575295,intervention_activation_patch,gradient_attention_rollout
4e1415b68afd1584,CRC-Prim-HE-02,04_LYMPHO,3,1,correct_high_confidence,True,False,1.0,0.7019095537275388,0.7019095537275388,0.893089558093184,0.893089558093184,intervention_activation_patch,gradient_attention_rollout
4edae3a6c5fef03b,CRC-Prim-HE-04,07_ADIPOSE,6,3,correct_high_confidence,True,False,1.0,0.8443513479486912,0.8443513479486912,0.9895361169327815,0.9895361169327815,intervention_activation_patch,gradient_attention_rollout
50abad0d894a9a24,CRC-Prim-HE-03,01_TUMOR,0,2,correct_high_confidence,True,False,1.0,0.8133988667254672,0.8133988667254672,0.9304349497513794,0.9304349497513794,intervention_activation_patch,gradient_attention_rollout
50f0d4586f4e50cd,CRC-Prim-HE-03,01_TUMOR,0,2,correct_high_confidence,True,False,1.0,0.8055959583155661,0.8055959583155661,0.9442370601761467,0.9442370601761467,intervention_activation_patch,gradient_attention_rollout
577078f694f3a50f,CRC-Prim-HE-10,08_EMPTY,7,9,correct_high_confidence,True,False,1.0,0.3706323750702311,0.3706323750702311,0.9479671436451712,0.9479671436451712,intervention_activation_patch,gradient_attention_rollout
592b680687a86a91,CRC-Prim-HE-09,05_DEBRIS,4,8,correct_low_confidence,False,True,0.4666666666666667,0.6291187321634094,0.5676516050403788,0.9656274938156219,0.9772486831515113,intervention_activation_patch,gradient_attention_rollout
59fb439e8286c5e4,CRC-Prim-HE-05,04_LYMPHO,3,4,correct_low_confidence,False,True,0.5333333333333333,0.7522451175816421,0.7139643413656409,0.8783424576390494,0.8683784413153522,intervention_activation_patch,gradient_attention_rollout
5a904b4bcd844135,CRC-Prim-HE-08,01_TUMOR,0,7,correct_high_confidence,True,False,1.0,0.6772526843790724,0.6772526843790724,0.8956062904141221,0.8956062904141221,intervention_activation_patch,gradient_attention_rollout
5b7e03f7d327429c,CRC-Prim-HE-02,04_LYMPHO,3,1,incorrect_any_model,False,True,1.0,0.6537124294665918,0.7491850194360564,0.8875785659832071,0.8863346499604658,intervention_activation_patch,gradient_attention_rollout
5bec1382c8f3cb55,CRC-Prim-HE-03,07_ADIPOSE,6,2,correct_high_confidence,True,False,1.0,0.8312429927292684,0.8312429927292684,0.9831171745022361,0.9831171745022361,intervention_activation_patch,gradient_attention_rollout
5d411163bd5b888a,CRC-Prim-HE-07,03_COMPLEX,2,6,correct_high_confidence,True,False,1.0,0.5672203534469735,0.5672203534469735,0.8489918107031957,0.8489918107031957,intervention_activation_patch,gradient_attention_rollout
5ecfdf1119937db7,CRC-Prim-HE-04,05_DEBRIS,4,3,correct_high_confidence,True,False,1.0,0.7077761863739954,0.7077761863739954,0.9805624751527581,0.9805624751527581,intervention_activation_patch,gradient_attention_rollout
5fbd0a0168e78ab0,CRC-Prim-HE-01,05_DEBRIS,4,0,correct_high_confidence,True,False,1.0,0.7717176279821574,0.7717176279821574,0.9412885237395753,0.9412885237395753,intervention_activation_patch,gradient_attention_rollout
645c14ff0bce5563,CRC-Prim-HE-01,03_COMPLEX,2,0,correct_low_confidence,True,False,1.0,0.7677815442748,0.7677815442748,0.928029034860072,0.928029034860072,intervention_activation_patch,gradient_attention_rollout
6465c9036d58a3a9,CRC-Prim-HE-03,04_LYMPHO,3,2,incorrect_any_model,False,True,0.6444444444444445,0.6410971951881199,0.8084727368439452,0.8747943562026731,0.9068921313156266,intervention_activation_patch,gradient_attention_rollout
6478ba2ccbc35e68,CRC-Prim-HE-10,02_STROMA,1,9,incorrect_any_model,False,True,0.6444444444444445,0.6589724244578405,0.6022427271760855,0.880681999603757,0.8744327302702939,intervention_activation_patch,gradient_attention_rollout
647e242b6bd13231,CRC-Prim-HE-01,02_STROMA,1,0,correct_low_confidence,False,True,0.5333333333333333,0.7702820431778976,0.7714875040517771,0.9456739900177175,0.9432768697743318,intervention_activation_patch,gradient_attention_rollout
6504385ff1a70fd3,CRC-Prim-HE-04,02_STROMA,1,3,correct_high_confidence,True,False,1.0,0.8913138404145489,0.8913138404145489,0.9712807054358903,0.9712807054358903,intervention_activation_patch,gradient_attention_rollout
656e475a6969c0d0,CRC-Prim-HE-03,07_ADIPOSE,6,2,correct_low_confidence,True,False,1.0,0.709925356443463,0.709925356443463,0.9727459423180962,0.9727459423180962,intervention_activation_patch,gradient_attention_rollout
66c5c50aae1f3eb7,CRC-Prim-HE-08,05_DEBRIS,4,7,correct_low_confidence,True,False,1.0,0.7273585472577543,0.7273585472577543,0.9365236616578169,0.9365236616578169,intervention_activation_patch,gradient_attention_rollout
67161ff392b6a2aa,CRC-Prim-HE-04,04_LYMPHO,3,3,correct_high_confidence,True,False,1.0,0.8665513072966694,0.8665513072966694,0.966777043760365,0.966777043760365,intervention_activation_patch,gradient_attention_rollout
680133a362d38828,CRC-Prim-HE-04,07_ADIPOSE,6,3,correct_high_confidence,True,False,1.0,0.8497101059312554,0.8497101059312554,0.9805832649342437,0.9805832649342437,intervention_activation_patch,gradient_attention_rollout
68809a84892adcad,CRC-Prim-HE-03,02_STROMA,1,2,correct_high_confidence,False,True,0.8,0.8946762730603355,0.8865062768913868,0.9734117023094543,0.9718139084346482,intervention_activation_patch,gradient_attention_rollout
68d7766cea567a97,CRC-Prim-HE-04,05_DEBRIS,4,3,correct_high_confidence,True,False,1.0,0.7693774293451228,0.7693774293451228,0.9651973391204719,0.9651973391204719,intervention_activation_patch,gradient_attention_rollout
6bb749c48303d88f,CRC-Prim-HE-06,08_EMPTY,7,5,incorrect_any_model,False,True,1.0,0.4276970784995856,0.6100527099569195,0.914792956620368,0.96238101436071,intervention_activation_patch,gradient_attention_rollout
6cacd7b496b4816f,CRC-Prim-HE-02,06_MUCOSA,5,1,correct_low_confidence,True,False,1.0,0.8640830182615633,0.8640830182615633,0.810238560086276,0.810238560086276,intervention_activation_patch,gradient_attention_rollout
6dac77a087f5872c,CRC-Prim-HE-10,05_DEBRIS,4,9,incorrect_any_model,True,False,1.0,0.7344389250971161,0.7344389250971161,0.850570452832962,0.850570452832962,intervention_activation_patch,gradient_attention_rollout
6dc48436e2c96b2a,CRC-Prim-HE-07,06_MUCOSA,5,6,incorrect_any_model,True,False,1.0,0.799435121919928,0.799435121919928,0.8881175065366509,0.8881175065366509,intervention_activation_patch,gradient_attention_rollout
6dfec46ce602f4f6,CRC-Prim-HE-01,01_TUMOR,0,0,correct_high_confidence,True,False,1.0,0.7837699277793624,0.7837699277793624,0.9153885289635836,0.9153885289635836,intervention_activation_patch,gradient_attention_rollout
6e927ae0504f4dae,CRC-Prim-HE-06,08_EMPTY,7,5,correct_low_confidence,False,True,0.4444444444444444,0.479896214220064,0.4696571626554561,0.9321602690275641,0.9483739079388102,intervention_activation_patch,gradient_attention_rollout
6eedbeb9298dae43,CRC-Prim-HE-09,04_LYMPHO,3,8,correct_low_confidence,False,True,0.8,0.8193801425377302,0.7818788387144634,0.9326897620951282,0.915179887391635,intervention_activation_patch,gradient_attention_rollout
6f26e2e694fdda3c,CRC-Prim-HE-02,01_TUMOR,0,1,correct_low_confidence,True,False,1.0,0.5885930746865241,0.5885930746865241,0.8877701011421102,0.8877701011421102,intervention_activation_patch,gradient_attention_rollout
6f643b1b38de98a5,CRC-Prim-HE-10,08_EMPTY,7,9,correct_low_confidence,True,False,1.0,0.5027047663499273,0.5027047663499273,0.9845745133924976,0.9845745133924976,intervention_activation_patch,gradient_attention_rollout
73c86c58e897369e,CRC-Prim-HE-05,03_COMPLEX,2,4,correct_low_confidence,True,False,1.0,0.6429118775711429,0.6429118775711429,0.9258427077716418,0.9258427077716418,intervention_activation_patch,gradient_attention_rollout
753e54983d8212fa,CRC-Prim-HE-04,02_STROMA,1,3,correct_high_confidence,True,False,1.0,0.8295574860768283,0.8295574860768283,0.9647306846726716,0.9647306846726716,intervention_activation_patch,gradient_attention_rollout
7778660ba40e1dfb,CRC-Prim-HE-03,05_DEBRIS,4,2,incorrect_any_model,False,True,0.8,0.7596640840151303,0.7289653603063859,0.9258776112293153,0.92324674761223,intervention_activation_patch,gradient_attention_rollout
7985173f57daa8e2,CRC-Prim-HE-10,01_TUMOR,0,9,incorrect_any_model,True,False,1.0,0.7535617789916874,0.7535617789916874,0.8791617503437665,0.8791617503437665,intervention_activation_patch,gradient_attention_rollout
79beeb51534cb278,CRC-Prim-HE-05,06_MUCOSA,5,4,correct_low_confidence,True,False,1.0,0.8313643630439412,0.8313643630439412,0.8449892642205915,0.8449892642205915,intervention_activation_patch,gradient_attention_rollout
7a31e1bbcfbef273,CRC-Prim-HE-06,03_COMPLEX,2,5,correct_low_confidence,True,False,1.0,0.556433014820952,0.556433014820952,0.8313547092662392,0.8313547092662392,intervention_activation_patch,gradient_attention_rollout
7ae9f8fa547b14cf,CRC-Prim-HE-03,07_ADIPOSE,6,2,incorrect_any_model,True,False,1.0,0.7323032713696,0.7323032713696,0.9780514095524975,0.9780514095524975,intervention_activation_patch,gradient_attention_rollout
7c266944ec5e5596,CRC-Prim-HE-07,07_ADIPOSE,6,6,correct_low_confidence,True,False,1.0,0.6808366451620136,0.6808366451620136,0.968964433358922,0.968964433358922,intervention_activation_patch,gradient_attention_rollout
7ca80536dfde43c1,CRC-Prim-HE-06,03_COMPLEX,2,5,correct_high_confidence,True,False,1.0,0.5895836431293573,0.5895836431293573,0.822041878836658,0.822041878836658,intervention_activation_patch,gradient_attention_rollout
7cbabdfbfb2a3c84,CRC-Prim-HE-05,07_ADIPOSE,6,4,correct_high_confidence,True,False,1.0,0.801148930232289,0.801148930232289,0.9782840284363125,0.9782840284363125,intervention_activation_patch,gradient_attention_rollout
7ce759961c8e9f68,CRC-Prim-HE-10,08_EMPTY,7,9,correct_high_confidence,True,False,1.0,0.3831109817522024,0.3831109817522024,0.949682566245293,0.949682566245293,intervention_activation_patch,gradient_attention_rollout
7d7d0d051e9daf30,CRC-Prim-HE-05,04_LYMPHO,3,4,incorrect_any_model,False,True,1.0,0.7234556954479531,0.6691197760109051,0.930346192362146,0.9048550514830429,intervention_activation_patch,gradient_attention_rollout
7e936798bcb752be,CRC-Prim-HE-06,06_MUCOSA,5,5,correct_high_confidence,True,False,1.0,0.8337555991241519,0.8337555991241519,0.8295887111840704,0.8295887111840704,intervention_activation_patch,gradient_attention_rollout
7f22a2743f7024e1,CRC-Prim-HE-03,02_STROMA,1,2,correct_high_confidence,True,False,1.0,0.859988419710008,0.859988419710008,0.9516193097048794,0.9516193097048794,intervention_activation_patch,gradient_attention_rollout
7f279e0a733cbbf7,CRC-Prim-HE-03,06_MUCOSA,5,2,correct_high_confidence,True,False,1.0,0.8684961343451532,0.8684961343451532,0.8883229605782182,0.8883229605782182,intervention_activation_patch,gradient_attention_rollout
7fbe4f5d5ceb71bf,CRC-Prim-HE-07,04_LYMPHO,3,6,correct_low_confidence,True,False,1.0,0.7084498497693428,0.7084498497693428,0.8535848648974104,0.8535848648974104,intervention_activation_patch,gradient_attention_rollout
806387c8005ca838,CRC-Prim-HE-10,07_ADIPOSE,6,9,correct_low_confidence,True,False,1.0,0.8067623981042537,0.8067623981042537,0.9603124133943568,0.9603124133943568,intervention_activation_patch,gradient_attention_rollout
814b94faf369aee5,CRC-Prim-HE-06,07_ADIPOSE,6,5,correct_high_confidence,True,False,1.0,0.7149561074830184,0.7149561074830184,0.9548155172520656,0.9548155172520656,intervention_activation_patch,gradient_attention_rollout
815caeca3553b92b,CRC-Prim-HE-10,02_STROMA,1,9,correct_high_confidence,True,False,1.0,0.6978935698165684,0.6978935698165684,0.9139322171664449,0.9139322171664449,intervention_activation_patch,gradient_attention_rollout
81900f74ad505918,CRC-Prim-HE-01,04_LYMPHO,3,0,correct_low_confidence,True,False,1.0,0.8636143012394287,0.8636143012394287,0.9152441692543217,0.9152441692543217,intervention_activation_patch,gradient_attention_rollout
82816ea16f256d92,CRC-Prim-HE-02,04_LYMPHO,3,1,incorrect_any_model,False,True,1.0,0.5757585139722244,0.7328960294680024,0.825980320541597,0.8966447878123004,intervention_activation_patch,gradient_attention_rollout
843c606a796976eb,CRC-Prim-HE-01,01_TUMOR,0,0,incorrect_any_model,True,False,1.0,0.8055247833126747,0.8055247833126747,0.9310201779527378,0.9310201779527378,intervention_activation_patch,gradient_attention_rollout
84bd2dc0cefd68eb,CRC-Prim-HE-05,04_LYMPHO,3,4,correct_high_confidence,True,False,1.0,0.6772332157946467,0.6772332157946467,0.8857700674959557,0.8857700674959557,intervention_activation_patch,gradient_attention_rollout
84fc31312ad9e8f3,CRC-Prim-HE-06,07_ADIPOSE,6,5,correct_high_confidence,True,False,1.0,0.7189376186868551,0.7189376186868551,0.9588979290792199,0.9588979290792199,intervention_activation_patch,gradient_attention_rollout
861d7c478063ac75,CRC-Prim-HE-09,05_DEBRIS,4,8,correct_high_confidence,True,False,1.0,0.7188026629823079,0.7188026629823079,0.9617703189566862,0.9617703189566862,intervention_activation_patch,gradient_attention_rollout
866475f290a75feb,CRC-Prim-HE-05,07_ADIPOSE,6,4,incorrect_any_model,False,True,1.0,0.4210697397235919,0.4734194958101876,0.9673129738684492,0.9675253696428461,intervention_activation_patch,gradient_attention_rollout
869291ef3438d48f,CRC-Prim-HE-06,08_EMPTY,7,5,correct_high_confidence,True,False,1.0,0.4730851311836882,0.4730851311836882,0.9635823945613652,0.9635823945613652,intervention_activation_patch,gradient_attention_rollout
870de883a58ffe7c,CRC-Prim-HE-10,07_ADIPOSE,6,9,correct_high_confidence,True,False,1.0,0.74055339226009,0.74055339226009,0.9749088233497226,0.9749088233497226,intervention_activation_patch,gradient_attention_rollout
88a5c405121ef7a2,CRC-Prim-HE-06,08_EMPTY,7,5,incorrect_any_model,False,True,1.0,0.5303846141553413,0.5392356949227781,0.9073192958037046,0.9650881484964153,intervention_activation_patch,gradient_attention_rollout
8a2464a823867737,CRC-Prim-HE-10,08_EMPTY,7,9,correct_high_confidence,True,False,1.0,0.33477071366518857,0.33477071366518857,0.9596144150748938,0.9596144150748938,intervention_activation_patch,gradient_attention_rollout
8cc0a0c9abfb48a3,CRC-Prim-HE-05,03_COMPLEX,2,4,incorrect_any_model,False,True,1.0,0.8033106123648616,0.6824618762324791,0.9397354881038712,0.9176959113724886,intervention_activation_patch,gradient_attention_rollout
8e4a21d1b45b86e6,CRC-Prim-HE-01,01_TUMOR,0,0,correct_high_confidence,True,False,1.0,0.705989528636378,0.705989528636378,0.9089314091751521,0.9089314091751521,intervention_activation_patch,gradient_attention_rollout
8fc5ae04f95141e4,CRC-Prim-HE-08,01_TUMOR,0,7,correct_high_confidence,True,False,1.0,0.668715813089904,0.668715813089904,0.9274735545656505,0.9274735545656505,intervention_activation_patch,gradient_attention_rollout
90b23a2e7ea7c973,CRC-Prim-HE-07,07_ADIPOSE,6,6,correct_high_confidence,True,False,1.0,0.7983748324232689,0.7983748324232689,0.9712315466340123,0.9712315466340123,intervention_activation_patch,gradient_attention_rollout
927b994586001676,CRC-Prim-HE-09,03_COMPLEX,2,8,correct_high_confidence,True,False,1.0,0.7111059550255574,0.7111059550255574,0.9294392691347004,0.9294392691347004,intervention_activation_patch,gradient_attention_rollout
935e673920be3e3e,CRC-Prim-HE-10,08_EMPTY,7,9,correct_low_confidence,True,False,1.0,0.46580090833933385,0.46580090833933385,0.9805730648370244,0.9805730648370244,intervention_activation_patch,gradient_attention_rollout
93898025eabb7106,CRC-Prim-HE-01,03_COMPLEX,2,0,incorrect_any_model,True,False,1.0,0.7477386665783199,0.7477386665783199,0.9602714359204572,0.9602714359204572,intervention_activation_patch,gradient_attention_rollout
939e45072b1b09c4,CRC-Prim-HE-10,03_COMPLEX,2,9,correct_low_confidence,False,True,0.8,0.5882385778187641,0.5605810444576139,0.793181961057233,0.7849428856535454,intervention_activation_patch,gradient_attention_rollout
93eff4e2a3b4b436,CRC-Prim-HE-03,03_COMPLEX,2,2,correct_low_confidence,True,False,1.0,0.7568679167740944,0.7568679167740944,0.9362100086683118,0.9362100086683118,intervention_activation_patch,gradient_attention_rollout
95532c46afafeb7f,CRC-Prim-HE-06,08_EMPTY,7,5,correct_low_confidence,False,True,0.8,0.4932503990065962,0.5889478497079254,0.9242231944189885,0.9752463474000821,intervention_activation_patch,gradient_attention_rollout
96d8776a31418e3b,CRC-Prim-HE-05,01_TUMOR,0,4,incorrect_any_model,False,True,0.5333333333333333,0.7023777692895082,0.8122928242770774,0.9010943854308614,0.8981801503628916,intervention_activation_patch,gradient_attention_rollout
9a2e76ec406b510c,CRC-Prim-HE-07,03_COMPLEX,2,6,correct_low_confidence,True,False,1.0,0.6112890799779402,0.6112890799779402,0.8881447067959032,0.8881447067959032,intervention_activation_patch,gradient_attention_rollout
9c8680842b999b2a,CRC-Prim-HE-08,01_TUMOR,0,7,incorrect_any_model,False,True,1.0,0.7552784426975317,0.8663764051849149,0.933944312073391,0.9361876251216356,intervention_activation_patch,gradient_attention_rollout
9dd14a1d914dc864,CRC-Prim-HE-08,06_MUCOSA,5,7,incorrect_any_model,False,True,0.8,0.8371740040040352,0.8386607420168817,0.9768956287447951,0.9770774419360352,intervention_activation_patch,gradient_attention_rollout
9e2da9f9b3f082d8,CRC-Prim-HE-06,01_TUMOR,0,5,correct_high_confidence,True,False,1.0,0.629450761688265,0.629450761688265,0.8918734798357715,0.8918734798357715,intervention_activation_patch,gradient_attention_rollout
9e9a56b62253622a,CRC-Prim-HE-10,08_EMPTY,7,9,correct_high_confidence,True,False,1.0,0.40663573969963746,0.40663573969963746,0.9857571934149163,0.9857571934149163,intervention_activation_patch,gradient_attention_rollout
a06e84f10dd02759,CRC-Prim-HE-01,03_COMPLEX,2,0,correct_high_confidence,True,False,1.0,0.7996534675453983,0.7996534675453983,0.8974942292418728,0.8974942292418728,intervention_activation_patch,gradient_attention_rollout
a1d1a2794b06853a,CRC-Prim-HE-05,07_ADIPOSE,6,4,correct_low_confidence,True,False,1.0,0.6004771052296844,0.6004771052296844,0.9527837853871214,0.9527837853871214,intervention_activation_patch,gradient_attention_rollout
a23fbae33d4d8c78,CRC-Prim-HE-10,03_COMPLEX,2,9,incorrect_any_model,False,True,1.0,0.586958791993873,0.5952669965945957,0.8870417504500174,0.9059134886546055,intervention_activation_patch,gradient_attention_rollout
a3a71800248d10f3,CRC-Prim-HE-05,04_LYMPHO,3,4,correct_high_confidence,True,False,1.0,0.7253675817204526,0.7253675817204526,0.8726027690784762,0.8726027690784762,intervention_activation_patch,gradient_attention_rollout
a5b3a36e815bbd3c,CRC-Prim-HE-08,01_TUMOR,0,7,correct_low_confidence,True,False,1.0,0.8543652652622103,0.8543652652622103,0.9363534475354635,0.9363534475354635,intervention_activation_patch,gradient_attention_rollout
a601add377069399,CRC-Prim-HE-07,07_ADIPOSE,6,6,incorrect_any_model,True,False,1.0,0.8610372077020654,0.8610372077020654,0.9431549644457549,0.9431549644457549,intervention_activation_patch,gradient_attention_rollout
a620cbff5f573019,CRC-Prim-HE-06,08_EMPTY,7,5,incorrect_any_model,False,True,1.0,0.5557502958010204,0.5511138674986044,0.8854805689033391,0.9375834446755406,intervention_activation_patch,gradient_attention_rollout
a64aaa7bc517773b,CRC-Prim-HE-05,06_MUCOSA,5,4,incorrect_any_model,True,False,1.0,0.9317644969819875,0.9317644969819875,0.9596995929700788,0.9596995929700788,intervention_activation_patch,gradient_attention_rollout
a9d9432c0d68ed0a,CRC-Prim-HE-01,01_TUMOR,0,0,correct_low_confidence,True,False,1.0,0.7705824891376534,0.7705824891376534,0.9749198734550443,0.9749198734550443,intervention_activation_patch,gradient_attention_rollout
aa43907cd4b2becd,CRC-Prim-HE-07,04_LYMPHO,3,6,correct_high_confidence,True,False,1.0,0.6939291425764582,0.6939291425764582,0.9033503246411153,0.9033503246411153,intervention_activation_patch,gradient_attention_rollout
aa66053db10c2521,CRC-Prim-HE-07,01_TUMOR,0,6,correct_high_confidence,True,False,1.0,0.7609999485417427,0.7609999485417427,0.8568303374974877,0.8568303374974877,intervention_activation_patch,gradient_attention_rollout
aacf4d181a79611d,CRC-Prim-HE-10,05_DEBRIS,4,9,correct_high_confidence,True,False,1.0,0.5177476943265689,0.5177476943265689,0.9542724329091266,0.9542724329091266,intervention_activation_patch,gradient_attention_rollout
abb6eb6a3d2f19a4,CRC-Prim-HE-10,07_ADIPOSE,6,9,correct_high_confidence,True,False,1.0,0.7985669914288902,0.7985669914288902,0.9769885452554055,0.9769885452554055,intervention_activation_patch,gradient_attention_rollout
abd0b36c016589ac,CRC-Prim-HE-05,03_COMPLEX,2,4,correct_high_confidence,True,False,1.0,0.692143862478484,0.692143862478484,0.9119486524272602,0.9119486524272602,intervention_activation_patch,gradient_attention_rollout
ac296c08e234f433,CRC-Prim-HE-07,01_TUMOR,0,6,correct_high_confidence,True,False,1.0,0.7587661253934608,0.7587661253934608,0.8958129486338334,0.8958129486338334,intervention_activation_patch,gradient_attention_rollout
ac9d7a94992179c6,CRC-Prim-HE-08,05_DEBRIS,4,7,incorrect_any_model,False,True,1.0,0.8234662959029381,0.7360034487314807,0.9611474755202096,0.9749698822650237,intervention_activation_patch,gradient_attention_rollout
ada7eec7a05126f2,CRC-Prim-HE-01,05_DEBRIS,4,0,correct_high_confidence,True,False,1.0,0.7690179765254971,0.7690179765254971,0.9471626109769693,0.9471626109769693,intervention_activation_patch,gradient_attention_rollout
ae0cd82e37b56657,CRC-Prim-HE-08,06_MUCOSA,5,7,correct_low_confidence,True,False,1.0,0.8763106019251931,0.8763106019251931,0.8674506574724125,0.8674506574724125,intervention_activation_patch,gradient_attention_rollout
b01434a09d10e513,CRC-Prim-HE-09,02_STROMA,1,8,correct_low_confidence,True,False,1.0,0.7736033165131811,0.7736033165131811,0.9287391103779792,0.9287391103779792,intervention_activation_patch,gradient_attention_rollout
b07b2e18ddf8934d,CRC-Prim-HE-10,08_EMPTY,7,9,incorrect_any_model,False,True,0.37777777777777777,0.5472387394843028,0.42614693615273475,0.9589733902151257,0.9618081797342133,intervention_activation_patch,gradient_attention_rollout
b37b8b23cb98ecbb,CRC-Prim-HE-09,05_DEBRIS,4,8,correct_high_confidence,True,False,1.0,0.5742059865682999,0.5742059865682999,0.9670241127819084,0.9670241127819084,intervention_activation_patch,gradient_attention_rollout
b3c6abe8bd8cb7b2,CRC-Prim-HE-01,03_COMPLEX,2,0,correct_high_confidence,True,False,1.0,0.7848885878888932,0.7848885878888932,0.9267122660596192,0.9267122660596192,intervention_activation_patch,gradient_attention_rollout
b3f186984df05412,CRC-Prim-HE-06,08_EMPTY,7,5,correct_high_confidence,True,False,1.0,0.43919220694668337,0.43919220694668337,0.9592065174371194,0.9592065174371194,intervention_activation_patch,gradient_attention_rollout
b413d9d06b6eb228,CRC-Prim-HE-04,05_DEBRIS,4,3,correct_low_confidence,True,False,1.0,0.7312753189488944,0.7312753189488944,0.9612276596177973,0.9612276596177973,intervention_activation_patch,gradient_attention_rollout
b5d9d54cd96b2071,CRC-Prim-HE-06,05_DEBRIS,4,5,correct_low_confidence,True,False,1.0,0.6013954747066803,0.6013954747066803,0.9214189114406663,0.9214189114406663,intervention_activation_patch,gradient_attention_rollout
b5fa391f8923fea2,CRC-Prim-HE-06,08_EMPTY,7,5,incorrect_any_model,False,True,1.0,0.5023260342015957,0.5458266508143491,0.9060099999911457,0.9616658033771885,intervention_activation_patch,gradient_attention_rollout
b6916aa2102e4088,CRC-Prim-HE-02,06_MUCOSA,5,1,correct_high_confidence,True,False,1.0,0.8485944358791779,0.8485944358791779,0.7557240342447015,0.7557240342447015,intervention_activation_patch,gradient_attention_rollout
b6929d2700ed7f2f,CRC-Prim-HE-03,06_MUCOSA,5,2,incorrect_any_model,True,False,1.0,0.8849403973227719,0.8849403973227719,0.9218984576780079,0.9218984576780079,intervention_activation_patch,gradient_attention_rollout
b72b7a1e6a090000,CRC-Prim-HE-09,06_MUCOSA,5,8,correct_high_confidence,True,False,1.0,0.8819399232642564,0.8819399232642564,0.8678794511426855,0.8678794511426855,intervention_activation_patch,gradient_attention_rollout
b80fd6a4428f6c65,CRC-Prim-HE-07,02_STROMA,1,6,correct_high_confidence,True,False,1.0,0.6414950291319721,0.6414950291319721,0.9454896887819297,0.9454896887819297,intervention_activation_patch,gradient_attention_rollout
b847124aee457744,CRC-Prim-HE-03,06_MUCOSA,5,2,correct_low_confidence,True,False,1.0,0.8482563080752894,0.8482563080752894,0.9634969687471501,0.9634969687471501,intervention_activation_patch,gradient_attention_rollout
bab8ffa3672fe863,CRC-Prim-HE-10,05_DEBRIS,4,9,correct_high_confidence,True,False,1.0,0.526086916670774,0.526086916670774,0.9576839404250573,0.9576839404250573,intervention_activation_patch,gradient_attention_rollout
bb29249aa49ee525,CRC-Prim-HE-08,03_COMPLEX,2,7,correct_low_confidence,False,True,0.4666666666666667,0.7677184801731178,0.7512857504515273,0.9448982248112052,0.9439203613242776,intervention_activation_patch,gradient_attention_rollout
bbd0df7cb2f1d6d1,CRC-Prim-HE-05,05_DEBRIS,4,4,incorrect_any_model,False,True,1.0,0.5903460545899748,0.6527642367813601,0.9657381213581359,0.9861841099839648,intervention_activation_patch,gradient_attention_rollout
bbe13df2388dd5ee,CRC-Prim-HE-01,02_STROMA,1,0,incorrect_any_model,False,True,0.5333333333333333,0.7017158832686388,0.820461843040285,0.94598185232703,0.9648010582600869,intervention_activation_patch,gradient_attention_rollout
bc29578cecf0ffb3,CRC-Prim-HE-04,07_ADIPOSE,6,3,correct_low_confidence,True,False,1.0,0.9234635450470701,0.9234635450470701,0.9671000822559923,0.9671000822559923,intervention_activation_patch,gradient_attention_rollout
be3c49989d24922b,CRC-Prim-HE-06,08_EMPTY,7,5,correct_high_confidence,True,False,1.0,0.2719185261519563,0.2719185261519563,0.9500409509111465,0.9500409509111465,intervention_activation_patch,gradient_attention_rollout
bf44465971ef3179,CRC-Prim-HE-05,06_MUCOSA,5,4,correct_high_confidence,True,False,1.0,0.7731087301722059,0.7731087301722059,0.9109839994829119,0.9109839994829119,intervention_activation_patch,gradient_attention_rollout
c18fc3e2973f0de1,CRC-Prim-HE-05,05_DEBRIS,4,4,correct_high_confidence,True,False,1.0,0.6115177629293125,0.6115177629293125,0.9546763992594305,0.9546763992594305,intervention_activation_patch,gradient_attention_rollout
c39937219f52008c,CRC-Prim-HE-06,08_EMPTY,7,5,incorrect_any_model,False,True,0.5333333333333333,0.5432770090963607,0.589120817479153,0.9441526083295483,0.9699525323600742,intervention_activation_patch,gradient_attention_rollout
c425783b974cd07c,CRC-Prim-HE-06,07_ADIPOSE,6,5,incorrect_any_model,False,True,0.6444444444444445,0.4031831826328515,0.4080703099791051,0.9554899302892603,0.9511561615404981,intervention_activation_patch,gradient_attention_rollout
c4d1fe65995b26f9,CRC-Prim-HE-07,07_ADIPOSE,6,6,correct_high_confidence,True,False,1.0,0.7690691751596328,0.7690691751596328,0.9737046452057331,0.9737046452057331,intervention_activation_patch,gradient_attention_rollout
c64f85e88acdea4b,CRC-Prim-HE-10,01_TUMOR,0,9,correct_low_confidence,True,False,1.0,0.7597279535929911,0.7597279535929911,0.8181691710915786,0.8181691710915786,intervention_activation_patch,gradient_attention_rollout
c67fc5a94d0afbcd,CRC-Prim-HE-04,01_TUMOR,0,3,correct_low_confidence,True,False,1.0,0.8741563892874573,0.8741563892874573,0.9170645324379917,0.9170645324379917,intervention_activation_patch,gradient_attention_rollout
c68a986b4dae0cf4,CRC-Prim-HE-06,05_DEBRIS,4,5,correct_high_confidence,True,False,1.0,0.42710274578474433,0.42710274578474433,0.8700267132754443,0.8700267132754443,intervention_activation_patch,gradient_attention_rollout
c6a6ff38756c5203,CRC-Prim-HE-06,02_STROMA,1,5,correct_low_confidence,False,True,0.4666666666666667,0.5947312208312193,0.5620903654543012,0.9398163147671074,0.9651612846101606,intervention_activation_patch,gradient_attention_rollout
c86af546496edae6,CRC-Prim-HE-09,06_MUCOSA,5,8,incorrect_any_model,False,True,0.5333333333333333,0.8314318875524277,0.7289501552639195,0.949433350067868,0.9403752608683719,intervention_activation_patch,gradient_attention_rollout
c8912e73a087a123,CRC-Prim-HE-06,01_TUMOR,0,5,incorrect_any_model,False,True,0.8,0.6330803689483221,0.6047648835994747,0.9112256851198113,0.9076441405665481,intervention_activation_patch,gradient_attention_rollout
c9f61cfb5f9527d7,CRC-Prim-HE-05,06_MUCOSA,5,4,incorrect_any_model,True,False,1.0,0.8718007884969294,0.8718007884969294,0.9236162178004094,0.9236162178004094,intervention_activation_patch,gradient_attention_rollout
cafa43bacc3757d3,CRC-Prim-HE-08,03_COMPLEX,2,7,correct_high_confidence,True,False,1.0,0.8895597760529573,0.8895597760529573,0.9293142825267555,0.9293142825267555,intervention_activation_patch,gradient_attention_rollout
cb86458124384107,CRC-Prim-HE-06,05_DEBRIS,4,5,correct_low_confidence,False,True,0.6444444444444445,0.7525937677339796,0.7389320386079964,0.9558512203707372,0.9496379054029526,intervention_activation_patch,gradient_attention_rollout
cc4eeddb30209290,CRC-Prim-HE-08,06_MUCOSA,5,7,correct_high_confidence,True,False,1.0,0.9275048042303752,0.9275048042303752,0.8787333108435358,0.8787333108435358,intervention_activation_patch,gradient_attention_rollout
cebeb9d4928b4548,CRC-Prim-HE-04,01_TUMOR,0,3,incorrect_any_model,False,True,1.0,0.8909296551944418,0.8735375596998998,0.9535246382817086,0.9533402573576614,intervention_activation_patch,gradient_attention_rollout
cf0939767237c80d,CRC-Prim-HE-09,05_DEBRIS,4,8,correct_high_confidence,True,False,1.0,0.5135944239369086,0.5135944239369086,0.944421299432177,0.944421299432177,intervention_activation_patch,gradient_attention_rollout
d1c51024cb1d7ffe,CRC-Prim-HE-08,04_LYMPHO,3,7,correct_high_confidence,True,False,1.0,0.8043219985526916,0.8043219985526916,0.9004143966580516,0.9004143966580516,intervention_activation_patch,gradient_attention_rollout
d1efa060416e2952,CRC-Prim-HE-05,05_DEBRIS,4,4,correct_high_confidence,True,False,1.0,0.7277938511358186,0.7277938511358186,0.9472013217625982,0.9472013217625982,intervention_activation_patch,gradient_attention_rollout
d207bd7fcb29255f,CRC-Prim-HE-03,03_COMPLEX,2,2,correct_high_confidence,True,False,1.0,0.7935615358637023,0.7935615358637023,0.9165623547349436,0.9165623547349436,intervention_activation_patch,gradient_attention_rollout
d214abefe7c1dfaf,CRC-Prim-HE-03,07_ADIPOSE,6,2,incorrect_any_model,False,True,1.0,0.7758854157635032,0.7552568148158357,0.9767413699828493,0.9681316733383449,intervention_activation_patch,gradient_attention_rollout
d2cd5399d5294aee,CRC-Prim-HE-09,01_TUMOR,0,8,correct_high_confidence,True,False,1.0,0.6349825003654395,0.6349825003654395,0.8893662038549641,0.8893662038549641,intervention_activation_patch,gradient_attention_rollout
d345f3e6315b1134,CRC-Prim-HE-10,08_EMPTY,7,9,correct_high_confidence,True,False,1.0,0.3418831321821404,0.3418831321821404,0.9542011738966055,0.9542011738966055,intervention_activation_patch,gradient_attention_rollout
d35041c32ee958d6,CRC-Prim-HE-06,08_EMPTY,7,5,correct_low_confidence,False,True,0.5333333333333333,0.394797910105335,0.38874001374490724,0.9442289762449297,0.9333912401352576,intervention_activation_patch,gradient_attention_rollout
d3bbf2f08cac9ae7,CRC-Prim-HE-10,01_TUMOR,0,9,correct_high_confidence,True,False,1.0,0.4708952315644008,0.4708952315644008,0.8956793202768548,0.8956793202768548,intervention_activation_patch,gradient_attention_rollout
d49629b83cdc32c9,CRC-Prim-HE-01,02_STROMA,1,0,correct_high_confidence,True,False,1.0,0.8790263547558379,0.8790263547558379,0.9629250195457593,0.9629250195457593,intervention_activation_patch,gradient_attention_rollout
d63f1676f784f23d,CRC-Prim-HE-06,05_DEBRIS,4,5,correct_high_confidence,True,False,1.0,0.5499456404562187,0.5499456404562187,0.8696708077998869,0.8696708077998869,intervention_activation_patch,gradient_attention_rollout
d6c94cfaf1e9cd3d,CRC-Prim-HE-03,07_ADIPOSE,6,2,correct_high_confidence,True,False,1.0,0.8450537951934259,0.8450537951934259,0.9818549478883055,0.9818549478883055,intervention_activation_patch,gradient_attention_rollout
d80f16cbdb8857f7,CRC-Prim-HE-06,07_ADIPOSE,6,5,correct_low_confidence,True,False,1.0,0.42506937493659547,0.42506937493659547,0.9420612873549785,0.9420612873549785,intervention_activation_patch,gradient_attention_rollout
d9b66e01e9e8bd36,CRC-Prim-HE-06,07_ADIPOSE,6,5,correct_low_confidence,False,True,0.8,0.5378357742686233,0.5404689912726744,0.9483151688372862,0.9467676759627448,intervention_activation_patch,gradient_attention_rollout
d9dd2006e13c0d70,CRC-Prim-HE-05,01_TUMOR,0,4,correct_low_confidence,False,True,0.6444444444444445,0.7339136652553168,0.7444671175115434,0.9087442476755073,0.9051976047480036,intervention_activation_patch,gradient_attention_rollout
dc6b94ff2715424a,CRC-Prim-HE-04,05_DEBRIS,4,3,incorrect_any_model,True,False,1.0,0.6922245321427595,0.6922245321427595,0.94467162681811,0.94467162681811,intervention_activation_patch,gradient_attention_rollout
dcde425cdf686b04,CRC-Prim-HE-04,03_COMPLEX,2,3,incorrect_any_model,True,False,1.0,0.8989245428986687,0.8989245428986687,0.9625175114950315,0.9625175114950315,intervention_activation_patch,gradient_attention_rollout
de23c47aa96416d1,CRC-Prim-HE-02,04_LYMPHO,3,1,correct_high_confidence,True,False,1.0,0.582234305845267,0.582234305845267,0.8846989510368772,0.8846989510368772,intervention_activation_patch,gradient_attention_rollout
dfaa8ec92189e348,CRC-Prim-HE-09,01_TUMOR,0,8,correct_high_confidence,True,False,1.0,0.6618866654968477,0.6618866654968477,0.8962743967820109,0.8962743967820109,intervention_activation_patch,gradient_attention_rollout
e278af829a6b9784,CRC-Prim-HE-05,06_MUCOSA,5,4,correct_high_confidence,True,False,1.0,0.8122928317844434,0.8122928317844434,0.8869854019962796,0.8869854019962796,intervention_activation_patch,gradient_attention_rollout
e282c13c35afa98c,CRC-Prim-HE-08,03_COMPLEX,2,7,incorrect_any_model,False,True,1.0,0.8889763782905288,0.8143293231065896,0.95711160163662,0.9603213384794241,intervention_activation_patch,gradient_attention_rollout
e3197911686a7651,CRC-Prim-HE-06,08_EMPTY,7,5,incorrect_any_model,False,True,0.5333333333333333,0.6133544324964881,0.6514758336876606,0.9469044431517238,0.9685242708302897,intervention_activation_patch,gradient_attention_rollout
e32905663da3594c,CRC-Prim-HE-02,05_DEBRIS,4,1,incorrect_any_model,False,True,0.6444444444444445,0.632197276445346,0.6642279018468809,0.9203835148622728,0.9223748872189772,intervention_activation_patch,gradient_attention_rollout
e3d076db3e655665,CRC-Prim-HE-04,07_ADIPOSE,6,3,incorrect_any_model,False,True,1.0,0.8964852395546719,0.6127086261442363,0.9451319770391561,0.9218960493217202,intervention_activation_patch,gradient_attention_rollout
e3d399728802ed6d,CRC-Prim-HE-07,02_STROMA,1,6,correct_high_confidence,True,False,1.0,0.7418745150329236,0.7418745150329236,0.9464880587143097,0.9464880587143097,intervention_activation_patch,gradient_attention_rollout
e421b114e1846ee3,CRC-Prim-HE-06,06_MUCOSA,5,5,correct_high_confidence,True,False,1.0,0.8137663717336019,0.8137663717336019,0.873184210037002,0.873184210037002,intervention_activation_patch,gradient_attention_rollout
e52a13055817c38e,CRC-Prim-HE-09,06_MUCOSA,5,8,incorrect_any_model,False,True,1.0,0.7970715587192141,0.865558890243352,0.8475828514407194,0.9292358338623751,intervention_activation_patch,gradient_attention_rollout
ea872201a8997191,CRC-Prim-HE-07,06_MUCOSA,5,6,correct_low_confidence,True,False,1.0,0.8103735260739172,0.8103735260739172,0.92767426272865,0.92767426272865,intervention_activation_patch,gradient_attention_rollout
eaf3ad0d094266c7,CRC-Prim-HE-01,05_DEBRIS,4,0,correct_low_confidence,True,False,1.0,0.7082988031392312,0.7082988031392312,0.9330213095260232,0.9330213095260232,intervention_activation_patch,gradient_attention_rollout
eafad45d1660d58c,CRC-Prim-HE-07,02_STROMA,1,6,correct_low_confidence,False,True,0.4444444444444444,0.7707146627110235,0.789878220666619,0.9137388934488282,0.9457537225485014,intervention_activation_patch,gradient_attention_rollout
ebec86a33e09599f,CRC-Prim-HE-06,06_MUCOSA,5,5,correct_low_confidence,True,False,1.0,0.7649251356901967,0.7649251356901967,0.8691208171411215,0.8691208171411215,intervention_activation_patch,gradient_attention_rollout
ec3369696704a466,CRC-Prim-HE-01,06_MUCOSA,5,0,incorrect_any_model,True,False,1.0,0.8841430619478877,0.8841430619478877,0.9081353744152875,0.9081353744152875,intervention_activation_patch,gradient_attention_rollout
ec9ec0e66c7d3b7d,CRC-Prim-HE-06,08_EMPTY,7,5,correct_low_confidence,False,True,0.5333333333333333,0.4509285674421986,0.39350848595923943,0.9699458385462737,0.9718861591232877,intervention_activation_patch,gradient_attention_rollout
ecd14457d7b51287,CRC-Prim-HE-08,06_MUCOSA,5,7,correct_high_confidence,True,False,1.0,0.9311776229915683,0.9311776229915683,0.8431483945914693,0.8431483945914693,intervention_activation_patch,gradient_attention_rollout
ee35c00ac13a5f3e,CRC-Prim-HE-10,03_COMPLEX,2,9,correct_high_confidence,True,False,1.0,0.43325698471083557,0.43325698471083557,0.857451162164723,0.857451162164723,intervention_activation_patch,gradient_attention_rollout
effe32e349705865,CRC-Prim-HE-05,02_STROMA,1,4,correct_high_confidence,True,False,1.0,0.7400364926921267,0.7400364926921267,0.9080295838236376,0.9080295838236376,intervention_activation_patch,gradient_attention_rollout
f08968b7be243620,CRC-Prim-HE-10,07_ADIPOSE,6,9,incorrect_any_model,True,False,1.0,0.9096075129606499,0.9096075129606499,0.9180348875200219,0.9180348875200219,intervention_activation_patch,gradient_attention_rollout
f116d2a126d269ac,CRC-Prim-HE-05,03_COMPLEX,2,4,correct_high_confidence,True,False,1.0,0.7961825872307593,0.7961825872307593,0.8865464436457912,0.8865464436457912,intervention_activation_patch,gradient_attention_rollout
f176697eddd3b13e,CRC-Prim-HE-04,03_COMPLEX,2,3,correct_high_confidence,True,False,1.0,0.8768109235933088,0.8768109235933088,0.9708151489152215,0.9708151489152215,intervention_activation_patch,gradient_attention_rollout
f1c634424fcd7ead,CRC-Prim-HE-05,02_STROMA,1,4,correct_high_confidence,True,False,1.0,0.6099488373839618,0.6099488373839618,0.9351454797720209,0.9351454797720209,intervention_activation_patch,gradient_attention_rollout
f1ee00d7ee61f85b,CRC-Prim-HE-10,05_DEBRIS,4,9,correct_low_confidence,True,False,1.0,0.6163286559150255,0.6163286559150255,0.9174083252981005,0.9174083252981005,intervention_activation_patch,gradient_attention_rollout
f21424bf76115acd,CRC-Prim-HE-07,03_COMPLEX,2,6,incorrect_any_model,False,True,1.0,0.7134093818275485,0.8056418257269292,0.9271008968470897,0.90418574093701,intervention_activation_patch,gradient_attention_rollout
f3690d3f5927eebc,CRC-Prim-HE-01,04_LYMPHO,3,0,correct_high_confidence,True,False,1.0,0.7470345463192172,0.7470345463192172,0.9552689965742901,0.9552689965742901,intervention_activation_patch,gradient_attention_rollout
f3a7d1412918be9d,CRC-Prim-HE-07,07_ADIPOSE,6,6,incorrect_any_model,True,False,1.0,0.6155933174077127,0.6155933174077127,0.966912195048526,0.966912195048526,intervention_activation_patch,gradient_attention_rollout
f3ea0c2dad2b1d8b,CRC-Prim-HE-09,01_TUMOR,0,8,incorrect_any_model,False,True,1.0,0.7968660184037594,0.6095049427136324,0.9401857444787107,0.9161999679476114,intervention_activation_patch,gradient_attention_rollout
f4dad042bb035194,CRC-Prim-HE-06,08_EMPTY,7,5,correct_high_confidence,True,False,1.0,0.35132125572315054,0.35132125572315054,0.9423614818828744,0.9423614818828744,intervention_activation_patch,gradient_attention_rollout
f4dc756790902f42,CRC-Prim-HE-03,04_LYMPHO,3,2,incorrect_any_model,False,True,0.8,0.7034424923605176,0.6603075378593302,0.915242726011399,0.9220247192981059,intervention_activation_patch,gradient_attention_rollout
f592dea2058e2fbb,CRC-Prim-HE-09,04_LYMPHO,3,8,incorrect_any_model,False,True,1.0,0.6947798595323635,0.6897177237886163,0.8660930882830812,0.8436446576548101,intervention_activation_patch,gradient_attention_rollout
f6ca6de7ba0a5755,CRC-Prim-HE-02,06_MUCOSA,5,1,correct_high_confidence,True,False,1.0,0.9193755463739467,0.9193755463739467,0.8910070382441668,0.8910070382441668,intervention_activation_patch,gradient_attention_rollout
f805172f1b7a7abe,CRC-Prim-HE-06,04_LYMPHO,3,5,correct_high_confidence,True,False,1.0,0.42392337124157525,0.42392337124157525,0.8123018839189978,0.8123018839189978,intervention_activation_patch,gradient_attention_rollout
f84b95d53252404b,CRC-Prim-HE-04,01_TUMOR,0,3,correct_high_confidence,True,False,1.0,0.7536227616051173,0.7536227616051173,0.9291175056512259,0.9291175056512259,intervention_activation_patch,gradient_attention_rollout
f9712c30e0c76d77,CRC-Prim-HE-06,08_EMPTY,7,5,correct_high_confidence,True,False,1.0,0.45557908232267263,0.45557908232267263,0.9700446165710852,0.9700446165710852,intervention_activation_patch,gradient_attention_rollout
f9cb360943db7c9f,CRC-Prim-HE-08,03_COMPLEX,2,7,correct_high_confidence,True,False,1.0,0.8510621417357926,0.8510621417357926,0.9324435873529423,0.9324435873529423,intervention_activation_patch,gradient_attention_rollout
fa5f8b14785c09ad,CRC-Prim-HE-09,06_MUCOSA,5,8,correct_low_confidence,True,False,1.0,0.8531502248102718,0.8531502248102718,0.9252010579059168,0.9252010579059168,intervention_activation_patch,gradient_attention_rollout
fc3ee06e34231d86,CRC-Prim-HE-08,02_STROMA,1,7,incorrect_any_model,True,False,1.0,0.8139355972132978,0.8139355972132978,0.9490083327356714,0.9490083327356714,intervention_activation_patch,gradient_attention_rollout
fcb8ce7d834df3b9,CRC-Prim-HE-05,06_MUCOSA,5,4,correct_low_confidence,True,False,1.0,0.8485616744666378,0.8485616744666378,0.9075767774244929,0.9075767774244929,intervention_activation_patch,gradient_attention_rollout
fe53f5c5ed88cf27,CRC-Prim-HE-04,07_ADIPOSE,6,3,correct_high_confidence,True,False,1.0,0.8880172949144023,0.8880172949144023,0.956854049181823,0.956854049181823,intervention_activation_patch,gradient_attention_rollout
fff9dc6d3b013d9f,CRC-Prim-HE-07,05_DEBRIS,4,6,incorrect_any_model,False,True,1.0,0.5649431246190345,0.6554293116439601,0.9191943694046668,0.9142234157752649,intervention_activation_patch,gradient_attention_rollout
