model,seed,label,class_name,image_count,source_group_count,accuracy
DINOv2,11,0,01_TUMOR,625,10,0.9024
DINOv2,11,1,02_STROMA,625,10,0.6688
DINOv2,11,2,03_COMPLEX,625,10,0.5824
DINOv2,11,3,04_LYMPHO,625,10,0.7184
DINOv2,11,4,05_DEBRIS,625,10,0.464
DINOv2,11,5,06_MUCOSA,625,8,0.9312
DINOv2,11,6,07_ADIPOSE,625,6,0.9712
DINOv2,11,7,08_EMPTY,625,2,0.7664
DINOv2,23,0,01_TUMOR,625,10,0.8864
DINOv2,23,1,02_STROMA,625,10,0.6672
DINOv2,23,2,03_COMPLEX,625,10,0.6256
DINOv2,23,3,04_LYMPHO,625,10,0.7536
DINOv2,23,4,05_DEBRIS,625,10,0.472
DINOv2,23,5,06_MUCOSA,625,8,0.9328
DINOv2,23,6,07_ADIPOSE,625,6,0.968
DINOv2,23,7,08_EMPTY,625,2,0.7536
DINOv2,41,0,01_TUMOR,625,10,0.888
DINOv2,41,1,02_STROMA,625,10,0.6144
DINOv2,41,2,03_COMPLEX,625,10,0.6544
DINOv2,41,3,04_LYMPHO,625,10,0.7088
DINOv2,41,4,05_DEBRIS,625,10,0.4688
DINOv2,41,5,06_MUCOSA,625,8,0.936
DINOv2,41,6,07_ADIPOSE,625,6,0.9568
DINOv2,41,7,08_EMPTY,625,2,0.8
DINOv2,57,0,01_TUMOR,625,10,0.8912
DINOv2,57,1,02_STROMA,625,10,0.6528
DINOv2,57,2,03_COMPLEX,625,10,0.6912
DINOv2,57,3,04_LYMPHO,625,10,0.7648
DINOv2,57,4,05_DEBRIS,625,10,0.4064
DINOv2,57,5,06_MUCOSA,625,8,0.9264
DINOv2,57,6,07_ADIPOSE,625,6,0.9744
DINOv2,57,7,08_EMPTY,625,2,0.6944
DINOv2,73,0,01_TUMOR,625,10,0.888
DINOv2,73,1,02_STROMA,625,10,0.6496
DINOv2,73,2,03_COMPLEX,625,10,0.6656
DINOv2,73,3,04_LYMPHO,625,10,0.7344
DINOv2,73,4,05_DEBRIS,625,10,0.4368
DINOv2,73,5,06_MUCOSA,625,8,0.9376
DINOv2,73,6,07_ADIPOSE,625,6,0.9744
DINOv2,73,7,08_EMPTY,625,2,0.8144
DINOv2,89,0,01_TUMOR,625,10,0.8928
DINOv2,89,1,02_STROMA,625,10,0.6592
DINOv2,89,2,03_COMPLEX,625,10,0.6176
DINOv2,89,3,04_LYMPHO,625,10,0.7616
DINOv2,89,4,05_DEBRIS,625,10,0.4944
DINOv2,89,5,06_MUCOSA,625,8,0.9312
DINOv2,89,6,07_ADIPOSE,625,6,0.968
DINOv2,89,7,08_EMPTY,625,2,0.7248
DINOv2,101,0,01_TUMOR,625,10,0.8896
DINOv2,101,1,02_STROMA,625,10,0.6496
DINOv2,101,2,03_COMPLEX,625,10,0.6624
DINOv2,101,3,04_LYMPHO,625,10,0.7104
DINOv2,101,4,05_DEBRIS,625,10,0.4144
DINOv2,101,5,06_MUCOSA,625,8,0.9296
DINOv2,101,6,07_ADIPOSE,625,6,0.9616
DINOv2,101,7,08_EMPTY,625,2,0.7936
DINOv2,131,0,01_TUMOR,625,10,0.8576
DINOv2,131,1,02_STROMA,625,10,0.6832
DINOv2,131,2,03_COMPLEX,625,10,0.6016
DINOv2,131,3,04_LYMPHO,625,10,0.7504
DINOv2,131,4,05_DEBRIS,625,10,0.4432
DINOv2,131,5,06_MUCOSA,625,8,0.944
DINOv2,131,6,07_ADIPOSE,625,6,0.9648
DINOv2,131,7,08_EMPTY,625,2,0.7712
DINOv2,151,0,01_TUMOR,625,10,0.896
DINOv2,151,1,02_STROMA,625,10,0.7056
DINOv2,151,2,03_COMPLEX,625,10,0.6288
DINOv2,151,3,04_LYMPHO,625,10,0.7408
DINOv2,151,4,05_DEBRIS,625,10,0.4432
DINOv2,151,5,06_MUCOSA,625,8,0.9264
DINOv2,151,6,07_ADIPOSE,625,6,0.9744
DINOv2,151,7,08_EMPTY,625,2,0.6736
DINOv2,181,0,01_TUMOR,625,10,0.8912
DINOv2,181,1,02_STROMA,625,10,0.6688
DINOv2,181,2,03_COMPLEX,625,10,0.656
DINOv2,181,3,04_LYMPHO,625,10,0.72
DINOv2,181,4,05_DEBRIS,625,10,0.4816
DINOv2,181,5,06_MUCOSA,625,8,0.9344
DINOv2,181,6,07_ADIPOSE,625,6,0.9664
DINOv2,181,7,08_EMPTY,625,2,0.8288
ResNet18,11,0,01_TUMOR,625,10,0.9008
ResNet18,11,1,02_STROMA,625,10,0.64
ResNet18,11,2,03_COMPLEX,625,10,0.7136
ResNet18,11,3,04_LYMPHO,625,10,0.8864
ResNet18,11,4,05_DEBRIS,625,10,0.6016
ResNet18,11,5,06_MUCOSA,625,8,0.9664
ResNet18,11,6,07_ADIPOSE,625,6,0.9472
ResNet18,11,7,08_EMPTY,625,2,0.936
ResNet18,23,0,01_TUMOR,625,10,0.9104
ResNet18,23,1,02_STROMA,625,10,0.6912
ResNet18,23,2,03_COMPLEX,625,10,0.7408
ResNet18,23,3,04_LYMPHO,625,10,0.8784
ResNet18,23,4,05_DEBRIS,625,10,0.5056
ResNet18,23,5,06_MUCOSA,625,8,0.9712
ResNet18,23,6,07_ADIPOSE,625,6,0.968
ResNet18,23,7,08_EMPTY,625,2,0.8528
ResNet18,41,0,01_TUMOR,625,10,0.9328
ResNet18,41,1,02_STROMA,625,10,0.6144
ResNet18,41,2,03_COMPLEX,625,10,0.7408
ResNet18,41,3,04_LYMPHO,625,10,0.8688
ResNet18,41,4,05_DEBRIS,625,10,0.5696
ResNet18,41,5,06_MUCOSA,625,8,0.9584
ResNet18,41,6,07_ADIPOSE,625,6,0.968
ResNet18,41,7,08_EMPTY,625,2,0.7968
ResNet18,57,0,01_TUMOR,625,10,0.9184
ResNet18,57,1,02_STROMA,625,10,0.672
ResNet18,57,2,03_COMPLEX,625,10,0.736
ResNet18,57,3,04_LYMPHO,625,10,0.8752
ResNet18,57,4,05_DEBRIS,625,10,0.568
ResNet18,57,5,06_MUCOSA,625,8,0.9696
ResNet18,57,6,07_ADIPOSE,625,6,0.952
ResNet18,57,7,08_EMPTY,625,2,0.9872
ResNet18,73,0,01_TUMOR,625,10,0.9488
ResNet18,73,1,02_STROMA,625,10,0.6
ResNet18,73,2,03_COMPLEX,625,10,0.6464
ResNet18,73,3,04_LYMPHO,625,10,0.8448
ResNet18,73,4,05_DEBRIS,625,10,0.5408
ResNet18,73,5,06_MUCOSA,625,8,0.9584
ResNet18,73,6,07_ADIPOSE,625,6,0.9552
ResNet18,73,7,08_EMPTY,625,2,0.9504
ResNet18,89,0,01_TUMOR,625,10,0.9184
ResNet18,89,1,02_STROMA,625,10,0.6496
ResNet18,89,2,03_COMPLEX,625,10,0.6944
ResNet18,89,3,04_LYMPHO,625,10,0.8752
ResNet18,89,4,05_DEBRIS,625,10,0.5408
ResNet18,89,5,06_MUCOSA,625,8,0.9472
ResNet18,89,6,07_ADIPOSE,625,6,0.9584
ResNet18,89,7,08_EMPTY,625,2,0.808
ResNet18,101,0,01_TUMOR,625,10,0.9232
ResNet18,101,1,02_STROMA,625,10,0.6624
ResNet18,101,2,03_COMPLEX,625,10,0.7184
ResNet18,101,3,04_LYMPHO,625,10,0.8512
ResNet18,101,4,05_DEBRIS,625,10,0.5808
ResNet18,101,5,06_MUCOSA,625,8,0.9552
ResNet18,101,6,07_ADIPOSE,625,6,0.968
ResNet18,101,7,08_EMPTY,625,2,0.9184
ResNet18,131,0,01_TUMOR,625,10,0.9296
ResNet18,131,1,02_STROMA,625,10,0.6816
ResNet18,131,2,03_COMPLEX,625,10,0.6656
ResNet18,131,3,04_LYMPHO,625,10,0.8944
ResNet18,131,4,05_DEBRIS,625,10,0.5904
ResNet18,131,5,06_MUCOSA,625,8,0.9728
ResNet18,131,6,07_ADIPOSE,625,6,0.9584
ResNet18,131,7,08_EMPTY,625,2,0.8832
ResNet18,151,0,01_TUMOR,625,10,0.9152
ResNet18,151,1,02_STROMA,625,10,0.6576
ResNet18,151,2,03_COMPLEX,625,10,0.7104
ResNet18,151,3,04_LYMPHO,625,10,0.8816
ResNet18,151,4,05_DEBRIS,625,10,0.568
ResNet18,151,5,06_MUCOSA,625,8,0.9632
ResNet18,151,6,07_ADIPOSE,625,6,0.968
ResNet18,151,7,08_EMPTY,625,2,0.0624
ResNet18,181,0,01_TUMOR,625,10,0.9072
ResNet18,181,1,02_STROMA,625,10,0.6608
ResNet18,181,2,03_COMPLEX,625,10,0.6752
ResNet18,181,3,04_LYMPHO,625,10,0.8688
ResNet18,181,4,05_DEBRIS,625,10,0.5776
ResNet18,181,5,06_MUCOSA,625,8,0.9616
ResNet18,181,6,07_ADIPOSE,625,6,0.9696
ResNet18,181,7,08_EMPTY,625,2,0.9456
UNI,11,0,01_TUMOR,625,10,0.96
UNI,11,1,02_STROMA,625,10,0.7184
UNI,11,2,03_COMPLEX,625,10,0.752
UNI,11,3,04_LYMPHO,625,10,0.8784
UNI,11,4,05_DEBRIS,625,10,0.5968
UNI,11,5,06_MUCOSA,625,8,0.9936
UNI,11,6,07_ADIPOSE,625,6,0.984
UNI,11,7,08_EMPTY,625,2,0.6416
UNI,23,0,01_TUMOR,625,10,0.9648
UNI,23,1,02_STROMA,625,10,0.7376
UNI,23,2,03_COMPLEX,625,10,0.76
UNI,23,3,04_LYMPHO,625,10,0.8592
UNI,23,4,05_DEBRIS,625,10,0.608
UNI,23,5,06_MUCOSA,625,8,0.992
UNI,23,6,07_ADIPOSE,625,6,0.9824
UNI,23,7,08_EMPTY,625,2,0.8032
UNI,41,0,01_TUMOR,625,10,0.96
UNI,41,1,02_STROMA,625,10,0.736
UNI,41,2,03_COMPLEX,625,10,0.7328
UNI,41,3,04_LYMPHO,625,10,0.8832
UNI,41,4,05_DEBRIS,625,10,0.6
UNI,41,5,06_MUCOSA,625,8,0.9952
UNI,41,6,07_ADIPOSE,625,6,0.9856
UNI,41,7,08_EMPTY,625,2,0.864
UNI,57,0,01_TUMOR,625,10,0.9648
UNI,57,1,02_STROMA,625,10,0.7216
UNI,57,2,03_COMPLEX,625,10,0.7488
UNI,57,3,04_LYMPHO,625,10,0.8608
UNI,57,4,05_DEBRIS,625,10,0.608
UNI,57,5,06_MUCOSA,625,8,0.992
UNI,57,6,07_ADIPOSE,625,6,0.9824
UNI,57,7,08_EMPTY,625,2,0.704
UNI,73,0,01_TUMOR,625,10,0.9664
UNI,73,1,02_STROMA,625,10,0.728
UNI,73,2,03_COMPLEX,625,10,0.736
UNI,73,3,04_LYMPHO,625,10,0.8752
UNI,73,4,05_DEBRIS,625,10,0.6032
UNI,73,5,06_MUCOSA,625,8,0.9952
UNI,73,6,07_ADIPOSE,625,6,0.984
UNI,73,7,08_EMPTY,625,2,0.4896
UNI,89,0,01_TUMOR,625,10,0.9632
UNI,89,1,02_STROMA,625,10,0.7104
UNI,89,2,03_COMPLEX,625,10,0.7264
UNI,89,3,04_LYMPHO,625,10,0.8768
UNI,89,4,05_DEBRIS,625,10,0.6064
UNI,89,5,06_MUCOSA,625,8,0.9904
UNI,89,6,07_ADIPOSE,625,6,0.984
UNI,89,7,08_EMPTY,625,2,0.4496
UNI,101,0,01_TUMOR,625,10,0.9664
UNI,101,1,02_STROMA,625,10,0.76
UNI,101,2,03_COMPLEX,625,10,0.752
UNI,101,3,04_LYMPHO,625,10,0.864
UNI,101,4,05_DEBRIS,625,10,0.5936
UNI,101,5,06_MUCOSA,625,8,0.9936
UNI,101,6,07_ADIPOSE,625,6,0.9808
UNI,101,7,08_EMPTY,625,2,0.4144
UNI,131,0,01_TUMOR,625,10,0.9616
UNI,131,1,02_STROMA,625,10,0.728
UNI,131,2,03_COMPLEX,625,10,0.7728
UNI,131,3,04_LYMPHO,625,10,0.8896
UNI,131,4,05_DEBRIS,625,10,0.6048
UNI,131,5,06_MUCOSA,625,8,0.9952
UNI,131,6,07_ADIPOSE,625,6,0.9872
UNI,131,7,08_EMPTY,625,2,0.7472
UNI,151,0,01_TUMOR,625,10,0.9616
UNI,151,1,02_STROMA,625,10,0.7152
UNI,151,2,03_COMPLEX,625,10,0.7696
UNI,151,3,04_LYMPHO,625,10,0.8736
UNI,151,4,05_DEBRIS,625,10,0.5984
UNI,151,5,06_MUCOSA,625,8,0.9936
UNI,151,6,07_ADIPOSE,625,6,0.9872
UNI,151,7,08_EMPTY,625,2,0.632
UNI,181,0,01_TUMOR,625,10,0.9664
UNI,181,1,02_STROMA,625,10,0.7616
UNI,181,2,03_COMPLEX,625,10,0.76
UNI,181,3,04_LYMPHO,625,10,0.8816
UNI,181,4,05_DEBRIS,625,10,0.6048
UNI,181,5,06_MUCOSA,625,8,0.9952
UNI,181,6,07_ADIPOSE,625,6,0.9856
UNI,181,7,08_EMPTY,625,2,0.5984
