model,seed,case_id,images,accuracy
DINOv2,11,CRC-Prim-HE-01,401,0.8728179551122195
DINOv2,11,CRC-Prim-HE-02,284,0.7922535211267606
DINOv2,11,CRC-Prim-HE-03,740,0.7445945945945946
DINOv2,11,CRC-Prim-HE-04,381,0.8293963254593176
DINOv2,11,CRC-Prim-HE-05,661,0.7397881996974282
DINOv2,11,CRC-Prim-HE-06,1061,0.7700282752120641
DINOv2,11,CRC-Prim-HE-07,503,0.7395626242544732
DINOv2,11,CRC-Prim-HE-08,389,0.4498714652956298
DINOv2,11,CRC-Prim-HE-09,342,0.7017543859649122
DINOv2,11,CRC-Prim-HE-10,238,0.9159663865546218
DINOv2,23,CRC-Prim-HE-01,401,0.9201995012468828
DINOv2,23,CRC-Prim-HE-02,284,0.7992957746478874
DINOv2,23,CRC-Prim-HE-03,740,0.7445945945945946
DINOv2,23,CRC-Prim-HE-04,381,0.7952755905511811
DINOv2,23,CRC-Prim-HE-05,661,0.7337367624810892
DINOv2,23,CRC-Prim-HE-06,1061,0.7964184731385485
DINOv2,23,CRC-Prim-HE-07,503,0.7435387673956262
DINOv2,23,CRC-Prim-HE-08,389,0.46786632390745503
DINOv2,23,CRC-Prim-HE-09,342,0.6812865497076024
DINOv2,23,CRC-Prim-HE-10,238,0.9159663865546218
DINOv2,41,CRC-Prim-HE-01,401,0.9276807980049875
DINOv2,41,CRC-Prim-HE-02,284,0.7922535211267606
DINOv2,41,CRC-Prim-HE-03,740,0.7054054054054054
DINOv2,41,CRC-Prim-HE-04,381,0.8188976377952756
DINOv2,41,CRC-Prim-HE-05,661,0.7246596066565809
DINOv2,41,CRC-Prim-HE-06,1061,0.7822808671065034
DINOv2,41,CRC-Prim-HE-07,503,0.7594433399602386
DINOv2,41,CRC-Prim-HE-08,389,0.4987146529562982
DINOv2,41,CRC-Prim-HE-09,342,0.6695906432748538
DINOv2,41,CRC-Prim-HE-10,238,0.9327731092436975
DINOv2,57,CRC-Prim-HE-01,401,0.9201995012468828
DINOv2,57,CRC-Prim-HE-02,284,0.8063380281690141
DINOv2,57,CRC-Prim-HE-03,740,0.7148648648648649
DINOv2,57,CRC-Prim-HE-04,381,0.8241469816272966
DINOv2,57,CRC-Prim-HE-05,661,0.7700453857791225
DINOv2,57,CRC-Prim-HE-06,1061,0.7351555136663525
DINOv2,57,CRC-Prim-HE-07,503,0.7634194831013916
DINOv2,57,CRC-Prim-HE-08,389,0.4473007712082262
DINOv2,57,CRC-Prim-HE-09,342,0.7192982456140351
DINOv2,57,CRC-Prim-HE-10,238,0.9117647058823529
DINOv2,73,CRC-Prim-HE-01,401,0.912718204488778
DINOv2,73,CRC-Prim-HE-02,284,0.8063380281690141
DINOv2,73,CRC-Prim-HE-03,740,0.7040540540540541
DINOv2,73,CRC-Prim-HE-04,381,0.8267716535433071
DINOv2,73,CRC-Prim-HE-05,661,0.7655068078668684
DINOv2,73,CRC-Prim-HE-06,1061,0.822808671065033
DINOv2,73,CRC-Prim-HE-07,503,0.7654075546719682
DINOv2,73,CRC-Prim-HE-08,389,0.4498714652956298
DINOv2,73,CRC-Prim-HE-09,342,0.6666666666666666
DINOv2,73,CRC-Prim-HE-10,238,0.9033613445378151
DINOv2,89,CRC-Prim-HE-01,401,0.9177057356608479
DINOv2,89,CRC-Prim-HE-02,284,0.8028169014084507
DINOv2,89,CRC-Prim-HE-03,740,0.75
DINOv2,89,CRC-Prim-HE-04,381,0.8241469816272966
DINOv2,89,CRC-Prim-HE-05,661,0.7534039334341907
DINOv2,89,CRC-Prim-HE-06,1061,0.7615457115928369
DINOv2,89,CRC-Prim-HE-07,503,0.7534791252485089
DINOv2,89,CRC-Prim-HE-08,389,0.46272493573264784
DINOv2,89,CRC-Prim-HE-09,342,0.6783625730994152
DINOv2,89,CRC-Prim-HE-10,238,0.9201680672268907
DINOv2,101,CRC-Prim-HE-01,401,0.8977556109725686
DINOv2,101,CRC-Prim-HE-02,284,0.8063380281690141
DINOv2,101,CRC-Prim-HE-03,740,0.7337837837837838
DINOv2,101,CRC-Prim-HE-04,381,0.7532808398950132
DINOv2,101,CRC-Prim-HE-05,661,0.7291981845688351
DINOv2,101,CRC-Prim-HE-06,1061,0.7945334590009425
DINOv2,101,CRC-Prim-HE-07,503,0.7713717693836978
DINOv2,101,CRC-Prim-HE-08,389,0.45758354755784064
DINOv2,101,CRC-Prim-HE-09,342,0.6783625730994152
DINOv2,101,CRC-Prim-HE-10,238,0.9033613445378151
DINOv2,131,CRC-Prim-HE-01,401,0.912718204488778
DINOv2,131,CRC-Prim-HE-02,284,0.7535211267605634
DINOv2,131,CRC-Prim-HE-03,740,0.7148648648648649
DINOv2,131,CRC-Prim-HE-04,381,0.8083989501312336
DINOv2,131,CRC-Prim-HE-05,661,0.7549167927382754
DINOv2,131,CRC-Prim-HE-06,1061,0.7926484448633365
DINOv2,131,CRC-Prim-HE-07,503,0.7256461232604374
DINOv2,131,CRC-Prim-HE-08,389,0.4832904884318766
DINOv2,131,CRC-Prim-HE-09,342,0.6812865497076024
DINOv2,131,CRC-Prim-HE-10,238,0.9117647058823529
DINOv2,151,CRC-Prim-HE-01,401,0.912718204488778
DINOv2,151,CRC-Prim-HE-02,284,0.8028169014084507
DINOv2,151,CRC-Prim-HE-03,740,0.7621621621621621
DINOv2,151,CRC-Prim-HE-04,381,0.7979002624671916
DINOv2,151,CRC-Prim-HE-05,661,0.75642965204236
DINOv2,151,CRC-Prim-HE-06,1061,0.7238454288407163
DINOv2,151,CRC-Prim-HE-07,503,0.7693836978131213
DINOv2,151,CRC-Prim-HE-08,389,0.4601542416452442
DINOv2,151,CRC-Prim-HE-09,342,0.672514619883041
DINOv2,151,CRC-Prim-HE-10,238,0.9117647058823529
DINOv2,181,CRC-Prim-HE-01,401,0.9201995012468828
DINOv2,181,CRC-Prim-HE-02,284,0.7852112676056338
DINOv2,181,CRC-Prim-HE-03,740,0.7608108108108108
DINOv2,181,CRC-Prim-HE-04,381,0.8110236220472441
DINOv2,181,CRC-Prim-HE-05,661,0.7503782148260212
DINOv2,181,CRC-Prim-HE-06,1061,0.824693685202639
DINOv2,181,CRC-Prim-HE-07,503,0.7395626242544732
DINOv2,181,CRC-Prim-HE-08,389,0.4652956298200514
DINOv2,181,CRC-Prim-HE-09,342,0.6754385964912281
DINOv2,181,CRC-Prim-HE-10,238,0.9369747899159664
FrozenResNet18,11,CRC-Prim-HE-01,401,0.8528678304239401
FrozenResNet18,11,CRC-Prim-HE-02,284,0.8028169014084507
FrozenResNet18,11,CRC-Prim-HE-03,740,0.7243243243243244
FrozenResNet18,11,CRC-Prim-HE-04,381,0.7874015748031497
FrozenResNet18,11,CRC-Prim-HE-05,661,0.8018154311649016
FrozenResNet18,11,CRC-Prim-HE-06,1061,0.9057492931196984
FrozenResNet18,11,CRC-Prim-HE-07,503,0.731610337972167
FrozenResNet18,11,CRC-Prim-HE-08,389,0.41131105398457585
FrozenResNet18,11,CRC-Prim-HE-09,342,0.7046783625730995
FrozenResNet18,11,CRC-Prim-HE-10,238,0.9033613445378151
FrozenResNet18,23,CRC-Prim-HE-01,401,0.8653366583541147
FrozenResNet18,23,CRC-Prim-HE-02,284,0.7992957746478874
FrozenResNet18,23,CRC-Prim-HE-03,740,0.7054054054054054
FrozenResNet18,23,CRC-Prim-HE-04,381,0.7375328083989501
FrozenResNet18,23,CRC-Prim-HE-05,661,0.7957639939485628
FrozenResNet18,23,CRC-Prim-HE-06,1061,0.35061262959472195
FrozenResNet18,23,CRC-Prim-HE-07,503,0.731610337972167
FrozenResNet18,23,CRC-Prim-HE-08,389,0.4087403598971722
FrozenResNet18,23,CRC-Prim-HE-09,342,0.7105263157894737
FrozenResNet18,23,CRC-Prim-HE-10,238,0.8907563025210085
FrozenResNet18,41,CRC-Prim-HE-01,401,0.7556109725685786
FrozenResNet18,41,CRC-Prim-HE-02,284,0.7922535211267606
FrozenResNet18,41,CRC-Prim-HE-03,740,0.7027027027027027
FrozenResNet18,41,CRC-Prim-HE-04,381,0.7427821522309711
FrozenResNet18,41,CRC-Prim-HE-05,661,0.8018154311649016
FrozenResNet18,41,CRC-Prim-HE-06,1061,0.8416588124410933
FrozenResNet18,41,CRC-Prim-HE-07,503,0.7216699801192843
FrozenResNet18,41,CRC-Prim-HE-08,389,0.493573264781491
FrozenResNet18,41,CRC-Prim-HE-09,342,0.7222222222222222
FrozenResNet18,41,CRC-Prim-HE-10,238,0.8991596638655462
FrozenResNet18,57,CRC-Prim-HE-01,401,0.8104738154613467
FrozenResNet18,57,CRC-Prim-HE-02,284,0.7852112676056338
FrozenResNet18,57,CRC-Prim-HE-03,740,0.6891891891891891
FrozenResNet18,57,CRC-Prim-HE-04,381,0.7506561679790026
FrozenResNet18,57,CRC-Prim-HE-05,661,0.7987897125567323
FrozenResNet18,57,CRC-Prim-HE-06,1061,0.8152686145146089
FrozenResNet18,57,CRC-Prim-HE-07,503,0.7335984095427436
FrozenResNet18,57,CRC-Prim-HE-08,389,0.4755784061696658
FrozenResNet18,57,CRC-Prim-HE-09,342,0.7105263157894737
FrozenResNet18,57,CRC-Prim-HE-10,238,0.9117647058823529
FrozenResNet18,73,CRC-Prim-HE-01,401,0.8204488778054863
FrozenResNet18,73,CRC-Prim-HE-02,284,0.7992957746478874
FrozenResNet18,73,CRC-Prim-HE-03,740,0.7243243243243244
FrozenResNet18,73,CRC-Prim-HE-04,381,0.7611548556430446
FrozenResNet18,73,CRC-Prim-HE-05,661,0.783661119515885
FrozenResNet18,73,CRC-Prim-HE-06,1061,0.8454288407163054
FrozenResNet18,73,CRC-Prim-HE-07,503,0.7435387673956262
FrozenResNet18,73,CRC-Prim-HE-08,389,0.4755784061696658
FrozenResNet18,73,CRC-Prim-HE-09,342,0.7105263157894737
FrozenResNet18,73,CRC-Prim-HE-10,238,0.8991596638655462
FrozenResNet18,89,CRC-Prim-HE-01,401,0.7655860349127181
FrozenResNet18,89,CRC-Prim-HE-02,284,0.7922535211267606
FrozenResNet18,89,CRC-Prim-HE-03,740,0.6932432432432433
FrozenResNet18,89,CRC-Prim-HE-04,381,0.7821522309711286
FrozenResNet18,89,CRC-Prim-HE-05,661,0.794251134644478
FrozenResNet18,89,CRC-Prim-HE-06,1061,0.8963242224316682
FrozenResNet18,89,CRC-Prim-HE-07,503,0.7276341948310139
FrozenResNet18,89,CRC-Prim-HE-08,389,0.48586118251928023
FrozenResNet18,89,CRC-Prim-HE-09,342,0.7046783625730995
FrozenResNet18,89,CRC-Prim-HE-10,238,0.9117647058823529
FrozenResNet18,101,CRC-Prim-HE-01,401,0.8329177057356608
FrozenResNet18,101,CRC-Prim-HE-02,284,0.7992957746478874
FrozenResNet18,101,CRC-Prim-HE-03,740,0.7040540540540541
FrozenResNet18,101,CRC-Prim-HE-04,381,0.7532808398950132
FrozenResNet18,101,CRC-Prim-HE-05,661,0.783661119515885
FrozenResNet18,101,CRC-Prim-HE-06,1061,0.9104618284637135
FrozenResNet18,101,CRC-Prim-HE-07,503,0.7296222664015904
FrozenResNet18,101,CRC-Prim-HE-08,389,0.45758354755784064
FrozenResNet18,101,CRC-Prim-HE-09,342,0.7251461988304093
FrozenResNet18,101,CRC-Prim-HE-10,238,0.8865546218487395
FrozenResNet18,131,CRC-Prim-HE-01,401,0.8728179551122195
FrozenResNet18,131,CRC-Prim-HE-02,284,0.8274647887323944
FrozenResNet18,131,CRC-Prim-HE-03,740,0.731081081081081
FrozenResNet18,131,CRC-Prim-HE-04,381,0.6771653543307087
FrozenResNet18,131,CRC-Prim-HE-05,661,0.7821482602118003
FrozenResNet18,131,CRC-Prim-HE-06,1061,0.8642789820923656
FrozenResNet18,131,CRC-Prim-HE-07,503,0.7375745526838966
FrozenResNet18,131,CRC-Prim-HE-08,389,0.4318766066838046
FrozenResNet18,131,CRC-Prim-HE-09,342,0.7251461988304093
FrozenResNet18,131,CRC-Prim-HE-10,238,0.9033613445378151
FrozenResNet18,151,CRC-Prim-HE-01,401,0.7456359102244389
FrozenResNet18,151,CRC-Prim-HE-02,284,0.8028169014084507
FrozenResNet18,151,CRC-Prim-HE-03,740,0.7121621621621622
FrozenResNet18,151,CRC-Prim-HE-04,381,0.6614173228346457
FrozenResNet18,151,CRC-Prim-HE-05,661,0.7912254160363086
FrozenResNet18,151,CRC-Prim-HE-06,1061,0.8557964184731386
FrozenResNet18,151,CRC-Prim-HE-07,503,0.7335984095427436
FrozenResNet18,151,CRC-Prim-HE-08,389,0.4370179948586118
FrozenResNet18,151,CRC-Prim-HE-09,342,0.7280701754385965
FrozenResNet18,151,CRC-Prim-HE-10,238,0.8865546218487395
FrozenResNet18,181,CRC-Prim-HE-01,401,0.8079800498753117
FrozenResNet18,181,CRC-Prim-HE-02,284,0.7746478873239436
FrozenResNet18,181,CRC-Prim-HE-03,740,0.7175675675675676
FrozenResNet18,181,CRC-Prim-HE-04,381,0.7559055118110236
FrozenResNet18,181,CRC-Prim-HE-05,661,0.7881996974281392
FrozenResNet18,181,CRC-Prim-HE-06,1061,0.8953817153628653
FrozenResNet18,181,CRC-Prim-HE-07,503,0.7375745526838966
FrozenResNet18,181,CRC-Prim-HE-08,389,0.46272493573264784
FrozenResNet18,181,CRC-Prim-HE-09,342,0.7192982456140351
FrozenResNet18,181,CRC-Prim-HE-10,238,0.907563025210084
ResNet18,11,CRC-Prim-HE-01,401,0.885286783042394
ResNet18,11,CRC-Prim-HE-02,284,0.795774647887324
ResNet18,11,CRC-Prim-HE-03,740,0.7837837837837838
ResNet18,11,CRC-Prim-HE-04,381,0.8556430446194225
ResNet18,11,CRC-Prim-HE-05,661,0.8456883509833586
ResNet18,11,CRC-Prim-HE-06,1061,0.9236569274269557
ResNet18,11,CRC-Prim-HE-07,503,0.7833001988071571
ResNet18,11,CRC-Prim-HE-08,389,0.5269922879177378
ResNet18,11,CRC-Prim-HE-09,342,0.7865497076023392
ResNet18,11,CRC-Prim-HE-10,238,0.9495798319327731
ResNet18,23,CRC-Prim-HE-01,401,0.9276807980049875
ResNet18,23,CRC-Prim-HE-02,284,0.7887323943661971
ResNet18,23,CRC-Prim-HE-03,740,0.7743243243243243
ResNet18,23,CRC-Prim-HE-04,381,0.8766404199475065
ResNet18,23,CRC-Prim-HE-05,661,0.8426626323751891
ResNet18,23,CRC-Prim-HE-06,1061,0.882186616399623
ResNet18,23,CRC-Prim-HE-07,503,0.805168986083499
ResNet18,23,CRC-Prim-HE-08,389,0.45758354755784064
ResNet18,23,CRC-Prim-HE-09,342,0.7777777777777778
ResNet18,23,CRC-Prim-HE-10,238,0.9621848739495799
ResNet18,41,CRC-Prim-HE-01,401,0.885286783042394
ResNet18,41,CRC-Prim-HE-02,284,0.8169014084507042
ResNet18,41,CRC-Prim-HE-03,740,0.7905405405405406
ResNet18,41,CRC-Prim-HE-04,381,0.889763779527559
ResNet18,41,CRC-Prim-HE-05,661,0.8456883509833586
ResNet18,41,CRC-Prim-HE-06,1061,0.8350612629594723
ResNet18,41,CRC-Prim-HE-07,503,0.7793240556660039
ResNet18,41,CRC-Prim-HE-08,389,0.4730077120822622
ResNet18,41,CRC-Prim-HE-09,342,0.7953216374269005
ResNet18,41,CRC-Prim-HE-10,238,0.9537815126050421
ResNet18,57,CRC-Prim-HE-01,401,0.9451371571072319
ResNet18,57,CRC-Prim-HE-02,284,0.7922535211267606
ResNet18,57,CRC-Prim-HE-03,740,0.8040540540540541
ResNet18,57,CRC-Prim-HE-04,381,0.8871391076115486
ResNet18,57,CRC-Prim-HE-05,661,0.8260211800302572
ResNet18,57,CRC-Prim-HE-06,1061,0.9566446748350612
ResNet18,57,CRC-Prim-HE-07,503,0.8151093439363817
ResNet18,57,CRC-Prim-HE-08,389,0.48586118251928023
ResNet18,57,CRC-Prim-HE-09,342,0.7514619883040936
ResNet18,57,CRC-Prim-HE-10,238,0.9243697478991597
ResNet18,73,CRC-Prim-HE-01,401,0.9226932668329177
ResNet18,73,CRC-Prim-HE-02,284,0.8028169014084507
ResNet18,73,CRC-Prim-HE-03,740,0.7662162162162162
ResNet18,73,CRC-Prim-HE-04,381,0.8556430446194225
ResNet18,73,CRC-Prim-HE-05,661,0.7851739788199698
ResNet18,73,CRC-Prim-HE-06,1061,0.8916116870876531
ResNet18,73,CRC-Prim-HE-07,503,0.7872763419483101
ResNet18,73,CRC-Prim-HE-08,389,0.480719794344473
ResNet18,73,CRC-Prim-HE-09,342,0.7631578947368421
ResNet18,73,CRC-Prim-HE-10,238,0.957983193277311
ResNet18,89,CRC-Prim-HE-01,401,0.9052369077306733
ResNet18,89,CRC-Prim-HE-02,284,0.7535211267605634
ResNet18,89,CRC-Prim-HE-03,740,0.7635135135135135
ResNet18,89,CRC-Prim-HE-04,381,0.8976377952755905
ResNet18,89,CRC-Prim-HE-05,661,0.8245083207261724
ResNet18,89,CRC-Prim-HE-06,1061,0.8369462770970783
ResNet18,89,CRC-Prim-HE-07,503,0.7793240556660039
ResNet18,89,CRC-Prim-HE-08,389,0.4781491002570694
ResNet18,89,CRC-Prim-HE-09,342,0.7953216374269005
ResNet18,89,CRC-Prim-HE-10,238,0.957983193277311
ResNet18,101,CRC-Prim-HE-01,401,0.940149625935162
ResNet18,101,CRC-Prim-HE-02,284,0.7746478873239436
ResNet18,101,CRC-Prim-HE-03,740,0.8121621621621622
ResNet18,101,CRC-Prim-HE-04,381,0.910761154855643
ResNet18,101,CRC-Prim-HE-05,661,0.8048411497730711
ResNet18,101,CRC-Prim-HE-06,1061,0.8982092365692743
ResNet18,101,CRC-Prim-HE-07,503,0.7892644135188867
ResNet18,101,CRC-Prim-HE-08,389,0.4781491002570694
ResNet18,101,CRC-Prim-HE-09,342,0.7865497076023392
ResNet18,101,CRC-Prim-HE-10,238,0.9621848739495799
ResNet18,131,CRC-Prim-HE-01,401,0.9326683291770573
ResNet18,131,CRC-Prim-HE-02,284,0.795774647887324
ResNet18,131,CRC-Prim-HE-03,740,0.8013513513513514
ResNet18,131,CRC-Prim-HE-04,381,0.8556430446194225
ResNet18,131,CRC-Prim-HE-05,661,0.8245083207261724
ResNet18,131,CRC-Prim-HE-06,1061,0.8916116870876531
ResNet18,131,CRC-Prim-HE-07,503,0.7872763419483101
ResNet18,131,CRC-Prim-HE-08,389,0.493573264781491
ResNet18,131,CRC-Prim-HE-09,342,0.8304093567251462
ResNet18,131,CRC-Prim-HE-10,238,0.957983193277311
ResNet18,151,CRC-Prim-HE-01,401,0.8728179551122195
ResNet18,151,CRC-Prim-HE-02,284,0.7711267605633803
ResNet18,151,CRC-Prim-HE-03,740,0.8108108108108109
ResNet18,151,CRC-Prim-HE-04,381,0.8871391076115486
ResNet18,151,CRC-Prim-HE-05,661,0.8275340393343419
ResNet18,151,CRC-Prim-HE-06,1061,0.4062205466540999
ResNet18,151,CRC-Prim-HE-07,503,0.8011928429423459
ResNet18,151,CRC-Prim-HE-08,389,0.5038560411311054
ResNet18,151,CRC-Prim-HE-09,342,0.7748538011695907
ResNet18,151,CRC-Prim-HE-10,238,0.9663865546218487
ResNet18,181,CRC-Prim-HE-01,401,0.8977556109725686
ResNet18,181,CRC-Prim-HE-02,284,0.7464788732394366
ResNet18,181,CRC-Prim-HE-03,740,0.7878378378378378
ResNet18,181,CRC-Prim-HE-04,381,0.8792650918635171
ResNet18,181,CRC-Prim-HE-05,661,0.8714069591527988
ResNet18,181,CRC-Prim-HE-06,1061,0.9180018850141376
ResNet18,181,CRC-Prim-HE-07,503,0.7952286282306164
ResNet18,181,CRC-Prim-HE-08,389,0.4704370179948586
ResNet18,181,CRC-Prim-HE-09,342,0.7543859649122807
ResNet18,181,CRC-Prim-HE-10,238,0.9369747899159664
UNI,11,CRC-Prim-HE-01,401,0.9775561097256857
UNI,11,CRC-Prim-HE-02,284,0.9049295774647887
UNI,11,CRC-Prim-HE-03,740,0.7918918918918919
UNI,11,CRC-Prim-HE-04,381,0.9002624671916011
UNI,11,CRC-Prim-HE-05,661,0.8456883509833586
UNI,11,CRC-Prim-HE-06,1061,0.764373232799246
UNI,11,CRC-Prim-HE-07,503,0.8469184890656064
UNI,11,CRC-Prim-HE-08,389,0.519280205655527
UNI,11,CRC-Prim-HE-09,342,0.8099415204678363
UNI,11,CRC-Prim-HE-10,238,0.9453781512605042
UNI,23,CRC-Prim-HE-01,401,0.9551122194513716
UNI,23,CRC-Prim-HE-02,284,0.8485915492957746
UNI,23,CRC-Prim-HE-03,740,0.8162162162162162
UNI,23,CRC-Prim-HE-04,381,0.9133858267716536
UNI,23,CRC-Prim-HE-05,661,0.8411497730711044
UNI,23,CRC-Prim-HE-06,1061,0.8661639962299718
UNI,23,CRC-Prim-HE-07,503,0.8508946322067594
UNI,23,CRC-Prim-HE-08,389,0.5295629820051414
UNI,23,CRC-Prim-HE-09,342,0.8070175438596491
UNI,23,CRC-Prim-HE-10,238,0.9705882352941176
UNI,41,CRC-Prim-HE-01,401,0.9625935162094763
UNI,41,CRC-Prim-HE-02,284,0.8873239436619719
UNI,41,CRC-Prim-HE-03,740,0.8
UNI,41,CRC-Prim-HE-04,381,0.9133858267716536
UNI,41,CRC-Prim-HE-05,661,0.8562783661119516
UNI,41,CRC-Prim-HE-06,1061,0.8878416588124411
UNI,41,CRC-Prim-HE-07,503,0.852882703777336
UNI,41,CRC-Prim-HE-08,389,0.5295629820051414
UNI,41,CRC-Prim-HE-09,342,0.7953216374269005
UNI,41,CRC-Prim-HE-10,238,0.9663865546218487
UNI,57,CRC-Prim-HE-01,401,0.9650872817955112
UNI,57,CRC-Prim-HE-02,284,0.9225352112676056
UNI,57,CRC-Prim-HE-03,740,0.8040540540540541
UNI,57,CRC-Prim-HE-04,381,0.89501312335958
UNI,57,CRC-Prim-HE-05,661,0.8426626323751891
UNI,57,CRC-Prim-HE-06,1061,0.8030160226201697
UNI,57,CRC-Prim-HE-07,503,0.8469184890656064
UNI,57,CRC-Prim-HE-08,389,0.5269922879177378
UNI,57,CRC-Prim-HE-09,342,0.7456140350877193
UNI,57,CRC-Prim-HE-10,238,0.9831932773109243
UNI,73,CRC-Prim-HE-01,401,0.9625935162094763
UNI,73,CRC-Prim-HE-02,284,0.8661971830985915
UNI,73,CRC-Prim-HE-03,740,0.8027027027027027
UNI,73,CRC-Prim-HE-04,381,0.905511811023622
UNI,73,CRC-Prim-HE-05,661,0.848714069591528
UNI,73,CRC-Prim-HE-06,1061,0.6786050895381716
UNI,73,CRC-Prim-HE-07,503,0.852882703777336
UNI,73,CRC-Prim-HE-08,389,0.5167095115681234
UNI,73,CRC-Prim-HE-09,342,0.804093567251462
UNI,73,CRC-Prim-HE-10,238,0.9621848739495799
UNI,89,CRC-Prim-HE-01,401,0.970074812967581
UNI,89,CRC-Prim-HE-02,284,0.852112676056338
UNI,89,CRC-Prim-HE-03,740,0.8067567567567567
UNI,89,CRC-Prim-HE-04,381,0.9081364829396326
UNI,89,CRC-Prim-HE-05,661,0.8335854765506808
UNI,89,CRC-Prim-HE-06,1061,0.649387370405278
UNI,89,CRC-Prim-HE-07,503,0.8389662027833003
UNI,89,CRC-Prim-HE-08,389,0.5167095115681234
UNI,89,CRC-Prim-HE-09,342,0.804093567251462
UNI,89,CRC-Prim-HE-10,238,0.9663865546218487
UNI,101,CRC-Prim-HE-01,401,0.970074812967581
UNI,101,CRC-Prim-HE-02,284,0.8908450704225352
UNI,101,CRC-Prim-HE-03,740,0.8162162162162162
UNI,101,CRC-Prim-HE-04,381,0.9133858267716536
UNI,101,CRC-Prim-HE-05,661,0.8456883509833586
UNI,101,CRC-Prim-HE-06,1061,0.6352497643732328
UNI,101,CRC-Prim-HE-07,503,0.8469184890656064
UNI,101,CRC-Prim-HE-08,389,0.5141388174807198
UNI,101,CRC-Prim-HE-09,342,0.7865497076023392
UNI,101,CRC-Prim-HE-10,238,0.9705882352941176
UNI,131,CRC-Prim-HE-01,401,0.9625935162094763
UNI,131,CRC-Prim-HE-02,284,0.8838028169014085
UNI,131,CRC-Prim-HE-03,740,0.8094594594594594
UNI,131,CRC-Prim-HE-04,381,0.9186351706036745
UNI,131,CRC-Prim-HE-05,661,0.8547655068078669
UNI,131,CRC-Prim-HE-06,1061,0.8312912346842601
UNI,131,CRC-Prim-HE-07,503,0.8508946322067594
UNI,131,CRC-Prim-HE-08,389,0.5347043701799485
UNI,131,CRC-Prim-HE-09,342,0.8099415204678363
UNI,131,CRC-Prim-HE-10,238,0.9789915966386554
UNI,151,CRC-Prim-HE-01,401,0.9750623441396509
UNI,151,CRC-Prim-HE-02,284,0.9084507042253521
UNI,151,CRC-Prim-HE-03,740,0.7824324324324324
UNI,151,CRC-Prim-HE-04,381,0.9002624671916011
UNI,151,CRC-Prim-HE-05,661,0.8547655068078669
UNI,151,CRC-Prim-HE-06,1061,0.7681432610744581
UNI,151,CRC-Prim-HE-07,503,0.852882703777336
UNI,151,CRC-Prim-HE-08,389,0.5089974293059126
UNI,151,CRC-Prim-HE-09,342,0.7953216374269005
UNI,151,CRC-Prim-HE-10,238,0.9747899159663865
UNI,181,CRC-Prim-HE-01,401,0.9775561097256857
UNI,181,CRC-Prim-HE-02,284,0.9084507042253521
UNI,181,CRC-Prim-HE-03,740,0.8162162162162162
UNI,181,CRC-Prim-HE-04,381,0.916010498687664
UNI,181,CRC-Prim-HE-05,661,0.8577912254160364
UNI,181,CRC-Prim-HE-06,1061,0.7502356267672008
UNI,181,CRC-Prim-HE-07,503,0.8489065606361829
UNI,181,CRC-Prim-HE-08,389,0.5089974293059126
UNI,181,CRC-Prim-HE-09,342,0.7923976608187134
UNI,181,CRC-Prim-HE-10,238,0.9831932773109243
