scope,model,seed,fold,image_count,class_coverage,source_group_count,accuracy,source_macro_accuracy,balanced_accuracy,macro_f1,cross_entropy_loss,test_loss
fold,DINOv2,11,0,401,6,1,0.8728179551122195,0.8728179551122195,0.8629203675772302,0.6122252826105807,0.4303869903002645,0.4303869903002645
fold,DINOv2,11,1,284,6,1,0.7922535211267606,0.7922535211267606,0.6307998295421149,0.453470515970516,0.489052197252789,0.489052197252789
fold,DINOv2,11,2,740,7,1,0.7445945945945946,0.7445945945945946,0.8072722530705724,0.5993602064085699,0.7010055511374423,0.7010055511374423
fold,DINOv2,11,3,381,6,1,0.8293963254593176,0.8293963254593176,0.7359296526892615,0.5489718133094044,0.42240635317582126,0.42240635317582126
fold,DINOv2,11,4,661,7,1,0.7397881996974282,0.7397881996974282,0.7681181136804275,0.6275659983580777,0.5948857536261807,0.5948857536261807
fold,DINOv2,11,5,1061,8,1,0.7700282752120641,0.7700282752120641,0.7757318993707937,0.6541215191083994,0.598107871403909,0.598107871403909
fold,DINOv2,11,6,503,7,1,0.7395626242544732,0.7395626242544732,0.7327791094623822,0.5467579968563923,0.8340037068830747,0.8340037068830747
fold,DINOv2,11,7,389,6,1,0.4498714652956298,0.4498714652956298,0.730565755885184,0.4386966205036022,1.5808998500241627,1.5808998500241627
fold,DINOv2,11,8,342,6,1,0.7017543859649122,0.7017543859649122,0.7504240951409632,0.5336824674994074,0.8015063307992746,0.8015063307992746
fold,DINOv2,11,9,238,7,1,0.9159663865546218,0.9159663865546218,0.896733082854839,0.7892637118788887,0.29169014748368344,0.29169014748368344
fold,DINOv2,23,0,401,6,1,0.9201995012468828,0.9201995012468828,0.9072227110217307,0.5960200853530281,0.2904608947403503,0.2904608947403503
fold,DINOv2,23,1,284,6,1,0.7992957746478874,0.7992957746478874,0.6357348792100158,0.4096628109958818,0.5098720544727033,0.5098720544727033
fold,DINOv2,23,2,740,7,1,0.7445945945945946,0.7445945945945946,0.8052619195476339,0.6000813322816342,0.7193769958348664,0.7193769958348664
fold,DINOv2,23,3,381,6,1,0.7952755905511811,0.7952755905511811,0.73367963634779,0.5489221336427942,0.5701065699412707,0.5701065699412707
fold,DINOv2,23,4,661,7,1,0.7337367624810892,0.7337367624810892,0.7433866702920824,0.6053784966006843,0.5998939480804525,0.5998939480804525
fold,DINOv2,23,5,1061,8,1,0.7964184731385485,0.7964184731385485,0.8513265152353358,0.7549601752343742,0.5639289371070412,0.5639289371070412
fold,DINOv2,23,6,503,7,1,0.7435387673956262,0.7435387673956262,0.7374209662050794,0.5414887926281043,0.8248755681018963,0.8248755681018963
fold,DINOv2,23,7,389,6,1,0.46786632390745503,0.46786632390745503,0.7387774060657462,0.45318428953246603,1.3668403848200767,1.3668403848200767
fold,DINOv2,23,8,342,6,1,0.6812865497076024,0.6812865497076024,0.7342099171620794,0.5209659238220031,0.8256266793258914,0.8256266793258914
fold,DINOv2,23,9,238,7,1,0.9159663865546218,0.9159663865546218,0.9015384319240735,0.7946952513484771,0.2622909846393496,0.2622909846393496
fold,DINOv2,41,0,401,6,1,0.9276807980049875,0.9276807980049875,0.9164662588682196,0.6007686789437361,0.3063343888486459,0.3063343888486459
fold,DINOv2,41,1,284,6,1,0.7922535211267606,0.7922535211267606,0.6307851348968435,0.45236940534664094,0.5185663557903957,0.5185663557903957
fold,DINOv2,41,2,740,7,1,0.7054054054054054,0.7054054054054054,0.7799988413433792,0.5501576630817956,0.8068186876862812,0.8068186876862812
fold,DINOv2,41,3,381,6,1,0.8188976377952756,0.8188976377952756,0.7647314960072338,0.5597512334768732,0.4789479128135958,0.4789479128135958
fold,DINOv2,41,4,661,7,1,0.7246596066565809,0.7246596066565809,0.7385124564556046,0.6098449856864988,0.6094129439426639,0.6094129439426639
fold,DINOv2,41,5,1061,8,1,0.7822808671065034,0.7822808671065034,0.7589909975635449,0.6567534248376248,0.5725757914108616,0.5725757914108616
fold,DINOv2,41,6,503,7,1,0.7594433399602386,0.7594433399602386,0.7469289758804442,0.5620847317164448,0.8626013859986678,0.8626013859986678
fold,DINOv2,41,7,389,6,1,0.4987146529562982,0.4987146529562982,0.7549432091745544,0.4655858061876521,1.2657350372490714,1.2657350372490714
fold,DINOv2,41,8,342,6,1,0.6695906432748538,0.6695906432748538,0.7087405137889508,0.5123944741980175,0.8857950782987797,0.8857950782987797
fold,DINOv2,41,9,238,7,1,0.9327731092436975,0.9327731092436975,0.9162895955474176,0.8051208741630779,0.2745010832922229,0.2745010832922229
fold,DINOv2,57,0,401,6,1,0.9201995012468828,0.9201995012468828,0.9200289089994973,0.6166434860040422,0.2912728083264303,0.2912728083264303
fold,DINOv2,57,1,284,6,1,0.8063380281690141,0.8063380281690141,0.6370744430729443,0.4580767695211493,0.48636403467522754,0.48636403467522754
fold,DINOv2,57,2,740,7,1,0.7148648648648649,0.7148648648648649,0.7674863595031661,0.5365658710466483,0.7026085869606379,0.7026085869606379
fold,DINOv2,57,3,381,6,1,0.8241469816272966,0.8241469816272966,0.7258728388404091,0.5429413406763943,0.4570504551422978,0.4570504551422978
fold,DINOv2,57,4,661,7,1,0.7700453857791225,0.7700453857791225,0.7830202471587774,0.6504931045159587,0.5470191947120008,0.5470191947120008
fold,DINOv2,57,5,1061,8,1,0.7351555136663525,0.7351555136663525,0.706633243685463,0.6212086607094323,0.7985479239897199,0.7985479239897199
fold,DINOv2,57,6,503,7,1,0.7634194831013916,0.7634194831013916,0.7530868935929836,0.563740795796995,0.8301465545141362,0.8301465545141362
fold,DINOv2,57,7,389,6,1,0.4473007712082262,0.4473007712082262,0.7130029767748914,0.43872179945466716,1.4096547447848433,1.4096547447848433
fold,DINOv2,57,8,342,6,1,0.7192982456140351,0.7192982456140351,0.7598470376234282,0.5403403280814325,0.7408699048236197,0.7408699048236197
fold,DINOv2,57,9,238,7,1,0.9117647058823529,0.9117647058823529,0.8969301369931977,0.7908829346329347,0.27977616199918487,0.27977616199918487
fold,DINOv2,73,0,401,6,1,0.912718204488778,0.912718204488778,0.9055747583933859,0.608084376609461,0.33764085314530584,0.33764085314530584
fold,DINOv2,73,1,284,6,1,0.8063380281690141,0.8063380281690141,0.6370744430729443,0.4575874482670925,0.514702231773062,0.514702231773062
fold,DINOv2,73,2,740,7,1,0.7040540540540541,0.7040540540540541,0.7729423578163074,0.5564437229137535,0.8111054704650703,0.8111054704650703
fold,DINOv2,73,3,381,6,1,0.8267716535433071,0.8267716535433071,0.7500064684990903,0.554746972486603,0.41764387557568744,0.41764387557568744
fold,DINOv2,73,4,661,7,1,0.7655068078668684,0.7655068078668684,0.778337057265806,0.6408980936125976,0.5527005702689587,0.5527005702689587
fold,DINOv2,73,5,1061,8,1,0.822808671065033,0.822808671065033,0.8350914242121091,0.7445976889087209,0.46355208518791013,0.46355208518791013
fold,DINOv2,73,6,503,7,1,0.7654075546719682,0.7654075546719682,0.7531279269554811,0.5884282476896301,0.7587699503269713,0.7587699503269713
fold,DINOv2,73,7,389,6,1,0.4498714652956298,0.4498714652956298,0.7342021195215476,0.43395514404424923,1.739605914609397,1.739605914609397
fold,DINOv2,73,8,342,6,1,0.6666666666666666,0.6666666666666666,0.713264896826267,0.5078563075340512,0.9129849776647849,0.9129849776647849
fold,DINOv2,73,9,238,7,1,0.9033613445378151,0.9033613445378151,0.8913909433870627,0.7812331409453197,0.2717787281530051,0.2717787281530051
fold,DINOv2,89,0,401,6,1,0.9177057356608479,0.9177057356608479,0.9150361711636221,0.5931366232919679,0.3013461306887252,0.3013461306887252
fold,DINOv2,89,1,284,6,1,0.8028169014084507,0.8028169014084507,0.6390241286075354,0.4600933176300823,0.46541922455588686,0.46541922455588686
fold,DINOv2,89,2,740,7,1,0.75,0.75,0.813815660454316,0.6265572230424818,0.7068597608586662,0.7068597608586662
fold,DINOv2,89,3,381,6,1,0.8241469816272966,0.8241469816272966,0.7681155423734354,0.5664832950953839,0.45428954177456893,0.45428954177456893
fold,DINOv2,89,4,661,7,1,0.7534039334341907,0.7534039334341907,0.7648694259232988,0.6207533460506269,0.5806616430115833,0.5806616430115833
fold,DINOv2,89,5,1061,8,1,0.7615457115928369,0.7615457115928369,0.811021674538468,0.6916695446322134,0.690153784385555,0.690153784385555
fold,DINOv2,89,6,503,7,1,0.7534791252485089,0.7534791252485089,0.7445099853968352,0.5814381737555683,0.7790602970021832,0.7790602970021832
fold,DINOv2,89,7,389,6,1,0.46272493573264784,0.46272493573264784,0.7443230176217203,0.4518859065653705,1.551036310710866,1.551036310710866
fold,DINOv2,89,8,342,6,1,0.6783625730994152,0.6783625730994152,0.7212245575922797,0.5137899227199233,0.8411807308718624,0.8411807308718624
fold,DINOv2,89,9,238,7,1,0.9201680672268907,0.9201680672268907,0.9126262049230761,0.794902545879961,0.3222558934193398,0.3222558934193398
fold,DINOv2,101,0,401,6,1,0.8977556109725686,0.8977556109725686,0.8966538182224456,0.5649419570039121,0.3703096713699746,0.3703096713699746
fold,DINOv2,101,1,284,6,1,0.8063380281690141,0.8063380281690141,0.6424015458766825,0.4156802450199595,0.42679832963152825,0.42679832963152825
fold,DINOv2,101,2,740,7,1,0.7337837837837838,0.7337837837837838,0.7897741935557062,0.5685713966099922,0.7047957689247949,0.7047957689247949
fold,DINOv2,101,3,381,6,1,0.7532808398950132,0.7532808398950132,0.721001037683433,0.5232248131823014,0.6658823913709065,0.6658823913709065
fold,DINOv2,101,4,661,7,1,0.7291981845688351,0.7291981845688351,0.746014801153828,0.6162147412894786,0.6025432378030193,0.6025432378030193
fold,DINOv2,101,5,1061,8,1,0.7945334590009425,0.7945334590009425,0.8029485375698915,0.6932528843042605,0.5905138871000896,0.5905138871000896
fold,DINOv2,101,6,503,7,1,0.7713717693836978,0.7713717693836978,0.7586188752608434,0.581396596990315,0.8103558825901109,0.8103558825901109
fold,DINOv2,101,7,389,6,1,0.45758354755784064,0.45758354755784064,0.7414986754496183,0.44919641674796973,1.450896699794601,1.450896699794601
fold,DINOv2,101,8,342,6,1,0.6783625730994152,0.6783625730994152,0.7155780518958387,0.5179679292187105,0.859359525162074,0.859359525162074
fold,DINOv2,101,9,238,7,1,0.9033613445378151,0.9033613445378151,0.8903422386759763,0.7820631401528579,0.27142574580068807,0.27142574580068807
fold,DINOv2,131,0,401,6,1,0.912718204488778,0.912718204488778,0.9130390760292721,0.5901585477358406,0.3474856271156035,0.3474856271156035
fold,DINOv2,131,1,284,6,1,0.7535211267605634,0.7535211267605634,0.6101291659319344,0.39862549695426314,0.5901554947722475,0.5901554947722475
fold,DINOv2,131,2,740,7,1,0.7148648648648649,0.7148648648648649,0.7784743948609495,0.5515649521299647,0.7209135349794021,0.7209135349794021
fold,DINOv2,131,3,381,6,1,0.8083989501312336,0.8083989501312336,0.761509502565611,0.5561040905031854,0.5074296175213358,0.5074296175213358
fold,DINOv2,131,4,661,7,1,0.7549167927382754,0.7549167927382754,0.7627319083873204,0.6325125239734364,0.5670832069111351,0.5670832069111351
fold,DINOv2,131,5,1061,8,1,0.7926484448633365,0.7926484448633365,0.8325491425729611,0.709500950791379,0.5797691831684313,0.5797691831684313
fold,DINOv2,131,6,503,7,1,0.7256461232604374,0.7256461232604374,0.7267190737377689,0.5164904638532546,0.8768894334725699,0.8768894334725699
fold,DINOv2,131,7,389,6,1,0.4832904884318766,0.4832904884318766,0.7439587532160051,0.4617232906706591,1.248954090828534,1.248954090828534
fold,DINOv2,131,8,342,6,1,0.6812865497076024,0.6812865497076024,0.7235028138079173,0.5193904156558955,0.843549869649845,0.843549869649845
fold,DINOv2,131,9,238,7,1,0.9117647058823529,0.9117647058823529,0.8877646813082175,0.7840458953873629,0.30194826027064975,0.30194826027064975
fold,DINOv2,151,0,401,6,1,0.912718204488778,0.912718204488778,0.890694653929948,0.5817139652149996,0.35462966496421533,0.35462966496421533
fold,DINOv2,151,1,284,6,1,0.8028169014084507,0.8028169014084507,0.6390241286075354,0.4601208088103478,0.4973643725786025,0.4973643725786025
fold,DINOv2,151,2,740,7,1,0.7621621621621621,0.7621621621621621,0.8161680472604843,0.6011728559765064,0.6438943569638174,0.6438943569638174
fold,DINOv2,151,3,381,6,1,0.7979002624671916,0.7979002624671916,0.7036361816517959,0.5144547122187101,0.5396830079276942,0.5396830079276942
fold,DINOv2,151,4,661,7,1,0.75642965204236,0.75642965204236,0.7727590398953358,0.6372990253739672,0.5610985042388068,0.5610985042388068
fold,DINOv2,151,5,1061,8,1,0.7238454288407163,0.7238454288407163,0.8000178378516474,0.6624603391880274,0.7876901061791695,0.7876901061791695
fold,DINOv2,151,6,503,7,1,0.7693836978131213,0.7693836978131213,0.7563190444717213,0.5859944017573125,0.8681772414251278,0.8681772414251278
fold,DINOv2,151,7,389,6,1,0.4601542416452442,0.4601542416452442,0.7339922795799185,0.451698355992923,1.411922937777521,1.411922937777521
fold,DINOv2,151,8,342,6,1,0.672514619883041,0.672514619883041,0.7119484114540541,0.510811421225291,0.831200968224293,0.831200968224293
fold,DINOv2,151,9,238,7,1,0.9117647058823529,0.9117647058823529,0.9086669981503841,0.7930182640094021,0.4009180661099327,0.4009180661099327
fold,DINOv2,181,0,401,6,1,0.9201995012468828,0.9201995012468828,0.9236460253617116,0.6174670925280681,0.32988486277443674,0.32988486277443674
fold,DINOv2,181,1,284,6,1,0.7852112676056338,0.7852112676056338,0.6206111502968318,0.44166412380122055,0.5207054007596262,0.5207054007596262
fold,DINOv2,181,2,740,7,1,0.7608108108108108,0.7608108108108108,0.8161095472019841,0.5948563391461776,0.6580767354349096,0.6580767354349096
fold,DINOv2,181,3,381,6,1,0.8110236220472441,0.8110236220472441,0.7644073901580765,0.5595086695120983,0.4932985176891734,0.4932985176891734
fold,DINOv2,181,4,661,7,1,0.7503782148260212,0.7503782148260212,0.7704640926214908,0.6397762448445332,0.5762265074497713,0.5762265074497713
fold,DINOv2,181,5,1061,8,1,0.824693685202639,0.824693685202639,0.8374042773194538,0.7423202319947508,0.45360539459722826,0.45360539459722826
fold,DINOv2,181,6,503,7,1,0.7395626242544732,0.7395626242544732,0.7340992985549685,0.5341989140090186,0.8640813452410114,0.8640813452410114
fold,DINOv2,181,7,389,6,1,0.4652956298200514,0.4652956298200514,0.7357471030354431,0.45175451768322605,1.418769342450297,1.418769342450297
fold,DINOv2,181,8,342,6,1,0.6754385964912281,0.6754385964912281,0.7102017078098172,0.5159516901538179,0.8263593692108907,0.8263593692108907
fold,DINOv2,181,9,238,7,1,0.9369747899159664,0.9369747899159664,0.9203712282004789,0.8105731738068694,0.2385597727112285,0.2385597727112285
fold,FrozenResNet18,11,0,401,6,1,0.8528678304239401,0.8528678304239401,0.8185907910172615,0.5159304912184219,0.45846952245344175,0.45846952245344175
fold,FrozenResNet18,11,1,284,6,1,0.8028169014084507,0.8028169014084507,0.6409566948803856,0.38771688808373594,0.5637084422986918,0.5637084422986918
fold,FrozenResNet18,11,2,740,7,1,0.7243243243243244,0.7243243243243244,0.7927879789224327,0.5811856552404469,0.8151819295070022,0.8151819295070022
fold,FrozenResNet18,11,3,381,6,1,0.7874015748031497,0.7874015748031497,0.7396449542983516,0.552598793818132,0.559273912795167,0.559273912795167
fold,FrozenResNet18,11,4,661,7,1,0.8018154311649016,0.8018154311649016,0.8212899583865323,0.6559702932783911,0.5290097679583936,0.5290097679583936
fold,FrozenResNet18,11,5,1061,8,1,0.9057492931196984,0.9057492931196984,0.8793761203582688,0.8291683377641785,0.3622968044153575,0.3622968044153575
fold,FrozenResNet18,11,6,503,7,1,0.731610337972167,0.731610337972167,0.7334735426346227,0.5628674005365448,1.1720946197565392,1.1720946197565392
fold,FrozenResNet18,11,7,389,6,1,0.41131105398457585,0.41131105398457585,0.6605870667503522,0.37720416226084497,1.5690434566048368,1.5690434566048368
fold,FrozenResNet18,11,8,342,6,1,0.7046783625730995,0.7046783625730995,0.7455490698699526,0.5401261450382371,0.9002652076549232,0.9002652076549232
fold,FrozenResNet18,11,9,238,7,1,0.9033613445378151,0.9033613445378151,0.8753422431181345,0.7726293547722118,0.2933421982604089,0.2933421982604089
fold,FrozenResNet18,23,0,401,6,1,0.8653366583541147,0.8653366583541147,0.8542183397575555,0.5418887214965755,0.42150358660679177,0.42150358660679177
fold,FrozenResNet18,23,1,284,6,1,0.7992957746478874,0.7992957746478874,0.6304812496326339,0.37714111896771224,0.5773636985366309,0.5773636985366309
fold,FrozenResNet18,23,2,740,7,1,0.7054054054054054,0.7054054054054054,0.777444790049832,0.5697819936674715,0.8575811142177643,0.8575811142177643
fold,FrozenResNet18,23,3,381,6,1,0.7375328083989501,0.7375328083989501,0.7106756108986719,0.5263470680205877,0.6842232453719288,0.6842232453719288
fold,FrozenResNet18,23,4,661,7,1,0.7957639939485628,0.7957639939485628,0.8157488847905928,0.6502600572130695,0.5434199323461096,0.5434199323461096
fold,FrozenResNet18,23,5,1061,8,1,0.35061262959472195,0.35061262959472195,0.6212841130604289,0.4921023139433204,1.5102331227897905,1.5102331227897905
fold,FrozenResNet18,23,6,503,7,1,0.731610337972167,0.731610337972167,0.7310216016948148,0.5620171857027081,1.166401135659229,1.166401135659229
fold,FrozenResNet18,23,7,389,6,1,0.4087403598971722,0.4087403598971722,0.6644016835061453,0.3880701223574162,1.497847151134135,1.497847151134135
fold,FrozenResNet18,23,8,342,6,1,0.7105263157894737,0.7105263157894737,0.7464057209588019,0.5393572942606686,0.8647396314066117,0.8647396314066117
fold,FrozenResNet18,23,9,238,7,1,0.8907563025210085,0.8907563025210085,0.8714194225569438,0.7649739328771588,0.28975327000531187,0.28975327000531187
fold,FrozenResNet18,41,0,401,6,1,0.7556109725685786,0.7556109725685786,0.6795433914306463,0.42092372003389145,0.760217445374129,0.760217445374129
fold,FrozenResNet18,41,1,284,6,1,0.7922535211267606,0.7922535211267606,0.6256196731910891,0.37421700539815594,0.6296218460895008,0.6296218460895008
fold,FrozenResNet18,41,2,740,7,1,0.7027027027027027,0.7027027027027027,0.7757451950729262,0.5703366591725214,0.8320044647354892,0.8320044647354892
fold,FrozenResNet18,41,3,381,6,1,0.7427821522309711,0.7427821522309711,0.7427117037618066,0.5384044810024683,0.6533724718720945,0.6533724718720945
fold,FrozenResNet18,41,4,661,7,1,0.8018154311649016,0.8018154311649016,0.8176398149461704,0.6616716983180695,0.5081910461271012,0.5081910461271012
fold,FrozenResNet18,41,5,1061,8,1,0.8416588124410933,0.8416588124410933,0.8884092910307565,0.8070686689198712,0.43493429505489145,0.43493429505489145
fold,FrozenResNet18,41,6,503,7,1,0.7216699801192843,0.7216699801192843,0.7289608284580431,0.5580870639072166,1.1480427174529921,1.1480427174529921
fold,FrozenResNet18,41,7,389,6,1,0.493573264781491,0.493573264781491,0.7113236950558552,0.43772897412603295,1.452727983257803,1.452727983257803
fold,FrozenResNet18,41,8,342,6,1,0.7222222222222222,0.7222222222222222,0.7548270085496691,0.549680052084109,0.8478545462430669,0.8478545462430669
fold,FrozenResNet18,41,9,238,7,1,0.8991596638655462,0.8991596638655462,0.8898014681036752,0.7805872516638035,0.2886533349769281,0.2886533349769281
fold,FrozenResNet18,57,0,401,6,1,0.8104738154613467,0.8104738154613467,0.8159610496620301,0.4945464211121957,0.5460475550193059,0.5460475550193059
fold,FrozenResNet18,57,1,284,6,1,0.7852112676056338,0.7852112676056338,0.6207140128137306,0.3700369787461902,0.599596847313382,0.599596847313382
fold,FrozenResNet18,57,2,740,7,1,0.6891891891891891,0.6891891891891891,0.7634711907821152,0.5388834514911796,0.8742545985858678,0.8742545985858678
fold,FrozenResNet18,57,3,381,6,1,0.7506561679790026,0.7506561679790026,0.7409291215914414,0.5385740767532621,0.630773167798468,0.630773167798468
fold,FrozenResNet18,57,4,661,7,1,0.7987897125567323,0.7987897125567323,0.8195999038476695,0.6661402126638791,0.5258071965615905,0.5258071965615905
fold,FrozenResNet18,57,5,1061,8,1,0.8152686145146089,0.8152686145146089,0.8831519150106686,0.7990684441182514,0.45698022209804523,0.45698022209804523
fold,FrozenResNet18,57,6,503,7,1,0.7335984095427436,0.7335984095427436,0.735328830204196,0.5639407299535146,1.2422872004768013,1.2422872004768013
fold,FrozenResNet18,57,7,389,6,1,0.4755784061696658,0.4755784061696658,0.7116339012616658,0.4328435130760712,1.469491573484179,1.469491573484179
fold,FrozenResNet18,57,8,342,6,1,0.7105263157894737,0.7105263157894737,0.7584564067710976,0.5462762007798728,0.8922083748783095,0.8922083748783095
fold,FrozenResNet18,57,9,238,7,1,0.9117647058823529,0.9117647058823529,0.8803547744464552,0.7806689669961462,0.28253623797919025,0.28253623797919025
fold,FrozenResNet18,73,0,401,6,1,0.8204488778054863,0.8204488778054863,0.8113090749120161,0.496154409428492,0.5415572022448267,0.5415572022448267
fold,FrozenResNet18,73,1,284,6,1,0.7992957746478874,0.7992957746478874,0.6358230470816434,0.39017378924355534,0.5450758859449484,0.5450758859449484
fold,FrozenResNet18,73,2,740,7,1,0.7243243243243244,0.7243243243243244,0.7962628823973362,0.5903551348197337,0.8680210500177764,0.8680210500177764
fold,FrozenResNet18,73,3,381,6,1,0.7611548556430446,0.7611548556430446,0.7516818097634844,0.5468428476089418,0.67512400126296,0.67512400126296
fold,FrozenResNet18,73,4,661,7,1,0.783661119515885,0.783661119515885,0.8017688679245282,0.6446590058653967,0.5425724421495197,0.5425724421495197
fold,FrozenResNet18,73,5,1061,8,1,0.8454288407163054,0.8454288407163054,0.8849685473702651,0.8046256871247806,0.4114924821566732,0.4114924821566732
fold,FrozenResNet18,73,6,503,7,1,0.7435387673956262,0.7435387673956262,0.7435466627917766,0.5681419603663236,1.2703780327644003,1.2703780327644003
fold,FrozenResNet18,73,7,389,6,1,0.4755784061696658,0.4755784061696658,0.7027119451274335,0.42052136871396995,1.5360736888354947,1.5360736888354947
fold,FrozenResNet18,73,8,342,6,1,0.7105263157894737,0.7105263157894737,0.747216069437182,0.5397121648602692,0.9026965323685082,0.9026965323685082
fold,FrozenResNet18,73,9,238,7,1,0.8991596638655462,0.8991596638655462,0.8792166935121095,0.7723293925873262,0.2775578654421031,0.2775578654421031
fold,FrozenResNet18,89,0,401,6,1,0.7655860349127181,0.7655860349127181,0.7088525082397631,0.44159626867762225,0.6849387254341643,0.6849387254341643
fold,FrozenResNet18,89,1,284,6,1,0.7922535211267606,0.7922535211267606,0.6238292776112385,0.3782862124360025,0.5981045414652709,0.5981045414652709
fold,FrozenResNet18,89,2,740,7,1,0.6932432432432433,0.6932432432432433,0.7681322689726052,0.5577062908531898,0.8558531605817098,0.8558531605817098
fold,FrozenResNet18,89,3,381,6,1,0.7821522309711286,0.7821522309711286,0.7577540281726965,0.5624811519506566,0.5755692033270247,0.5755692033270247
fold,FrozenResNet18,89,4,661,7,1,0.794251134644478,0.794251134644478,0.8095310012452516,0.6481967327049118,0.5492582347199552,0.5492582347199552
fold,FrozenResNet18,89,5,1061,8,1,0.8963242224316682,0.8963242224316682,0.9004621129697629,0.8367829660311754,0.3783396268731537,0.3783396268731537
fold,FrozenResNet18,89,6,503,7,1,0.7276341948310139,0.7276341948310139,0.7326071203398692,0.5453595065366851,1.0804355206450083,1.0804355206450083
fold,FrozenResNet18,89,7,389,6,1,0.48586118251928023,0.48586118251928023,0.7217956863467908,0.4403545060599456,1.452426472704373,1.452426472704373
fold,FrozenResNet18,89,8,342,6,1,0.7046783625730995,0.7046783625730995,0.7571968429054218,0.5417898863436097,0.9052488453169595,0.9052488453169595
fold,FrozenResNet18,89,9,238,7,1,0.9117647058823529,0.9117647058823529,0.8973202650961564,0.7879359546807606,0.2815283182449068,0.2815283182449068
fold,FrozenResNet18,101,0,401,6,1,0.8329177057356608,0.8329177057356608,0.8249224903636668,0.5020859789195091,0.5319750659587608,0.5319750659587608
fold,FrozenResNet18,101,1,284,6,1,0.7992957746478874,0.7992957746478874,0.6375792776112384,0.3879588881366132,0.5563894927007648,0.5563894927007648
fold,FrozenResNet18,101,2,740,7,1,0.7040540540540541,0.7040540540540541,0.7764186302001429,0.5731812906782643,0.7957368780686925,0.7957368780686925
fold,FrozenResNet18,101,3,381,6,1,0.7532808398950132,0.7532808398950132,0.7051971326164873,0.5190719313044977,0.6355373065710876,0.6355373065710876
fold,FrozenResNet18,101,4,661,7,1,0.783661119515885,0.783661119515885,0.8034967528885105,0.6462521327589834,0.5368782578795659,0.5368782578795659
fold,FrozenResNet18,101,5,1061,8,1,0.9104618284637135,0.9104618284637135,0.9023080796992042,0.8412290071542344,0.33498953408447146,0.33498953408447146
fold,FrozenResNet18,101,6,503,7,1,0.7296222664015904,0.7296222664015904,0.730216785386269,0.5628604408957603,1.265824695998331,1.265824695998331
fold,FrozenResNet18,101,7,389,6,1,0.45758354755784064,0.45758354755784064,0.6825284636781661,0.40789739317914747,1.5243359728199164,1.5243359728199164
fold,FrozenResNet18,101,8,342,6,1,0.7251461988304093,0.7251461988304093,0.759015802212147,0.5544362304362305,0.8234542408497542,0.8234542408497542
fold,FrozenResNet18,101,9,238,7,1,0.8865546218487395,0.8865546218487395,0.8653171804614929,0.7615514812502031,0.29687300941241646,0.29687300941241646
fold,FrozenResNet18,131,0,401,6,1,0.8728179551122195,0.8728179551122195,0.8827949555890733,0.5431021176838462,0.4066490774945306,0.4066490774945306
fold,FrozenResNet18,131,1,284,6,1,0.8274647887323944,0.8274647887323944,0.6571431405395874,0.4358511636171302,0.5237691801474958,0.5237691801474958
fold,FrozenResNet18,131,2,740,7,1,0.731081081081081,0.731081081081081,0.7979762458754056,0.5861390767052241,0.8120670254060571,0.8120670254060571
fold,FrozenResNet18,131,3,381,6,1,0.6771653543307087,0.6771653543307087,0.6550465187218791,0.48070574625928886,0.8117234817928839,0.8117234817928839
fold,FrozenResNet18,131,4,661,7,1,0.7821482602118003,0.7821482602118003,0.8069215885626014,0.6448101936612652,0.5562892826812789,0.5562892826812789
fold,FrozenResNet18,131,5,1061,8,1,0.8642789820923656,0.8642789820923656,0.8934313533966304,0.8144917425925863,0.4178312138059994,0.4178312138059994
fold,FrozenResNet18,131,6,503,7,1,0.7375745526838966,0.7375745526838966,0.7336026852007401,0.5567020482890258,1.095438849627265,1.095438849627265
fold,FrozenResNet18,131,7,389,6,1,0.4318766066838046,0.4318766066838046,0.6902948866372002,0.40442845109556136,1.5198546291855555,1.5198546291855555
fold,FrozenResNet18,131,8,342,6,1,0.7251461988304093,0.7251461988304093,0.7549340488844134,0.5498955078766977,0.8266081567149801,0.8266081567149801
fold,FrozenResNet18,131,9,238,7,1,0.9033613445378151,0.9033613445378151,0.8753422431181345,0.7726293547722118,0.2808532014572362,0.2808532014572362
fold,FrozenResNet18,151,0,401,6,1,0.7456359102244389,0.7456359102244389,0.6778769342494831,0.41435364046883066,0.8299856490008384,0.8299856490008384
fold,FrozenResNet18,151,1,284,6,1,0.8028169014084507,0.8028169014084507,0.6373953741256686,0.38475914861766913,0.5450194353108586,0.5450194353108586
fold,FrozenResNet18,151,2,740,7,1,0.7121621621621622,0.7121621621621622,0.7808515581624825,0.5895359724518737,0.8744406401816953,0.8744406401816953
fold,FrozenResNet18,151,3,381,6,1,0.6614173228346457,0.6614173228346457,0.6784366114324935,0.4752049571858955,0.8950306880447426,0.8950306880447426
fold,FrozenResNet18,151,4,661,7,1,0.7912254160363086,0.7912254160363086,0.8186203519805805,0.6652505246096212,0.5273039609367148,0.5273039609367148
fold,FrozenResNet18,151,5,1061,8,1,0.8557964184731386,0.8557964184731386,0.8948672320225958,0.8193538447186896,0.42381011277316116,0.42381011277316116
fold,FrozenResNet18,151,6,503,7,1,0.7335984095427436,0.7335984095427436,0.7352888141977936,0.5539633300022208,1.35929449673108,1.35929449673108
fold,FrozenResNet18,151,7,389,6,1,0.4370179948586118,0.4370179948586118,0.6772269854100684,0.3989591224712918,1.403784865492303,1.403784865492303
fold,FrozenResNet18,151,8,342,6,1,0.7280701754385965,0.7280701754385965,0.7645059003493039,0.5540200391006842,0.8787717340154709,0.8787717340154709
fold,FrozenResNet18,151,9,238,7,1,0.8865546218487395,0.8865546218487395,0.8822826711111941,0.7665999674928247,0.30368635151601464,0.30368635151601464
fold,FrozenResNet18,181,0,401,6,1,0.8079800498753117,0.8079800498753117,0.7860583905927042,0.4977781642960215,0.6637864230312378,0.6637864230312378
fold,FrozenResNet18,181,1,284,6,1,0.7746478873239436,0.7746478873239436,0.6160264209721977,0.36208499472665634,0.6056252823667158,0.6056252823667158
fold,FrozenResNet18,181,2,740,7,1,0.7175675675675676,0.7175675675675676,0.7851062330053927,0.5743423383686057,0.8658547200883384,0.8658547200883384
fold,FrozenResNet18,181,3,381,6,1,0.7559055118110236,0.7559055118110236,0.721475961695591,0.5340949071687413,0.6512672132945321,0.6512672132945321
fold,FrozenResNet18,181,4,661,7,1,0.7881996974281392,0.7881996974281392,0.8091924977538184,0.6493221394823301,0.5527846771529897,0.5527846771529897
fold,FrozenResNet18,181,5,1061,8,1,0.8953817153628653,0.8953817153628653,0.9038382115259462,0.8330923304775717,0.36421330071380564,0.36421330071380564
fold,FrozenResNet18,181,6,503,7,1,0.7375745526838966,0.7375745526838966,0.7373495874345652,0.5657830056244858,1.1879702528851848,1.1879702528851848
fold,FrozenResNet18,181,7,389,6,1,0.46272493573264784,0.46272493573264784,0.6851110016186941,0.41974456460627363,1.53639000415531,1.53639000415531
fold,FrozenResNet18,181,8,342,6,1,0.7192982456140351,0.7192982456140351,0.7570332513231744,0.5464063025238728,0.8513708189090199,0.8513708189090199
fold,FrozenResNet18,181,9,238,7,1,0.907563025210084,0.907563025210084,0.8927119701652809,0.7827586335080481,0.2817857200917012,0.2817857200917012
fold,ResNet18,11,0,401,6,1,0.885286783042394,0.885286783042394,0.6984543461259148,0.5176838673666184,0.3365920626229517,0.3365920626229517
fold,ResNet18,11,1,284,6,1,0.795774647887324,0.795774647887324,0.5740330188679245,0.37488904694478997,0.6384458671946683,0.6384458671946683
fold,ResNet18,11,2,740,7,1,0.7837837837837838,0.7837837837837838,0.7115145434473166,0.5948084889159053,0.9637572216609215,0.9637572216609215
fold,ResNet18,11,3,381,6,1,0.8556430446194225,0.8556430446194225,0.8342634354130579,0.6066651066651066,0.5233820203237282,0.5233820203237282
fold,ResNet18,11,4,661,7,1,0.8456883509833586,0.8456883509833586,0.8550423818981415,0.6975379357884863,0.5534776240791752,0.5534776240791752
fold,ResNet18,11,5,1061,8,1,0.9236569274269557,0.9236569274269557,0.923802289948912,0.8711527154386309,0.29036159858260074,0.29036159858260074
fold,ResNet18,11,6,503,7,1,0.7833001988071571,0.7833001988071571,0.7718089789541965,0.6503278676712221,0.9798882684720023,0.9798882684720023
fold,ResNet18,11,7,389,6,1,0.5269922879177378,0.5269922879177378,0.7785811148068148,0.47867402096535533,1.4603987426286016,1.4603987426286016
fold,ResNet18,11,8,342,6,1,0.7865497076023392,0.7865497076023392,0.8129313139449962,0.6026094714642823,0.7240011352940984,0.7240011352940984
fold,ResNet18,11,9,238,7,1,0.9495798319327731,0.9495798319327731,0.9257504468564377,0.8222333564420989,0.1974635853505857,0.1974635853505857
fold,ResNet18,23,0,401,6,1,0.9276807980049875,0.9276807980049875,0.7499546114742194,0.5553406441170823,0.21530168008560763,0.21530168008560763
fold,ResNet18,23,1,284,6,1,0.7887323943661971,0.7887323943661971,0.6169298477634749,0.4040936809761977,0.5423929642506237,0.5423929642506237
fold,ResNet18,23,2,740,7,1,0.7743243243243243,0.7743243243243243,0.689367101972144,0.5768429477829452,0.7110463479993264,0.7110463479993264
fold,ResNet18,23,3,381,6,1,0.8766404199475065,0.8766404199475065,0.895485396171738,0.6188408667685805,0.35326442512623313,0.35326442512623313
fold,ResNet18,23,4,661,7,1,0.8426626323751891,0.8426626323751891,0.8388394663282944,0.6833347628477267,0.6030612387018895,0.6030612387018895
fold,ResNet18,23,5,1061,8,1,0.882186616399623,0.882186616399623,0.9221616830172703,0.8749105684012687,0.38152043005434766,0.38152043005434766
fold,ResNet18,23,6,503,7,1,0.805168986083499,0.805168986083499,0.78729774851718,0.6420728525859478,1.2241873877343876,1.2241873877343876
fold,ResNet18,23,7,389,6,1,0.45758354755784064,0.45758354755784064,0.7541678261753001,0.4596840801851586,4.312543007290324,4.312543007290324
fold,ResNet18,23,8,342,6,1,0.7777777777777778,0.7777777777777778,0.8121594632605319,0.588207872365393,0.8133213292769387,0.8133213292769387
fold,ResNet18,23,9,238,7,1,0.9621848739495799,0.9621848739495799,0.9415391249007546,0.8328108287485216,0.13738222198773606,0.13738222198773606
fold,ResNet18,41,0,401,6,1,0.885286783042394,0.885286783042394,0.7024328249818446,0.4906304676023193,0.28747519986271125,0.28747519986271125
fold,ResNet18,41,1,284,6,1,0.8169014084507042,0.8169014084507042,0.5975697260918121,0.3794546277898734,0.4740239074001668,0.4740239074001668
fold,ResNet18,41,2,740,7,1,0.7905405405405406,0.7905405405405406,0.7194753690552009,0.6091880293073746,0.8451108347775818,0.8451108347775818
fold,ResNet18,41,3,381,6,1,0.889763779527559,0.889763779527559,0.8836105936311839,0.6347454311803784,0.289108464341888,0.289108464341888
fold,ResNet18,41,4,661,7,1,0.8456883509833586,0.8456883509833586,0.8597767019750636,0.706519103930934,0.4718431254991129,0.4718431254991129
fold,ResNet18,41,5,1061,8,1,0.8350612629594723,0.8350612629594723,0.8970084873501802,0.817130285089829,0.5064215336266352,0.5064215336266352
fold,ResNet18,41,6,503,7,1,0.7793240556660039,0.7793240556660039,0.7660074142016357,0.6260091710503582,1.31806694285903,1.31806694285903
fold,ResNet18,41,7,389,6,1,0.4730077120822622,0.4730077120822622,0.7704653896210023,0.4410282266623706,2.5866430550144037,2.5866430550144037
fold,ResNet18,41,8,342,6,1,0.7953216374269005,0.7953216374269005,0.8173987754757753,0.6037197813890006,0.8179846268744304,0.8179846268744304
fold,ResNet18,41,9,238,7,1,0.9537815126050421,0.9537815126050421,0.9333185735223086,0.8261161046650041,0.2226221210518986,0.2226221210518986
fold,ResNet18,57,0,401,6,1,0.9451371571072319,0.9451371571072319,0.9278413217138707,0.6019411495022514,0.17489322465580515,0.17489322465580515
fold,ResNet18,57,1,284,6,1,0.7922535211267606,0.7922535211267606,0.6666468288955505,0.4312697688831202,0.5976042393227886,0.5976042393227886
fold,ResNet18,57,2,740,7,1,0.8040540540540541,0.8040540540540541,0.7286416399861777,0.62008060782705,0.774405658514359,0.774405658514359
fold,ResNet18,57,3,381,6,1,0.8871391076115486,0.8871391076115486,0.845016123585101,0.6080571117335822,0.36111249019043606,0.36111249019043606
fold,ResNet18,57,4,661,7,1,0.8260211800302572,0.8260211800302572,0.8209873149855772,0.6623456255793795,0.5175508149963284,0.5175508149963284
fold,ResNet18,57,5,1061,8,1,0.9566446748350612,0.9566446748350612,0.9394570805297964,0.9075612224885343,0.1488344076041086,0.1488344076041086
fold,ResNet18,57,6,503,7,1,0.8151093439363817,0.8151093439363817,0.7971449068538617,0.6603289457824733,1.17754819501744,1.17754819501744
fold,ResNet18,57,7,389,6,1,0.48586118251928023,0.48586118251928023,0.7939593435113094,0.47513944821043863,3.2075907669619235,3.2075907669619235
fold,ResNet18,57,8,342,6,1,0.7514619883040936,0.7514619883040936,0.7774228595510929,0.5697987491514277,0.9384273345509954,0.9384273345509954
fold,ResNet18,57,9,238,7,1,0.9243697478991597,0.9243697478991597,0.8982197152655557,0.7970839238435494,0.2610575034737698,0.2610575034737698
fold,ResNet18,73,0,401,6,1,0.9226932668329177,0.9226932668329177,0.9140655549969275,0.5897817417677189,0.23262848300160308,0.23262848300160308
fold,ResNet18,73,1,284,6,1,0.8028169014084507,0.8028169014084507,0.5825047757597132,0.37748210241762753,0.5817949297057848,0.5817949297057848
fold,ResNet18,73,2,740,7,1,0.7662162162162162,0.7662162162162162,0.6987109415680843,0.5834004487313886,0.6731312619508448,0.6731312619508448
fold,ResNet18,73,3,381,6,1,0.8556430446194225,0.8556430446194225,0.7823002799838764,0.5779636576560223,0.39122684210892916,0.39122684210892916
fold,ResNet18,73,4,661,7,1,0.7851739788199698,0.7851739788199698,0.8031597271480587,0.6472928384187072,0.7673732281318346,0.7673732281318346
fold,ResNet18,73,5,1061,8,1,0.8916116870876531,0.8916116870876531,0.8596089906421991,0.7750673808868143,0.35491316270098494,0.35491316270098494
fold,ResNet18,73,6,503,7,1,0.7872763419483101,0.7872763419483101,0.7719436804343801,0.6301983300308048,1.351502825733636,1.351502825733636
fold,ResNet18,73,7,389,6,1,0.480719794344473,0.480719794344473,0.7777144809878732,0.4810969637175697,3.369572944870257,3.369572944870257
fold,ResNet18,73,8,342,6,1,0.7631578947368421,0.7631578947368421,0.7523990726252786,0.5734436351675805,0.7499859304298012,0.7499859304298012
fold,ResNet18,73,9,238,7,1,0.957983193277311,0.957983193277311,0.9446023384902842,0.8338589475805713,0.236077520135202,0.236077520135202
fold,ResNet18,89,0,401,6,1,0.9052369077306733,0.9052369077306733,0.7239626976146584,0.5164541040236276,0.3163398873977817,0.3163398873977817
fold,ResNet18,89,1,284,6,1,0.7535211267605634,0.7535211267605634,0.6083439134779286,0.3605429373693089,0.9864286169427129,0.9864286169427129
fold,ResNet18,89,2,740,7,1,0.7635135135135135,0.7635135135135135,0.6895302176814783,0.5682896037423127,0.7622742425222517,0.7622742425222517
fold,ResNet18,89,3,381,6,1,0.8976377952755905,0.8976377952755905,0.8903310237387108,0.6409715203192281,0.2623662313655169,0.2623662313655169
fold,ResNet18,89,4,661,7,1,0.8245083207261724,0.8245083207261724,0.8320759642817736,0.6869314429226067,0.5805880383429501,0.5805880383429501
fold,ResNet18,89,5,1061,8,1,0.8369462770970783,0.8369462770970783,0.8896465089578719,0.8076117894189951,0.4091783826966723,0.4091783826966723
fold,ResNet18,89,6,503,7,1,0.7793240556660039,0.7793240556660039,0.7658719565456418,0.6418329094417284,1.6822285813058648,1.6822285813058648
fold,ResNet18,89,7,389,6,1,0.4781491002570694,0.4781491002570694,0.7711851804556838,0.4606685966944521,2.3327375430676556,2.3327375430676556
fold,ResNet18,89,8,342,6,1,0.7953216374269005,0.7953216374269005,0.8000074769599387,0.5961518488445312,0.7906436494748865,0.7906436494748865
fold,ResNet18,89,9,238,7,1,0.957983193277311,0.957983193277311,0.9413943184401588,0.8306316305126169,0.14287690730642277,0.14287690730642277
fold,ResNet18,101,0,401,6,1,0.940149625935162,0.940149625935162,0.9320079883805374,0.6020857161757937,0.2007274458024586,0.2007274458024586
fold,ResNet18,101,1,284,6,1,0.7746478873239436,0.7746478873239436,0.617748486451537,0.36854195332968914,0.995571217877843,0.995571217877843
fold,ResNet18,101,2,740,7,1,0.8121621621621622,0.8121621621621622,0.736122417214854,0.6204934258978312,0.7172592700088455,0.7172592700088455
fold,ResNet18,101,3,381,6,1,0.910761154855643,0.910761154855643,0.8997396258892484,0.646857437290346,0.29032091348063965,0.29032091348063965
fold,ResNet18,101,4,661,7,1,0.8048411497730711,0.8048411497730711,0.8066941134282246,0.6614570290328197,0.6345177636593113,0.6345177636593113
fold,ResNet18,101,5,1061,8,1,0.8982092365692743,0.8982092365692743,0.9019072718887176,0.8298917236683964,0.3930244204003461,0.3930244204003461
fold,ResNet18,101,6,503,7,1,0.7892644135188867,0.7892644135188867,0.70847086536351,0.6103841925602205,1.596168152304046,1.596168152304046
fold,ResNet18,101,7,389,6,1,0.4781491002570694,0.4781491002570694,0.7786652258642506,0.4600563754713478,2.3749038085734275,2.3749038085734275
fold,ResNet18,101,8,342,6,1,0.7865497076023392,0.7865497076023392,0.7965481889305918,0.5988926007271387,0.8025570757228345,0.8025570757228345
fold,ResNet18,101,9,238,7,1,0.9621848739495799,0.9621848739495799,0.9443238645275996,0.8348633223071005,0.2594706736598786,0.2594706736598786
fold,ResNet18,131,0,401,6,1,0.9326683291770573,0.9326683291770573,0.9271514161220044,0.6067731076980654,0.23728436985642182,0.23728436985642182
fold,ResNet18,131,1,284,6,1,0.795774647887324,0.795774647887324,0.6592767295597485,0.43662470821877464,0.7270682258276067,0.7270682258276067
fold,ResNet18,131,2,740,7,1,0.8013513513513514,0.8013513513513514,0.7269062491751568,0.6167122851363127,0.6740207262300315,0.6740207262300315
fold,ResNet18,131,3,381,6,1,0.8556430446194225,0.8556430446194225,0.8579109062980032,0.6180166427875459,0.4279002195356249,0.4279002195356249
fold,ResNet18,131,4,661,7,1,0.8245083207261724,0.8245083207261724,0.8224268414747561,0.6731557280044996,0.721010406314223,0.721010406314223
fold,ResNet18,131,5,1061,8,1,0.8916116870876531,0.8916116870876531,0.9117377890072924,0.8624533753273902,0.3832294158190489,0.3832294158190489
fold,ResNet18,131,6,503,7,1,0.7872763419483101,0.7872763419483101,0.7539817970088956,0.6432104867176153,1.5254593196507247,1.5254593196507247
fold,ResNet18,131,7,389,6,1,0.493573264781491,0.493573264781491,0.7936107801575646,0.4613491116256261,2.93644842257739,2.93644842257739
fold,ResNet18,131,8,342,6,1,0.8304093567251462,0.8304093567251462,0.8461122172322613,0.6215582888771873,0.6402426895483259,0.6402426895483259
fold,ResNet18,131,9,238,7,1,0.957983193277311,0.957983193277311,0.9418175988634393,0.8279668522267206,0.1766662152962576,0.1766662152962576
fold,ResNet18,151,0,401,6,1,0.8728179551122195,0.8728179551122195,0.8570715323166304,0.5259494337080544,0.30928046942273385,0.30928046942273385
fold,ResNet18,151,1,284,6,1,0.7711267605633803,0.7711267605633803,0.5755010874037501,0.3931762545899633,0.9019091539113517,0.9019091539113517
fold,ResNet18,151,2,740,7,1,0.8108108108108109,0.8108108108108109,0.8292022081938049,0.6917071969533993,0.6248356932275462,0.6248356932275462
fold,ResNet18,151,3,381,6,1,0.8871391076115486,0.8871391076115486,0.8556067588325652,0.6209405495712927,0.33079940192895585,0.33079940192895585
fold,ResNet18,151,4,661,7,1,0.8275340393343419,0.8275340393343419,0.8386625959552969,0.6843859112921525,0.6660335075133145,0.6660335075133145
fold,ResNet18,151,5,1061,8,1,0.4062205466540999,0.4062205466540999,0.8064700209799451,0.6819524216145958,0.8662150973154266,0.8662150973154266
fold,ResNet18,151,6,503,7,1,0.8011928429423459,0.8011928429423459,0.7852006481857299,0.657471907761739,1.407456711406757,1.407456711406757
fold,ResNet18,151,7,389,6,1,0.5038560411311054,0.5038560411311054,0.7728514515843404,0.4756789061800565,1.1911576894290683,1.1911576894290683
fold,ResNet18,151,8,342,6,1,0.7748538011695907,0.7748538011695907,0.7772425087590373,0.5819336143665689,0.7301931288816815,0.7301931288816815
fold,ResNet18,151,9,238,7,1,0.9663865546218487,0.9663865546218487,0.9436221101416348,0.8344996407950404,0.17053861329658107,0.17053861329658107
fold,ResNet18,181,0,401,6,1,0.8977556109725686,0.8977556109725686,0.7265201664711469,0.523795197216062,0.2547935231304241,0.2547935231304241
fold,ResNet18,181,1,284,6,1,0.7464788732394366,0.7464788732394366,0.63222616528537,0.36477161175426864,0.743949118799339,0.743949118799339
fold,ResNet18,181,2,740,7,1,0.7878378378378378,0.7878378378378378,0.7508637475024029,0.617225326346897,0.7598335230509139,0.7598335230509139
fold,ResNet18,181,3,381,6,1,0.8792650918635171,0.8792650918635171,0.8502304147465439,0.6129214728479435,0.36364713298636075,0.36364713298636075
fold,ResNet18,181,4,661,7,1,0.8714069591527988,0.8714069591527988,0.8732371744350393,0.7277395755017377,0.3746446327773985,0.3746446327773985
fold,ResNet18,181,5,1061,8,1,0.9180018850141376,0.9180018850141376,0.9145128031066146,0.8565765797438547,0.3043321777445969,0.3043321777445969
fold,ResNet18,181,6,503,7,1,0.7952286282306164,0.7952286282306164,0.7798257198691531,0.6082631462322774,1.2516621732933992,1.2516621732933992
fold,ResNet18,181,7,389,6,1,0.4704370179948586,0.4704370179948586,0.7711890595391119,0.4609342411050418,4.036450463172513,4.036450463172513
fold,ResNet18,181,8,342,6,1,0.7543859649122807,0.7543859649122807,0.7891914706131224,0.5825188960050707,1.0767140478434993,1.0767140478434993
fold,ResNet18,181,9,238,7,1,0.9369747899159664,0.9369747899159664,0.9260782504925119,0.8058811936936937,0.20843546125222023,0.20843546125222023
fold,UNI,11,0,401,6,1,0.9775561097256857,0.9775561097256857,0.9753540305010894,0.7267203737800991,0.11029644697532989,0.11029644697532989
fold,UNI,11,1,284,6,1,0.9049295774647887,0.9049295774647887,0.8745047169811321,0.581710763087907,0.27976209115326195,0.27976209115326195
fold,UNI,11,2,740,7,1,0.7918918918918919,0.7918918918918919,0.7882222214154987,0.7007774859042288,0.6009128252972372,0.6009128252972372
fold,UNI,11,3,381,6,1,0.9002624671916011,0.9002624671916011,0.9009216589861752,0.6311247700870881,0.2674977327303907,0.2674977327303907
fold,UNI,11,4,661,7,1,0.8456883509833586,0.8456883509833586,0.8461350900836998,0.6843400054788054,0.5268809277572228,0.5268809277572228
fold,UNI,11,5,1061,8,1,0.764373232799246,0.764373232799246,0.9035644224733208,0.8326082893831106,0.46505971643652216,0.46505971643652216
fold,UNI,11,6,503,7,1,0.8469184890656064,0.8469184890656064,0.8241455028021492,0.6792352513667674,0.7607119199891669,0.7607119199891669
fold,UNI,11,7,389,6,1,0.519280205655527,0.519280205655527,0.781953210865128,0.49529004517628017,1.27594327792976,1.27594327792976
fold,UNI,11,8,342,6,1,0.8099415204678363,0.8099415204678363,0.8471738499302667,0.6279729775302314,0.62266625987288,0.62266625987288
fold,UNI,11,9,238,7,1,0.9453781512605042,0.9453781512605042,0.9376102037756172,0.8108591726941934,0.22094763057100078,0.22094763057100078
fold,UNI,23,0,401,6,1,0.9551122194513716,0.9551122194513716,0.9449891067538126,0.6999760424368973,0.1497708426761223,0.1497708426761223
fold,UNI,23,1,284,6,1,0.8485915492957746,0.8485915492957746,0.6469654088050315,0.4909664634583728,0.3060330225612407,0.3060330225612407
fold,UNI,23,2,740,7,1,0.8162162162162162,0.8162162162162162,0.8051903392239527,0.6989781029510393,0.5716487028709827,0.5716487028709827
fold,UNI,23,3,381,6,1,0.9133858267716536,0.9133858267716536,0.9314516129032259,0.6458446349890128,0.26141930192145385,0.26141930192145385
fold,UNI,23,4,661,7,1,0.8411497730711044,0.8411497730711044,0.8497343003735754,0.6814255423956322,0.5095427324663286,0.5095427324663286
fold,UNI,23,5,1061,8,1,0.8661639962299718,0.8661639962299718,0.9379022412735952,0.8863569592858609,0.4819985029618518,0.4819985029618518
fold,UNI,23,6,503,7,1,0.8508946322067594,0.8508946322067594,0.8293930563690306,0.6844354917066935,0.8312280445068928,0.8312280445068928
fold,UNI,23,7,389,6,1,0.5295629820051414,0.5295629820051414,0.7774375883184174,0.49393516325231734,1.5972456948301779,1.5972456948301779
fold,UNI,23,8,342,6,1,0.8070175438596491,0.8070175438596491,0.8417975058442452,0.6252308051520898,0.5969241756597827,0.5969241756597827
fold,UNI,23,9,238,7,1,0.9705882352941176,0.9705882352941176,0.962705910074331,0.8402704933954934,0.13709707177529307,0.13709707177529307
fold,UNI,41,0,401,6,1,0.9625935162094763,0.9625935162094763,0.9547930283224401,0.7078691717464884,0.11694824452121014,0.11694824452121014
fold,UNI,41,1,284,6,1,0.8873239436619719,0.8873239436619719,0.7601100628930818,0.5521162520414616,0.2649942857317881,0.2649942857317881
fold,UNI,41,2,740,7,1,0.8,0.8,0.792128992969329,0.6975301207610245,0.7081227076802776,0.7081227076802776
fold,UNI,41,3,381,6,1,0.9133858267716536,0.9133858267716536,0.9354838709677419,0.6473683880864101,0.24676132382608718,0.24676132382608718
fold,UNI,41,4,661,7,1,0.8562783661119516,0.8562783661119516,0.8507752281647515,0.6797659227930819,0.5620715266490957,0.5620715266490957
fold,UNI,41,5,1061,8,1,0.8878416588124411,0.8878416588124411,0.9281529561322832,0.864774719628613,0.40711140480835833,0.40711140480835833
fold,UNI,41,6,503,7,1,0.852882703777336,0.852882703777336,0.830047863746527,0.6931392753717742,0.9663927566272291,0.9663927566272291
fold,UNI,41,7,389,6,1,0.5295629820051414,0.5295629820051414,0.7879465794796486,0.505427767767161,1.486462360852838,1.486462360852838
fold,UNI,41,8,342,6,1,0.7953216374269005,0.7953216374269005,0.8386857483207227,0.6155240075240076,0.572486002341933,0.572486002341933
fold,UNI,41,9,238,7,1,0.9663865546218487,0.9663865546218487,0.9461474198316304,0.835699185965798,0.1780071533732624,0.1780071533732624
fold,UNI,57,0,401,6,1,0.9650872817955112,0.9650872817955112,0.9571078431372548,0.7144146215285836,0.10858554270965383,0.10858554270965383
fold,UNI,57,1,284,6,1,0.9225352112676056,0.9225352112676056,0.8734827044025156,0.5915671757559047,0.27256848109024845,0.27256848109024845
fold,UNI,57,2,740,7,1,0.8040540540540541,0.8040540540540541,0.7973299922879755,0.7090217063022666,0.625138558807055,0.625138558807055
fold,UNI,57,3,381,6,1,0.89501312335958,0.89501312335958,0.9233870967741936,0.6390351458961644,0.27653459537458713,0.27653459537458713
fold,UNI,57,4,661,7,1,0.8426626323751891,0.8426626323751891,0.8362891308459828,0.6718304235339164,0.5686404098471882,0.5686404098471882
fold,UNI,57,5,1061,8,1,0.8030160226201697,0.8030160226201697,0.9122666480532562,0.8387639770122242,0.6524103508640319,0.6524103508640319
fold,UNI,57,6,503,7,1,0.8469184890656064,0.8469184890656064,0.8243910555687103,0.6797465999364789,0.8255187985695916,0.8255187985695916
fold,UNI,57,7,389,6,1,0.5269922879177378,0.5269922879177378,0.7765740304600408,0.4973858939655744,1.4109678354889652,1.4109678354889652
fold,UNI,57,8,342,6,1,0.7456140350877193,0.7456140350877193,0.8037905991940746,0.5772413338537639,0.6295612403877592,0.6295612403877592
fold,UNI,57,9,238,7,1,0.9831932773109243,0.9831932773109243,0.9730094466936572,0.855733082706767,0.10518581962313164,0.10518581962313164
fold,UNI,73,0,401,6,1,0.9625935162094763,0.9625935162094763,0.9557461873638345,0.705758952305005,0.1046558744088815,0.1046558744088815
fold,UNI,73,1,284,6,1,0.8661971830985915,0.8661971830985915,0.8519654088050315,0.5477776241796993,0.32645072828759775,0.32645072828759775
fold,UNI,73,2,740,7,1,0.8027027027027027,0.8027027027027027,0.7963403127268673,0.6944765234157084,0.6453066279977884,0.6453066279977884
fold,UNI,73,3,381,6,1,0.905511811023622,0.905511811023622,0.9062980030721967,0.6399865812198051,0.27448728516726456,0.27448728516726456
fold,UNI,73,4,661,7,1,0.848714069591528,0.848714069591528,0.8484858963446351,0.6743041528109404,0.5012038966373051,0.5012038966373051
fold,UNI,73,5,1061,8,1,0.6786050895381716,0.6786050895381716,0.8979048964218456,0.8212349942885118,0.6116005374137125,0.6116005374137125
fold,UNI,73,6,503,7,1,0.852882703777336,0.852882703777336,0.8310937366411394,0.6859692340379819,0.7158385334332661,0.7158385334332661
fold,UNI,73,7,389,6,1,0.5167095115681234,0.5167095115681234,0.7694834353901712,0.48881194574856546,1.3991934354073365,1.3991934354073365
fold,UNI,73,8,342,6,1,0.804093567251462,0.804093567251462,0.848910533023686,0.6184290758662742,0.5112642080824615,0.5112642080824615
fold,UNI,73,9,238,7,1,0.9621848739495799,0.9621848739495799,0.9420657871785691,0.8316183467130585,0.173598820170184,0.173598820170184
fold,UNI,89,0,401,6,1,0.970074812967581,0.970074812967581,0.9645969498910675,0.7164027250229033,0.10265917329076979,0.10265917329076979
fold,UNI,89,1,284,6,1,0.852112676056338,0.852112676056338,0.8474764150943397,0.5474743677375256,0.33154133525141183,0.33154133525141183
fold,UNI,89,2,740,7,1,0.8067567567567567,0.8067567567567567,0.8352617743374047,0.696698115434095,0.6015158700966402,0.6015158700966402
fold,UNI,89,3,381,6,1,0.9081364829396326,0.9081364829396326,0.9076420890937019,0.6366020269045787,0.25900255317974474,0.25900255317974474
fold,UNI,89,4,661,7,1,0.8335854765506808,0.8335854765506808,0.8333150092211661,0.6725591624609981,0.5309012078902396,0.5309012078902396
fold,UNI,89,5,1061,8,1,0.649387370405278,0.649387370405278,0.8814971751412429,0.7908351122571575,0.8163875766367878,0.8163875766367878
fold,UNI,89,6,503,7,1,0.8389662027833003,0.8389662027833003,0.816158332587376,0.6714496573562605,0.6696031157220251,0.6696031157220251
fold,UNI,89,7,389,6,1,0.5167095115681234,0.5167095115681234,0.7636803265818809,0.48768503585464545,1.4833095574009236,1.4833095574009236
fold,UNI,89,8,342,6,1,0.804093567251462,0.804093567251462,0.8342244021610844,0.612777870338846,0.5269524640887393,0.5269524640887393
fold,UNI,89,9,238,7,1,0.9663865546218487,0.9663865546218487,0.9473567924695744,0.8364207853338288,0.15461253368380323,0.15461253368380323
fold,UNI,101,0,401,6,1,0.970074812967581,0.970074812967581,0.965550108932462,0.7174160426040126,0.08546815225986662,0.08546815225986662
fold,UNI,101,1,284,6,1,0.8908450704225352,0.8908450704225352,0.8611320754716981,0.5784292702275449,0.3127758094301192,0.3127758094301192
fold,UNI,101,2,740,7,1,0.8162162162162162,0.8162162162162162,0.8393203019253439,0.693457941360907,0.6088175497312958,0.6088175497312958
fold,UNI,101,3,381,6,1,0.9133858267716536,0.9133858267716536,0.9076420890937021,0.6385328262237896,0.22719228461477411,0.22719228461477411
fold,UNI,101,4,661,7,1,0.8456883509833586,0.8456883509833586,0.847190598351224,0.6797009062225621,0.5071532571287177,0.5071532571287177
fold,UNI,101,5,1061,8,1,0.6352497643732328,0.6352497643732328,0.8886613308223478,0.7995490224872348,0.7117714106386681,0.7117714106386681
fold,UNI,101,6,503,7,1,0.8469184890656064,0.8469184890656064,0.8247912156327359,0.6896796193981581,0.9003254980240164,0.9003254980240164
fold,UNI,101,7,389,6,1,0.5141388174807198,0.5141388174807198,0.7954686764013189,0.5132276308109389,1.0236250613270392,1.0236250613270392
fold,UNI,101,8,342,6,1,0.7865497076023392,0.7865497076023392,0.8314875754204626,0.6051632992916962,0.5821096594682829,0.5821096594682829
fold,UNI,101,9,238,7,1,0.9705882352941176,0.9705882352941176,0.9521211354827653,0.8413796950498358,0.12532893444717572,0.12532893444717572
fold,UNI,131,0,401,6,1,0.9625935162094763,0.9625935162094763,0.9528867102396514,0.7040653191732329,0.11132560804050548,0.11132560804050548
fold,UNI,131,1,284,6,1,0.8838028169014085,0.8838028169014085,0.8491823899371069,0.5729911011073755,0.26668409672609833,0.26668409672609833
fold,UNI,131,2,740,7,1,0.8094594594594594,0.8094594594594594,0.799351341368148,0.6931480664494707,0.6236993581766797,0.6236993581766797
fold,UNI,131,3,381,6,1,0.9186351706036745,0.9186351706036745,0.9183947772657451,0.6488077478605838,0.2074852269189182,0.2074852269189182
fold,UNI,131,4,661,7,1,0.8547655068078669,0.8547655068078669,0.8479452365189705,0.6842467142653299,0.5435171426315796,0.5435171426315796
fold,UNI,131,5,1061,8,1,0.8312912346842601,0.8312912346842601,0.9134965473948524,0.8565054084658865,0.555871067208954,0.555871067208954
fold,UNI,131,6,503,7,1,0.8508946322067594,0.8508946322067594,0.8291475036024692,0.692953924981714,0.9093311394970022,0.9093311394970022
fold,UNI,131,7,389,6,1,0.5347043701799485,0.5347043701799485,0.7907709216517507,0.5127903973845621,1.3009907252716044,1.3009907252716044
fold,UNI,131,8,342,6,1,0.8099415204678363,0.8099415204678363,0.8462469779407761,0.6280866159734686,0.5481380392238242,0.5481380392238242
fold,UNI,131,9,238,7,1,0.9789915966386554,0.9789915966386554,0.9604450687157454,0.848316858886574,0.13617470676942273,0.13617470676942273
fold,UNI,151,0,401,6,1,0.9750623441396509,0.9750623441396509,0.9692265795206971,0.7205421172289783,0.09444469327501676,0.09444469327501676
fold,UNI,151,1,284,6,1,0.9084507042253521,0.9084507042253521,0.8778380503144655,0.5848249980545962,0.2652489649363659,0.2652489649363659
fold,UNI,151,2,740,7,1,0.7824324324324324,0.7824324324324324,0.7486011641473826,0.6593707230384742,0.6977340223211205,0.6977340223211205
fold,UNI,151,3,381,6,1,0.9002624671916011,0.9002624671916011,0.9062980030721967,0.6358232188342083,0.2844918846489466,0.2844918846489466
fold,UNI,151,4,661,7,1,0.8547655068078669,0.8547655068078669,0.851943242540313,0.6851748941800951,0.5331082955529928,0.5331082955529928
fold,UNI,151,5,1061,8,1,0.7681432610744581,0.7681432610744581,0.9239133053037271,0.8637142815417338,0.4708802608967958,0.4708802608967958
fold,UNI,151,6,503,7,1,0.852882703777336,0.852882703777336,0.8310937366411394,0.6938411585239487,0.8392443940061163,0.8392443940061163
fold,UNI,151,7,389,6,1,0.5089974293059126,0.5089974293059126,0.764726016643115,0.47989711751881214,1.408198585193874,1.408198585193874
fold,UNI,151,8,342,6,1,0.7953216374269005,0.7953216374269005,0.8376874002635512,0.6196171375446371,0.657616496193458,0.657616496193458
fold,UNI,151,9,238,7,1,0.9747899159663865,0.9747899159663865,0.9595141700404858,0.8431234335839599,0.10654972338770015,0.10654972338770015
fold,UNI,181,0,401,6,1,0.9775561097256857,0.9775561097256857,0.9744008714596949,0.7239182035327328,0.09153763556516856,0.09153763556516856
fold,UNI,181,1,284,6,1,0.9084507042253521,0.9084507042253521,0.88312106918239,0.5978904298238286,0.2688864304341685,0.2688864304341685
fold,UNI,181,2,740,7,1,0.8162162162162162,0.8162162162162162,0.8055815975984043,0.6907256287699994,0.5867211729331903,0.5867211729331903
fold,UNI,181,3,381,6,1,0.916010498687664,0.916010498687664,0.9157066052227343,0.6407178242727053,0.23794106316324676,0.23794106316324676
fold,UNI,181,4,661,7,1,0.8577912254160364,0.8577912254160364,0.854471970019388,0.6827695887762523,0.5143809557897294,0.5143809557897294
fold,UNI,181,5,1061,8,1,0.7502356267672008,0.7502356267672008,0.922747959824231,0.864911567949213,0.5899441180262888,0.5899441180262888
fold,UNI,181,6,503,7,1,0.8489065606361829,0.8489065606361829,0.8262463431382836,0.6896397306606707,0.9233215653738331,0.9233215653738331
fold,UNI,181,7,389,6,1,0.5089974293059126,0.5089974293059126,0.7610896530067514,0.4745962127541075,1.3520330717712965,1.3520330717712965
fold,UNI,181,8,342,6,1,0.7923976608187134,0.7923976608187134,0.8333094042347015,0.6149967150907598,0.6140674363231683,0.6140674363231683
fold,UNI,181,9,238,7,1,0.9831932773109243,0.9831932773109243,0.9645267013688067,0.8521125800735996,0.10233025665292923,0.10233025665292923
